sport,year,month,day,timestamp,total_distance_m,minutes_per_mile,total_elapsed_time_s,avg_heart_rate_bpm,steps_per_minute,total_ascent_m,total_descent_m
running,2020,4,22,2020-04-22T21:30:32Z,1609.34,6.53567251461988,392.13,151,153.015625,0,0
running,2020,4,22,2020-04-22T21:36:36Z,1609.34,6.07253792166629,364.326,178,156.25,0,0
running,2020,4,22,2020-04-22T21:43:33Z,1609.34,6.95962636222107,417.57,173,145.8125,2,2
running,2020,4,22,2020-04-22T21:47:26Z,898.69,6.49138431752178,217.521,184,149.734375,0,2
running,2020,4,23,2020-04-23T00:18:50Z,1609.34,7.16793158738642,430.022,145,149.4375,2,2
running,2020,4,23,2020-04-23T00:25:25Z,1609.34,6.58865143699337,395.365,176,149.546875,2,2
running,2020,4,23,2020-04-23T00:31:46Z,1609.34,6.34399243140965,380.668,185,138.828125,2,2
running,2020,4,23,2020-04-23T00:35:17Z,772.4,7.2200269179004,207.919,182,127.015625,0,0
running,2020,4,24,2020-04-24T02:46:30Z,1609.34,6.72915203211239,403.733,148,152.140625,0,0
running,2020,4,24,2020-04-24T02:52:45Z,1609.34,6.24502910360885,374.743,175,154.46875,0,0
running,2020,4,24,2020-04-24T02:58:57Z,1609.34,6.20745197870863,372.444,184,154.90625,0,0
running,2020,4,24,2020-04-24T03:07:18Z,1609.34,8.34808590102708,500.94,156,135.796875,0,2
running,2020,4,24,2020-04-24T03:11:05Z,879.07,6.80253613999493,222.925,178,147.125,0,0
running,2020,4,25,2020-04-25T16:32:09Z,1609.34,7.81766248907024,469.039,149,146.140625,2,2
running,2020,4,25,2020-04-25T16:35:33Z,568.36,9.6275664034458,204.028,159,126.46875,0,0
running,2020,4,25,2020-04-25T16:56:34Z,1609.34,21.0206896551724,1260.829,122,61.46875,0,0
walking,2020,4,26,2020-04-26T01:29:28Z,1609.34,21.6309677419355,1298.112,88,22.875,2,0
walking,2020,4,26,2020-04-26T02:12:33Z,1609.34,43.1228295819936,2585.567,74,13.328125,2,0
walking,2020,4,26,2020-04-26T02:26:43Z,971.43,23.3035621198957,843.946,92,43.15625,0,0
running,2020,5,8,2020-05-08T00:23:51Z,1609.34,6.89699151452816,413.8,152,145.390625,0,0
running,2020,5,8,2020-05-08T00:30:03Z,1609.34,6.19741219963031,371.863,187,152.984375,2,4
running,2020,5,8,2020-05-08T00:32:45Z,285.62,6.22473891854259,66.287,194,151.75,0,0
running,2020,5,8,2020-05-08T00:40:30Z,1609.34,7.17560192616372,430.531,184,142.234375,0,0
running,2020,5,8,2020-05-08T00:40:55Z,69.69,6.83025210084034,17.746,193,150.109375,0,0
running,2020,5,8,2020-05-08T19:46:04Z,1609.34,7.55135135135135,453.043,156,135.546875,0,0
running,2020,5,8,2020-05-08T19:53:24Z,1436.96,6.83721641600816,436.498,171,149.328125,2,2
running,2020,5,13,2020-05-13T21:02:37Z,1609.34,7.37081615828524,442.274,132,151.34375,2,0
running,2020,5,13,2020-05-13T21:09:22Z,1609.34,6.76308623298033,405.758,166,152.046875,2,0
running,2020,5,13,2020-05-13T21:12:41Z,795.5,6.60813008130081,195.986,179,151.578125,0,2
running,2020,5,15,2020-05-15T00:28:53Z,1609.34,6.76991418475517,406.164,163,150.90625,2,2
running,2020,5,15,2020-05-15T00:34:47Z,1609.34,5.91322751322751,354.808,190,158.046875,2,2
running,2020,5,15,2020-05-15T00:42:40Z,1599.67,7.00323759791123,469.695,186,149.734375,2,2
running,2020,5,16,2020-05-16T00:51:39Z,1609.34,6.52613138686131,391.566,166,151.859375,2,0
running,2020,5,16,2020-05-16T00:58:00Z,1609.34,6.354513148543,381.27,186,152.03125,0,2
running,2020,5,16,2020-05-16T01:04:32Z,1609.34,6.5308984660336,391.896,193,151.59375,2,0
running,2020,5,16,2020-05-16T01:12:30Z,1609.34,6.97229009617884,477.615,191,148.34375,2,2
running,2020,5,16,2020-05-16T01:12:39Z,23.13,6.64578790882062,5.731,199,152,0,0
running,2020,5,16,2020-05-16T20:59:32Z,1609.34,7.70094745908699,462.101,156,137.28125,18,5
running,2020,5,16,2020-05-16T21:07:09Z,1609.34,7.62216538789429,457.272,173,142.8125,8,19
running,2020,5,16,2020-05-16T21:17:56Z,1609.34,10.0722493428464,646.417,169,120.484375,58,26
running,2020,5,16,2020-05-16T21:26:45Z,1473.77,8.79711380780584,525.974,176,133.75,29,55
walking,2020,5,17,2020-05-17T19:59:19Z,1609.34,16.0805755395683,964.61,100,94.890625,8,70
walking,2020,5,17,2020-05-17T20:15:55Z,1609.34,16.5980198019802,995.604,94,85.3125,0,0
walking,2020,5,17,2020-05-17T20:20:16Z,280.56,24.630303030303,257.568,96,60.640625,0,0
running,2020,5,17,2020-05-17T20:28:16Z,1609.34,7.23756071235834,434.2,151,149.796875,7,0
running,2020,5,17,2020-05-17T20:35:38Z,1609.34,6.97229009617884,442.709,165,148.8125,0,2
running,2020,5,17,2020-05-17T20:42:32Z,1609.34,6.89521850899743,413.752,176,150.640625,0,0
running,2020,5,17,2020-05-17T20:52:48Z,1609.34,10.2689127105666,616.178,146,128.578125,0,0
running,2020,5,17,2020-05-17T20:53:40Z,174.89,7.61135073779796,49.634,168,150.375,0,0
walking,2020,5,17,2020-05-17T21:41:44Z,1112.54,11.9689424364123,496.485,103,46.390625,10,0
walking,2020,5,17,2020-05-17T21:59:26Z,1609.34,17.6812129202373,1060.574,106,50.4375,2,0
walking,2020,5,17,2020-05-17T22:07:32Z,752.37,17.1061224489796,479.863,107,79.59375,4,4
running,2020,5,19,2020-05-19T19:43:39Z,1609.34,7.25910690121786,439.522,153,150.3125,5,4
running,2020,5,19,2020-05-19T19:50:29Z,1609.34,6.84244897959184,410.547,171,150.375,0,0
running,2020,5,19,2020-05-19T19:53:14Z,473.52,6.60975850172499,116.678,177,150.15625,0,0
running,2020,5,19,2020-05-19T19:57:12Z,813.97,5.34310756972112,162.144,180,163.5,7,0
running,2020,5,19,2020-05-19T20:01:17Z,796.56,5.22141327623126,245.632,175,155.1875,0,2
running,2020,5,19,2020-05-19T20:10:27Z,1609.34,7.81766248907024,549.843,166,136.78125,0,0
running,2020,5,19,2020-05-19T20:17:41Z,1609.34,6.85468949654996,433.489,185,149.890625,2,0
running,2020,5,19,2020-05-19T20:18:15Z,109.28,7.62649985783338,31.074,190,150.90625,5,0
running,2020,5,21,2020-05-21T03:04:01Z,1609.34,7.01055933089388,420.665,165,149.5625,2,2
running,2020,5,21,2020-05-21T03:11:39Z,1609.34,6.88283294842186,457.957,175,149.0625,5,2
running,2020,5,21,2020-05-21T03:18:38Z,1609.34,6.97591677503251,418.595,175,149.875,0,2
running,2020,5,21,2020-05-21T03:24:09Z,1110.33,7.80855895196507,323.232,179,128.125,0,2
running,2020,5,22,2020-05-22T03:14:37Z,1609.34,6.94341185607041,416.569,150,150.9375,4,5
running,2020,5,22,2020-05-22T03:21:23Z,1609.34,6.7664984863774,405.995,169,151.015625,0,0
running,2020,5,22,2020-05-22T03:27:57Z,1609.34,6.56446402349486,393.822,176,151.015625,0,0
running,2020,5,22,2020-05-22T03:30:35Z,623.25,6.66892093485828,154.975,180,150.53125,0,0
training,2020,5,22,2020-05-22T17:03:33Z,42949672.95,6.2450766577956e-06,30,59,513.984375,65535,65535
training,2020,5,22,2020-05-22T17:03:36Z,42949672.95,6.2450766577956e-06,3,59,513.984375,65535,65535
training,2020,5,22,2020-05-22T17:03:39Z,42949672.95,6.2450766577956e-06,3,58,513.984375,65535,65535
training,2020,5,22,2020-05-22T17:03:42Z,42949672.95,6.2450766577956e-06,3,57,513.984375,65535,65535
training,2020,5,22,2020-05-22T17:03:42Z,42949672.95,6.2450766577956e-06,0.142,255,513.984375,65535,65535
training,2020,5,22,2020-05-22T17:03:46Z,42949672.95,6.2450766577956e-06,3.647,57,513.984375,65535,65535
training,2020,5,22,2020-05-22T17:04:39Z,42949672.95,6.2450766577956e-06,27.443,64,513.984375,65535,65535
running,2020,5,23,2020-05-23T00:17:55Z,1609.34,6.73760361718161,435.226,134,149.5625,2,0
running,2020,5,23,2020-05-23T00:20:48Z,700.96,6.63756495916852,173.447,164,151.953125,0,2
running,2020,5,23,2020-05-23T00:23:32Z,824.77,5.32507444907683,163.733,180,165.8125,2,2
running,2020,5,23,2020-05-23T00:24:54Z,118.59,18.4982068965517,81.809,156,100.765625,0,0
running,2020,5,23,2020-05-23T00:27:37Z,814.13,5.39469026548673,163.735,151,163.734375,2,2
running,2020,5,23,2020-05-23T00:36:04Z,1609.34,7.69873708381171,506.999,162,136.84375,5,5
running,2020,5,23,2020-05-23T00:38:52Z,501.93,6.90409266409266,159.777,176,139.359375,0,0
running,2020,5,23,2020-05-23T18:32:29Z,1609.34,7.71423641069888,462.793,136,139.109375,5,5
running,2020,5,23,2020-05-23T18:39:27Z,1609.34,6.96866718628215,418.074,164,153,0,0
running,2020,5,23,2020-05-23T18:46:17Z,1609.34,6.83721641600816,410.225,168,152.515625,0,0
running,2020,5,23,2020-05-23T18:54:14Z,1609.34,6.87753846153846,476.857,170,149.703125,0,0
running,2020,5,23,2020-05-23T19:00:24Z,1609.34,6.16748677856979,370.06,178,154.953125,0,0
running,2020,5,23,2020-05-23T19:03:30Z,636.4,6.44614275414564,181.861,174,154.3125,0,0
running,2020,5,25,2020-05-25T03:13:05Z,1609.34,7.1929203539823,431.601,145,148.734375,4,5
running,2020,5,25,2020-05-25T03:19:47Z,1609.34,6.70392401899525,402.283,163,150.953125,0,0
running,2020,5,25,2020-05-25T03:27:14Z,1609.34,6.84594180704441,447.346,165,147.046875,2,5
running,2020,5,25,2020-05-25T03:34:07Z,1609.34,6.88459958932238,413.043,168,147.203125,0,0
running,2020,5,25,2020-05-25T03:41:36Z,1608.92,6.60650246305419,396.296,177,151.28125,0,0
walking,2020,5,25,2020-05-25T17:29:27Z,1609.34,23.4256768558952,1405.45,109,87.4375,100,28
walking,2020,5,25,2020-05-25T17:50:54Z,1609.34,21.45792,1287.469,96,95.84375,20,5
walking,2020,5,25,2020-05-25T18:17:23Z,1609.34,26.4781836130306,1588.74,106,72.5625,50,21
walking,2020,5,25,2020-05-25T18:45:39Z,1336.4,26.3481335952849,1312.638,110,75.28125,46,31
walking,2020,5,25,2020-05-25T20:04:18Z,1609.34,29.7365853658537,1784.658,110,70.09375,101,26
walking,2020,5,25,2020-05-25T20:36:06Z,1495.7,32.8303549571604,1831.835,135,65.5625,197,14
walking,2020,5,25,2020-05-25T21:31:15Z,1609.34,24.4506836827712,1467.247,102,88.046875,19,232
walking,2020,5,25,2020-05-25T21:54:27Z,1609.34,23.20276816609,1392.376,116,96.34375,17,62
walking,2020,5,25,2020-05-25T22:16:19Z,1609.34,21.8779771615008,1312.39,116,94.875,20,21
walking,2020,5,25,2020-05-25T22:45:24Z,1609.34,29.0915401301518,1744.942,113,72.796875,7,105
walking,2020,5,25,2020-05-25T22:45:30Z,1.68,61.8027649769585,3.882,105,76.75,0,0
running,2020,5,27,2020-05-27T14:18:31Z,1609.34,7.24342425060762,443.483,146,146.5,2,37
running,2020,5,27,2020-05-27T14:25:36Z,1609.34,7.08837209302326,425.269,165,150.546875,10,2
running,2020,5,27,2020-05-27T14:32:42Z,1609.34,6.93981888745149,425.954,170,149.078125,0,10
running,2020,5,27,2020-05-27T14:39:50Z,1609.34,7.13551476456504,428.075,175,150.953125,2,5
running,2020,5,27,2020-05-27T14:46:55Z,1609.34,7.08088701161563,424.878,181,150.75,0,0
running,2020,5,27,2020-05-27T14:56:27Z,1609.34,7.13741351782863,571.727,175,150.203125,0,0
running,2020,5,27,2020-05-27T14:58:25Z,382.75,7.8519906323185,112.058,183,140.953125,7,0
running,2020,5,29,2020-05-29T03:34:40Z,1609.34,6.8407039020658,410.437,150,150.5625,0,0
running,2020,5,29,2020-05-29T03:41:45Z,1609.34,6.93802379720641,424.884,164,146,0,0
running,2020,5,29,2020-05-29T03:49:02Z,1609.34,7.0827567995775,437.045,170,146.984375,0,0
running,2020,5,29,2020-05-29T03:55:38Z,1609.34,6.58703339882122,395.251,176,150.484375,0,0
running,2020,5,29,2020-05-29T03:58:21Z,576.94,6.64249628528975,142.863,182,151.0625,2,2
running,2020,5,30,2020-05-30T00:09:21Z,1609.34,7.73871898442008,464.334,137,146.53125,2,4
running,2020,5,30,2020-05-30T00:17:34Z,1609.34,8.01865470852018,493.166,158,147.234375,12,10
running,2020,5,30,2020-05-30T00:24:50Z,1609.34,7.2610720086627,435.707,165,152.71875,0,2
running,2020,5,30,2020-05-30T00:31:58Z,1609.34,7.13551476456504,428.123,173,144.71875,4,4
running,2020,5,30,2020-05-30T00:38:48Z,1609.34,6.83025210084034,409.853,180,148.046875,3,2
running,2020,5,30,2020-05-30T00:39:31Z,148.73,7.36676737160121,40.847,183,142.484375,0,0
running,2020,5,30,2020-05-30T22:45:15Z,1609.34,7.83593339176161,470.213,158,148.921875,45,5
running,2020,5,30,2020-05-30T22:53:18Z,1188.19,10.4205128205128,483.448,178,152.15625,120,24
running,2020,5,30,2020-05-30T23:04:19Z,1609.34,9.04329062710721,661.067,162,141.796875,19,54
running,2020,5,30,2020-05-30T23:15:24Z,1609.34,9.53854907539118,664.943,169,140.65625,116,17
running,2020,5,30,2020-05-30T23:16:48Z,229.39,8.94676450967311,76.515,168,123.21875,0,5
running,2020,5,31,2020-05-31T23:21:43Z,1609.34,7.20451248992748,432.214,147,149.140625,0,0
running,2020,5,31,2020-05-31T23:28:46Z,1609.34,7.06410323939953,423.805,165,150.15625,2,0
running,2020,5,31,2020-05-31T23:35:52Z,1609.34,7.08649933949802,425.176,167,150.765625,3,0
running,2020,5,31,2020-05-31T23:42:51Z,1609.34,6.81463414634146,419.96,171,148.875,9,12
running,2020,5,31,2020-05-31T23:49:50Z,1609.34,6.98136387298282,418.863,177,151.03125,2,2
running,2020,5,31,2020-05-31T23:56:45Z,1609.34,6.91477184841454,414.887,179,151.046875,0,2
running,2020,6,1,2020-06-01T00:03:28Z,1609.34,6.71735537190083,403.061,182,151.53125,0,0
running,2020,6,1,2020-06-01T00:10:04Z,1609.34,6.58865143699337,395.278,187,152.421875,0,0
running,2020,6,1,2020-06-01T00:12:00Z,345.05,6.61138772491989,85.048,192,154.328125,0,0
running,2020,6,2,2020-06-02T00:32:17Z,1609.34,7.32052401746725,449.641,147,149.046875,2,0
running,2020,6,2,2020-06-02T00:34:23Z,406.4,7.08837209302326,125.416,161,148.578125,0,0
running,2020,6,2,2020-06-02T00:36:16Z,541.83,5.62904512067156,113.719,162,161.046875,0,0
running,2020,6,2,2020-06-02T00:37:20Z,212.53,8.04752475247525,63.772,171,151.0625,0,0
running,2020,6,2,2020-06-02T00:39:17Z,582.52,5.4055622732769,117.395,178,166.09375,0,0
running,2020,6,2,2020-06-02T00:40:17Z,185.94,8.63289346636627,59.846,176,150.34375,2,0
running,2020,6,2,2020-06-02T00:50:16Z,1490.35,6.57089661930426,522.12,166,153.28125,4,2
cycling,2020,6,3,2020-06-03T03:07:32Z,6758.57,6.83895971443141,1723.239,158,513.984375,0,2
running,2020,6,4,2020-06-04T02:51:08Z,1609.34,6.84244897959184,433.061,152,150.6875,0,0
running,2020,6,4,2020-06-04T02:57:45Z,1609.34,6.61464858199753,396.835,169,151.90625,2,4
running,2020,6,4,2020-06-04T03:04:13Z,1520.7,6.68387739845502,378.942,175,151.46875,2,0
running,2020,6,6,2020-06-06T22:08:48Z,1609.34,6.70057456907319,448.909,149,148.359375,25,119
running,2020,6,6,2020-06-06T22:16:17Z,1609.34,7.49647847959754,449.746,169,148.640625,71,101
running,2020,6,6,2020-06-06T22:27:44Z,1609.34,11.2227615062762,673.245,175,132.078125,147,0
running,2020,6,6,2020-06-06T22:29:07Z,224.74,9.26507772020725,77.624,184,140.6875,7,3
running,2020,6,6,2020-06-06T23:23:51Z,1609.34,6.4,383.986,154,151.78125,5,128
running,2020,6,6,2020-06-06T23:32:47Z,1609.34,8.94378126042014,536.602,176,145.859375,128,11
running,2020,6,6,2020-06-06T23:33:57Z,228.69,7.44859761177451,63.508,185,153.84375,11,0
running,2020,6,7,2020-06-07T23:00:32Z,1609.34,7.21420118343195,432.83,149,151.3125,2,0
running,2020,6,7,2020-06-07T23:07:58Z,1609.34,7.43208645054032,445.885,165,148.46875,0,0
running,2020,6,7,2020-06-07T23:14:59Z,1609.34,7.02157068062827,421.275,166,146.5625,4,5
running,2020,6,7,2020-06-07T23:23:43Z,1609.34,7.45688073394495,523.973,160,141.453125,0,0
running,2020,6,7,2020-06-07T23:30:58Z,1609.34,7.2492972972973,435.008,171,149.109375,9,5
running,2020,6,7,2020-06-07T23:38:24Z,1609.34,7.43414634146341,446.041,170,143.921875,0,0
running,2020,6,7,2020-06-07T23:45:36Z,1609.34,7.19678025221358,431.765,177,145.890625,0,4
running,2020,6,7,2020-06-07T23:53:50Z,1609.34,8.23530856616518,494.175,167,139.546875,2,2
running,2020,6,8,2020-06-08T00:01:02Z,1609.34,7.19484978540772,431.653,178,149.359375,5,4
running,2020,6,8,2020-06-08T00:01:20Z,55.74,6.97954722872756,14.505,181,152.140625,0,0
running,2020,6,9,2020-06-09T00:05:34Z,388.08,7.19099195710456,104.037,131,151.890625,0,0
running,2020,6,9,2020-06-09T00:12:47Z,1609.34,7.03630640083945,422.146,143,149.609375,31,0
running,2020,6,9,2020-06-09T00:19:51Z,1609.34,7.06224328593997,423.745,162,150.703125,0,0
running,2020,6,9,2020-06-09T00:25:06Z,1182.78,6.98681948424069,308.118,168,151.296875,0,2
running,2020,6,11,2020-06-11T00:43:56Z,1609.34,6.60650246305419,396.359,151,151.3125,0,0
running,2020,6,11,2020-06-11T00:50:11Z,1609.34,6.24357541899441,374.63,182,154.328125,0,2
running,2020,6,11,2020-06-11T00:58:14Z,1609.34,6.91655492521918,483.462,178,145.609375,2,0
running,2020,6,11,2020-06-11T01:06:14Z,1609.34,7.98999106344951,479.426,184,148.96875,0,0
running,2020,6,11,2020-06-11T01:06:24Z,17.55,8.69445705024311,5.689,188,150.59375,0,0
running,2020,6,12,2020-06-12T00:03:25Z,1609.34,7.10150913423352,426.093,150,150.125,7,7
running,2020,6,12,2020-06-12T00:10:21Z,1609.34,6.93085271317829,415.874,169,150.84375,0,2
running,2020,6,12,2020-06-12T00:17:07Z,1609.34,6.77162332744257,406.304,179,151.140625,0,2
running,2020,6,12,2020-06-12T00:23:51Z,1609.34,6.72240601503759,403.303,189,150.765625,11,8
running,2020,6,12,2020-06-12T00:25:23Z,333.27,7.06596417281349,87.783,189,150.765625,0,2
running,2020,6,12,2020-06-12T23:13:50Z,1609.34,6.92548412083656,415.532,148,150.859375,5,4
running,2020,6,12,2020-06-12T23:20:33Z,1609.34,6.72409125094009,403.431,169,151.734375,0,0
running,2020,6,12,2020-06-12T23:26:44Z,1609.34,6.18883248730965,371.311,180,154.25,0,0
running,2020,6,12,2020-06-12T23:29:51Z,887.4,5.62904512067156,186.227,192,158.625,0,0
running,2020,6,12,2020-06-12T23:33:57Z,676.49,9.79277108433735,246.973,162,130.015625,0,0
running,2020,6,12,2020-06-12T23:35:15Z,404.62,5.15220898962735,77.717,190,168.46875,0,0
running,2020,6,12,2020-06-12T23:44:35Z,1609.34,9.32304483837331,559.37,165,131.859375,12,10
running,2020,6,12,2020-06-12T23:46:51Z,446.61,7.50486849468383,124.966,177,150.390625,0,2
running,2020,6,13,2020-06-13T23:27:12Z,987.28,6.97229009617884,256.667,151,148.0625,0,2
running,2020,6,13,2020-06-13T23:34:21Z,1609.34,7.15645677694771,429.389,168,149.71875,17,2
running,2020,6,13,2020-06-13T23:41:28Z,1609.34,7.12036102999735,427.168,173,152.484375,53,54
running,2020,6,13,2020-06-13T23:48:34Z,1609.34,7.09024583663759,425.447,176,151.78125,58,45
running,2020,6,13,2020-06-13T23:53:37Z,800.46,7.60703346568349,227.043,173,145.515625,9,36
running,2020,6,14,2020-06-14T19:44:55Z,1609.34,7.06782608695652,424.063,154,151.109375,0,0
running,2020,6,14,2020-06-14T19:51:56Z,1609.34,6.79564225994426,420.897,168,148.578125,0,0
running,2020,6,14,2020-06-14T19:58:52Z,1609.34,6.93264409408116,416.005,173,151.078125,4,2
running,2020,6,14,2020-06-14T20:05:55Z,1609.34,6.7613813965213,423.257,178,150.25,6,0
running,2020,6,14,2020-06-14T20:12:39Z,1609.34,6.72409125094009,403.482,183,152.03125,3,2
running,2020,6,14,2020-06-14T20:18:59Z,1413.61,6.70057456907319,353.144,187,150,0,2
running,2020,6,14,2020-06-14T20:35:09Z,1609.34,6.87049180327869,412.257,169,151.921875,0,4
running,2020,6,14,2020-06-14T20:42:35Z,1609.34,6.91120845143004,446.759,180,150.6875,0,0
running,2020,6,14,2020-06-14T20:43:00Z,11.77,5.67669841269841,2.492,186,151.328125,0,0
running,2020,6,14,2020-06-14T20:53:14Z,1469.4,6.6755599800896,365.739,175,151.265625,4,2
running,2020,6,17,2020-06-17T03:24:59Z,1609.34,6.98681948424069,429.057,145,147.828125,6,0
running,2020,6,17,2020-06-17T03:26:14Z,296.7,6.74947156517363,74.66,163,151.34375,0,0
running,2020,6,17,2020-06-17T03:31:57Z,1609.34,5.71418832552194,342.873,171,162,0,2
running,2020,6,17,2020-06-17T03:32:04Z,32.01,5.84748201438849,6.978,187,160.328125,0,0
running,2020,6,17,2020-06-17T03:34:44Z,200.74,21.4065442936951,160.168,135,96.859375,0,0
running,2020,6,17,2020-06-17T03:39:02Z,978.52,6.6755599800896,257.832,143,145.375,0,0
running,2020,6,17,2020-06-17T03:40:55Z,570.25,5.34523714627342,113.638,146,164.640625,0,2
running,2020,6,17,2020-06-17T03:51:36Z,1609.34,8.36109725685786,640.914,160,143.578125,2,0
running,2020,6,17,2020-06-17T03:55:59Z,911.57,7.59626168224299,258.137,173,150.890625,0,2
running,2020,6,18,2020-06-18T03:20:23Z,1609.34,7.42797009138743,455.906,144,148.9375,4,4
running,2020,6,18,2020-06-18T03:27:20Z,1609.34,6.94700854700855,416.863,155,151.6875,0,0
running,2020,6,18,2020-06-18T03:34:26Z,1609.34,6.93264409408116,426.387,161,149.46875,0,0
running,2020,6,18,2020-06-18T03:36:52Z,520.88,7.00506659702272,136.048,167,150.625,4,2
running,2020,6,19,2020-06-19T14:47:38Z,1609.34,7.16410256410256,463.955,149,150.078125,2,0
running,2020,6,19,2020-06-19T14:54:44Z,1609.34,7.04925098554533,426.187,164,152.140625,10,2
running,2020,6,19,2020-06-19T15:01:40Z,1609.34,6.85819483508054,415.965,168,151.09375,0,11
running,2020,6,19,2020-06-19T15:08:34Z,1609.34,6.89167523124358,413.498,174,152.296875,0,2
running,2020,6,19,2020-06-19T15:15:40Z,1609.34,6.99410691003911,426.375,178,152.546875,2,0
running,2020,6,19,2020-06-19T15:18:24Z,633.1,6.81983218916857,160.968,178,152.578125,5,4
running,2020,6,20,2020-06-20T20:02:40Z,1609.34,8.79422950819672,632.552,149,148.21875,48,17
running,2020,6,20,2020-06-20T20:12:22Z,1609.34,9.70770901194354,582.465,177,151.578125,98,3
running,2020,6,20,2020-06-20T20:22:48Z,1609.34,9.7963476990504,625.27,174,147.703125,64,29
running,2020,6,20,2020-06-20T20:31:40Z,1609.34,8.87864945382324,532.694,166,151.171875,4,74
running,2020,6,20,2020-06-20T20:38:16Z,1079.53,8.78271119842829,353.513,153,151.3125,0,103
running,2020,6,21,2020-06-21T14:47:36Z,1609.34,7.2610720086627,435.676,140,150.109375,5,4
running,2020,6,21,2020-06-21T14:54:47Z,1609.34,7.18328869844671,431.006,159,151.46875,0,0
running,2020,6,21,2020-06-21T15:02:00Z,1609.34,7.21420118343195,432.904,163,151.90625,7,5
running,2020,6,21,2020-06-21T15:09:07Z,1609.34,7.11092258748674,426.631,168,151.6875,2,2
running,2020,6,21,2020-06-21T15:16:11Z,1609.34,7.07155286053256,424.303,173,151.953125,0,0
running,2020,6,21,2020-06-21T15:23:17Z,1609.34,7.09399629727585,425.681,176,151.9375,4,5
running,2020,6,21,2020-06-21T15:30:18Z,1609.34,7.01606068532566,420.977,178,151.625,0,6
running,2020,6,21,2020-06-21T15:37:33Z,1609.34,7.25517987557479,435.279,179,151.671875,4,0
running,2020,6,21,2020-06-21T15:39:10Z,371.36,6.6441416893733,91.983,180,151.5625,0,2
running,2020,6,23,2020-06-23T14:53:10Z,1609.34,7.18521296544334,431.117,149,149.640625,0,0
running,2020,6,23,2020-06-23T15:00:11Z,1609.34,7.0197330541743,421.134,162,151.734375,10,0
running,2020,6,23,2020-06-23T15:05:58Z,1609.34,5.78193576201768,346.926,178,159.46875,0,13
running,2020,6,23,2020-06-23T15:10:09Z,1133.75,5.94731707317073,251.381,187,158.921875,2,0
running,2020,6,23,2020-06-23T15:18:53Z,1609.34,8.73978494623656,524.301,160,135.96875,0,2
running,2020,6,23,2020-06-23T15:24:55Z,1271.08,7.15454787943452,344.536,179,149.9375,0,0
running,2020,6,24,2020-06-24T14:27:36Z,1609.34,8.16014602981442,530.734,123,119.90625,0,0
running,2020,6,24,2020-06-24T14:35:06Z,1609.34,7.4922905027933,449.571,153,135.5625,2,2
running,2020,6,24,2020-06-24T14:42:44Z,1609.34,7.4197510373444,458.378,156,130.921875,2,4
running,2020,6,24,2020-06-24T14:50:27Z,1609.34,7.46518229891456,462.736,159,136.78125,2,2
running,2020,6,24,2020-06-24T14:50:37Z,18.17,7.39520264681555,5.009,161,123,0,0
running,2020,6,26,2020-06-26T03:31:29Z,1609.34,7.04184825413494,422.552,148,150.234375,2,2
running,2020,6,26,2020-06-26T03:38:18Z,1609.34,6.81636594663278,408.964,167,151,10,10
running,2020,6,26,2020-06-26T03:39:41Z,298.18,7.20451248992748,83.188,170,151,0,2
running,2020,6,26,2020-06-26T03:45:30Z,1609.34,5.81452417082159,348.863,183,157.953125,2,2
running,2020,6,26,2020-06-26T03:51:10Z,1609.34,5.66231792273591,339.762,191,157.53125,0,4
running,2020,6,26,2020-06-26T03:55:08Z,377.79,16.8906801007557,237.902,140,106.546875,0,0
running,2020,6,26,2020-06-26T04:02:29Z,1609.34,7.34457831325301,440.683,171,149.921875,0,2
running,2020,6,26,2020-06-26T04:09:49Z,1609.34,7.27288503253796,440.95,180,149.53125,2,5
running,2020,6,26,2020-06-26T04:10:56Z,236.78,7.00140955364135,61.812,178,150.484375,0,0
running,2020,6,27,2020-06-27T02:39:36Z,1609.34,6.93264409408116,415.922,153,152.484375,0,0
running,2020,6,27,2020-06-27T02:46:08Z,1609.34,6.5308984660336,391.862,168,152.953125,2,2
running,2020,6,27,2020-06-27T02:52:48Z,1609.34,6.66560636182903,399.984,172,150.75,0,2
running,2020,6,27,2020-06-27T02:57:45Z,960.43,6.97591677503251,293.622,167,142.359375,0,0
running,2020,6,27,2020-06-27T23:21:52Z,1609.34,7.17752207653198,430.605,165,152.40625,90,11
running,2020,6,27,2020-06-27T23:31:23Z,1609.34,7.45688073394495,571.837,171,151.734375,76,43
running,2020,6,27,2020-06-27T23:40:24Z,1609.34,7.00506659702272,540.764,167,147.34375,9,63
running,2020,6,27,2020-06-27T23:47:56Z,1609.34,6.83025210084034,451.646,175,150.34375,5,48
running,2020,6,27,2020-06-27T23:49:04Z,122.28,14.1543007915567,64.515,177,122.875,2,0
running,2020,6,28,2020-06-28T21:09:48Z,1609.34,7.19484978540772,464.547,148,150.015625,4,0
running,2020,6,28,2020-06-28T21:16:41Z,1609.34,6.88990495761623,413.359,164,151.546875,0,0
running,2020,6,28,2020-06-28T21:23:41Z,1609.34,6.99593114241002,419.808,169,151.171875,2,2
running,2020,6,28,2020-06-28T21:30:28Z,1609.34,6.77504420308159,406.538,174,151.5,5,0
running,2020,6,28,2020-06-28T21:37:19Z,1609.34,6.85468949654996,411.329,177,151.359375,2,8
running,2020,6,28,2020-06-28T21:44:19Z,1609.34,6.99410691003911,419.618,181,151.34375,2,0
running,2020,6,28,2020-06-28T21:51:21Z,1609.34,7.02893081761006,421.765,183,151.375,4,0
running,2020,6,28,2020-06-28T21:58:39Z,1609.34,7.31653027823241,438.939,183,151.28125,3,3
running,2020,6,28,2020-06-28T22:00:20Z,138.14,6.94520973588814,35.767,184,151.96875,0,0
running,2020,7,1,2020-07-01T02:15:48Z,1609.34,7.02708933717579,421.607,146,151.203125,0,2
running,2020,7,1,2020-07-01T02:23:04Z,1609.34,7.13931328187384,436.166,157,150.5625,0,0
running,2020,7,1,2020-07-01T02:30:09Z,1609.34,6.86521627847453,425.104,167,148.28125,0,2
running,2020,7,1,2020-07-01T02:40:33Z,1609.34,7.33654266958425,622.614,159,143.21875,4,6
running,2020,7,1,2020-07-01T02:44:35Z,940.67,6.83721641600816,239.81,174,151.140625,0,0
running,2020,7,2,2020-07-02T03:18:07Z,1609.34,7.43414634146341,450.282,146,150.578125,0,0
running,2020,7,2,2020-07-02T03:25:13Z,1609.34,7.09587301587302,425.755,160,151,2,4
running,2020,7,2,2020-07-02T03:32:05Z,1609.34,6.86345957011259,411.776,163,150.703125,0,2
running,2020,7,2,2020-07-02T03:39:09Z,1609.34,7.07715039577836,424.619,168,150.078125,2,2
running,2020,7,2,2020-07-02T03:46:39Z,1609.34,7.10338983050847,449.499,166,148.265625,5,5
running,2020,7,2,2020-07-02T03:46:48Z,22.79,7.53015160022459,6.396,166,150.328125,0,0
running,2020,7,2,2020-07-02T18:15:07Z,1609.34,7.51959629941127,458.156,134,148.953125,2,0
running,2020,7,2,2020-07-02T18:17:14Z,374.03,6.80426179604262,126.175,151,152.09375,0,2
running,2020,7,2,2020-07-02T18:23:06Z,1609.34,5.8692341356674,352.165,162,160.9375,2,2
running,2020,7,2,2020-07-02T18:31:18Z,1609.34,6.26545199719692,491.793,169,154.984375,2,2
running,2020,7,2,2020-07-02T18:37:27Z,1212.91,7.51748878923767,339.918,169,150.5,4,2
running,2020,7,2,2020-07-02T18:42:01Z,933.59,7.47142061281337,260.075,175,146.359375,21,0
running,2020,7,3,2020-07-03T23:48:29Z,1609.34,7.25910690121786,435.545,141,150.140625,2,0
running,2020,7,3,2020-07-03T23:55:30Z,1609.34,7.02157068062827,421.315,161,149.875,10,7
running,2020,7,4,2020-07-04T00:02:29Z,1609.34,6.98863991662324,419.327,170,149.9375,0,5
running,2020,7,4,2020-07-04T00:09:39Z,1609.34,7.16984763432237,430.227,176,150.25,2,5
running,2020,7,4,2020-07-04T00:16:48Z,1609.34,7.14692246203038,428.804,179,150.1875,0,0
running,2020,7,4,2020-07-04T00:24:08Z,1609.34,7.33052746652091,439.845,182,150.078125,2,2
running,2020,7,4,2020-07-04T00:31:35Z,1609.34,7.44652970571905,446.804,184,150.1875,7,2
running,2020,7,4,2020-07-04T00:32:08Z,118.08,6.82851323828921,30.063,184,150.53125,0,0
running,2020,7,5,2020-07-05T13:58:07Z,1609.34,7.87967097532315,472.837,140,150.328125,4,0
running,2020,7,5,2020-07-05T14:05:52Z,1609.34,7.76335745296671,465.837,142,150.1875,2,2
running,2020,7,5,2020-07-05T14:14:14Z,1609.34,8.35849174197569,501.445,140,150.4375,6,9
running,2020,7,5,2020-07-05T14:22:14Z,1609.34,8.00429722470904,480.296,144,150.578125,0,2
running,2020,7,5,2020-07-05T14:30:18Z,1609.34,8.05719435265845,483.42,144,150.75,0,0
running,2020,7,5,2020-07-05T14:38:21Z,1609.34,8.06203787195672,483.737,146,150.71875,0,0
running,2020,7,5,2020-07-05T14:46:23Z,1609.34,8.03547034152187,482.149,148,150.8125,2,0
running,2020,7,5,2020-07-05T14:54:26Z,1609.34,8.0499399759904,482.973,148,150.609375,0,4
running,2020,7,5,2020-07-05T15:02:38Z,1609.34,8.18754578754579,491.271,149,150.90625,0,0
running,2020,7,5,2020-07-05T15:10:44Z,1609.34,8.10099667774086,486.063,149,150.796875,4,2
running,2020,7,5,2020-07-05T15:11:18Z,111.3,7.60056673278549,31.537,145,150.515625,0,0
running,2020,7,7,2020-07-07T03:23:55Z,1609.34,7.39316427783903,462.695,136,147.453125,2,2
running,2020,7,7,2020-07-07T03:27:06Z,718.58,7.14692246203038,191.466,160,150.90625,0,0
running,2020,7,7,2020-07-07T03:29:41Z,807.07,5.15220898962735,155.029,181,172.375,2,2
running,2020,7,7,2020-07-07T03:31:29Z,169.43,17.0952198852772,107.982,143,107.515625,0,0
running,2020,7,7,2020-07-07T03:32:18Z,276.29,4.74648734737215,48.894,118,166.609375,0,0
running,2020,7,7,2020-07-07T03:34:08Z,173.18,16.9547408343869,109.438,131,108.3125,0,0
running,2020,7,7,2020-07-07T03:34:50Z,242.59,4.72225352112676,42.711,125,163.671875,0,0
running,2020,7,7,2020-07-07T03:43:09Z,1609.34,8.31960297766749,499.222,153,142.03125,2,4
running,2020,7,7,2020-07-07T03:48:16Z,930.34,7.7656050955414,303.807,155,147.296875,0,0
running,2020,7,8,2020-07-08T00:16:31Z,1609.34,7.40541137493098,449.909,150,149.515625,5,5
running,2020,7,8,2020-07-08T00:23:21Z,1609.34,6.84419494769074,410.601,162,152.15625,0,2
running,2020,7,8,2020-07-08T00:29:48Z,1609.34,6.45079365079365,387.042,172,153.84375,0,0
running,2020,7,8,2020-07-08T00:35:48Z,1609.34,6.00322291853178,360.176,182,155.96875,2,0
running,2020,7,8,2020-07-08T00:36:19Z,128.17,6.36355871886121,30.409,188,165.59375,5,0
running,2020,7,8,2020-07-08T00:37:26Z,96.19,18.7831932773109,67.338,166,103.0625,5,0
running,2020,7,8,2020-07-08T00:44:29Z,1534.49,7.32852459016393,419.243,165,149.328125,0,9
running,2020,7,9,2020-07-09T03:27:47Z,1609.34,7.06968898260411,424.225,135,151.71875,2,51
running,2020,7,9,2020-07-09T03:34:12Z,1609.34,6.42606612362242,385.54,165,154.4375,2,2
running,2020,7,9,2020-07-09T03:40:16Z,1609.34,6.05745257452575,363.449,174,155.890625,11,10
running,2020,7,9,2020-07-09T03:48:07Z,1611.4,7.75437987857762,465.797,155,147.28125,2,2
running,2020,7,9,2020-07-09T13:58:26Z,1609.34,7.31453504226889,438.854,130,150,5,2
running,2020,7,9,2020-07-09T14:05:39Z,1609.34,7.21808396124865,433.128,138,151.78125,8,8
running,2020,7,9,2020-07-09T14:13:13Z,1609.34,7.41769911504425,453.453,150,148.796875,18,10
running,2020,7,9,2020-07-09T14:20:10Z,1609.34,6.95060896605338,417.055,158,151.875,0,7
running,2020,7,9,2020-07-09T14:27:06Z,1609.34,6.93264409408116,415.973,162,152.296875,2,0
running,2020,7,9,2020-07-09T14:27:57Z,145.05,6.66726323639075,36.051,159,152.0625,0,2
running,2020,7,10,2020-07-10T15:41:31Z,1609.34,7.53015160022459,451.852,134,148.25,2,0
running,2020,7,10,2020-07-10T15:48:45Z,1609.34,7.23951417004049,434.352,156,140.625,2,2
running,2020,7,10,2020-07-10T15:55:12Z,1609.34,6.44149855907781,386.534,170,150.734375,0,2
running,2020,7,10,2020-07-10T15:56:29Z,206.77,9.51823988644429,73.379,167,139.859375,0,0
running,2020,7,10,2020-07-10T16:12:50Z,1609.34,7.87273260933372,472.338,153,153.09375,2,2
running,2020,7,10,2020-07-10T16:20:51Z,1609.34,7.90754716981132,481.108,161,147.765625,0,2
running,2020,7,10,2020-07-10T16:28:01Z,26.66,7.54710185706247,7.502,166,155.5,0,0
running,2020,7,11,2020-07-11T15:07:59Z,1609.34,7.49647847959754,454.073,138,149.421875,4,4
running,2020,7,11,2020-07-11T15:14:06Z,1367.84,7.1929203539823,366.856,149,151.640625,0,0
running,2020,7,11,2020-07-11T15:20:11Z,1609.34,6.08769859282796,365.288,162,157.625,0,0
running,2020,7,11,2020-07-11T15:25:58Z,1609.34,5.78817436340095,347.262,172,158.953125,0,2
running,2020,7,11,2020-07-11T15:33:55Z,1609.34,7.82222222222222,476.386,149,142.390625,9,11
running,2020,7,11,2020-07-11T15:42:14Z,1609.34,7.22197092084006,498.996,168,150.796875,2,2
running,2020,7,11,2020-07-11T15:44:58Z,596.3,7.28473655621945,161.958,173,151.53125,0,2
running,2020,7,12,2020-07-12T18:02:52Z,1609.34,7.07528356634133,424.543,144,149.078125,113,11
running,2020,7,12,2020-07-12T18:10:14Z,1609.34,7.36070252469813,441.615,163,152.65625,38,0
running,2020,7,12,2020-07-12T18:17:20Z,1609.34,7.10338983050847,426.211,157,151.53125,5,28
running,2020,7,12,2020-07-12T18:18:22Z,216.66,6.59351032448378,53.256,158,150.609375,0,5
running,2020,7,14,2020-07-14T00:02:39Z,1609.34,6.73422043685664,404.048,146,151.34375,7,47
running,2020,7,14,2020-07-14T00:09:19Z,1609.34,6.66395031055901,399.818,166,152.8125,27,24
running,2020,7,14,2020-07-14T00:15:59Z,1609.34,6.67057945784631,400.239,171,152.859375,25,42
running,2020,7,14,2020-07-14T00:22:17Z,1609.34,6.29633802816901,377.807,182,154.953125,32,11
running,2020,7,14,2020-07-14T00:23:25Z,252.38,6.87930238522698,64.735,183,151.515625,3,0
running,2020,7,15,2020-07-15T00:31:09Z,1609.34,6.63592281048986,398.2,142,151.359375,9,16
running,2020,7,15,2020-07-15T00:37:38Z,1609.34,6.47102533172497,388.282,169,153.3125,11,6
running,2020,7,15,2020-07-15T00:45:43Z,1609.34,7.26697371985912,485.186,168,152.890625,34,38
running,2020,7,15,2020-07-15T00:52:39Z,1609.34,6.93622963537626,416.144,175,152.5,12,10
running,2020,7,15,2020-07-15T00:59:05Z,1609.34,6.43686105111591,386.23,179,153.84375,15,26
running,2020,7,15,2020-07-15T01:06:42Z,1609.34,6.96504803947027,456.18,179,151.796875,18,9
running,2020,7,15,2020-07-15T01:06:53Z,33.25,7.16027762947144,8.877,181,155,0,0
running,2020,7,15,2020-07-15T19:48:28Z,1609.34,7.10715421303657,426.443,150,149.703125,12,14
running,2020,7,15,2020-07-15T19:55:18Z,1609.34,6.82156663275687,409.272,165,144.984375,0,0
running,2020,7,15,2020-07-15T20:01:43Z,1609.34,6.29929544387036,385.702,178,154.90625,0,0
running,2020,7,15,2020-07-15T20:09:39Z,1609.34,7.74095238095238,475.371,177,144.890625,9,5
running,2020,7,15,2020-07-15T20:10:17Z,137.78,6.83373248407643,35.099,182,150.34375,0,0
running,2020,7,16,2020-07-16T18:40:32Z,1609.34,7.1146949602122,426.869,138,150.125,10,18
running,2020,7,16,2020-07-16T18:47:46Z,1609.34,7.22586206896552,433.603,163,150.453125,12,7
running,2020,7,16,2020-07-16T18:58:26Z,1609.34,6.74777358490566,640.49,159,146.59375,15,10
running,2020,7,16,2020-07-16T19:06:14Z,1609.34,7.7949433304272,467.685,169,145.421875,26,26
running,2020,7,16,2020-07-16T19:14:31Z,1609.34,8.28875154511743,497.29,161,136.9375,17,19
running,2020,7,16,2020-07-16T19:21:49Z,1609.34,7.24538087520259,437.896,178,149.265625,2,14
running,2020,7,16,2020-07-16T19:27:49Z,1337.88,7.15454787943452,356.827,184,150.5,18,5
running,2020,7,17,2020-07-17T23:46:15Z,1609.34,6.9236964377904,415.401,150,151.46875,11,11
running,2020,7,17,2020-07-17T23:52:54Z,1609.34,6.64743494423792,398.832,166,151.40625,17,27
running,2020,7,17,2020-07-17T23:59:42Z,1609.34,6.80253613999493,408.153,174,152.890625,37,39
running,2020,7,18,2020-07-18T00:06:31Z,1609.34,6.66892093485828,408.725,181,149.65625,25,12
running,2020,7,18,2020-07-18T00:06:47Z,46.84,6.29633802816901,10.996,178,150.90625,0,0
running,2020,7,19,2020-07-19T17:20:03Z,1609.34,9.38830941547077,563.31,136,149.796875,42,60
running,2020,7,19,2020-07-19T17:28:27Z,1609.34,8.40827586206897,504.482,154,149.609375,28,35
running,2020,7,19,2020-07-19T17:36:28Z,1609.34,8.02105263157895,481.223,166,150.65625,38,12
running,2020,7,19,2020-07-19T17:43:40Z,1609.34,7.18906459394264,431.364,171,151.75,19,17
running,2020,7,19,2020-07-19T17:50:39Z,1609.34,6.99046129788898,419.421,171,151.171875,14,49
running,2020,7,19,2020-07-19T18:04:15Z,1609.34,11.355800169348,814.916,163,142.515625,81,69
running,2020,7,19,2020-07-19T18:13:15Z,1609.34,8.02105263157895,539.398,170,147.578125,31,15
running,2020,7,19,2020-07-19T18:13:31Z,55.85,6.72072162365322,13.994,175,149.28125,0,2
running,2020,7,21,2020-07-21T00:34:50Z,1609.34,7.91688311688312,475.033,141,148.59375,13,11
running,2020,7,21,2020-07-21T00:43:05Z,1609.34,8.25558633425669,495.279,145,148.140625,5,16
running,2020,7,21,2020-07-21T00:51:12Z,1609.34,8.12553771584368,487.502,152,147.328125,18,2
running,2020,7,21,2020-07-21T00:56:39Z,1086.65,7.81538461538462,316.619,151,146.0625,5,11
running,2020,7,22,2020-07-22T00:05:55Z,1609.34,7.52170499158721,451.261,137,147.703125,6,25
running,2020,7,22,2020-07-22T00:13:54Z,1609.34,7.98285714285714,478.913,158,147.578125,33,18
running,2020,7,22,2020-07-22T00:16:11Z,428.41,8.56671989779623,136.847,165,148.09375,3,0
running,2020,7,22,2020-07-22T00:22:02Z,1609.34,5.86281967213115,351.774,184,161.421875,20,16
running,2020,7,22,2020-07-22T00:22:19Z,80.33,5.64444444444444,16.903,186,158,2,0
running,2020,7,22,2020-07-22T00:27:18Z,387.42,20.6962962962963,298.858,131,104.296875,2,8
running,2020,7,22,2020-07-22T00:33:11Z,1609.34,5.87952652345463,352.752,181,160.84375,19,14
running,2020,7,22,2020-07-22T00:33:49Z,162.85,6.36204933586338,38.63,187,160.65625,2,2
running,2020,7,22,2020-07-22T00:39:30Z,394.2,23.1626943005181,340.313,132,91.875,2,4
running,2020,7,22,2020-07-22T00:47:28Z,1609.34,7.89358446144791,478.055,169,146.46875,11,6
running,2020,7,22,2020-07-22T00:55:14Z,1609.34,7.77010428736964,466.216,176,148.75,15,16
running,2020,7,22,2020-07-22T00:56:16Z,209.47,7.47558528428094,58.378,173,148.625,0,0
running,2020,7,22,2020-07-22T19:26:41Z,1609.34,7.58766619519095,455.28,139,145.21875,7,10
running,2020,7,22,2020-07-22T19:28:13Z,101.07,23.6112676056338,92.013,127,77.8125,0,0
running,2020,7,22,2020-07-22T19:29:26Z,403.95,4.85561187545257,73.121,129,160.125,0,0
running,2020,7,22,2020-07-22T19:30:00Z,60.04,15.0687640449438,33.729,145,115.625,0,0
running,2020,7,22,2020-07-22T19:31:13Z,409.59,4.77181996086106,72.863,143,167.8125,0,0
running,2020,7,22,2020-07-22T19:31:52Z,62.96,16.8906801007557,39.641,148,120.75,0,0
running,2020,7,22,2020-07-22T19:33:06Z,411.51,4.77776986106163,73.298,142,170.6875,0,0
running,2020,7,22,2020-07-22T19:35:41Z,392.67,10.6438095238095,155.84,145,130.125,3,6
running,2020,7,22,2020-07-22T19:36:56Z,406.87,4.90265033814659,74.362,159,166.546875,7,0
running,2020,7,22,2020-07-22T19:37:39Z,70.31,16.4858020897357,43.202,153,119.859375,0,2
running,2020,7,22,2020-07-22T19:38:53Z,411.45,4.81205597416577,73.814,150,165.453125,6,4
running,2020,7,22,2020-07-22T19:39:37Z,70,17.040914866582,44.476,148,114.390625,0,2
running,2020,7,22,2020-07-22T19:40:51Z,411.4,4.8086052348512,73.749,146,158.15625,5,3
running,2020,7,22,2020-07-22T19:42:30Z,144.44,18.3338345864662,98.759,138,101.734375,0,3
running,2020,7,22,2020-07-22T19:50:33Z,1609.34,8.05235664965476,483.105,157,147.265625,18,17
running,2020,7,22,2020-07-22T19:50:47Z,36.23,7.69652797704448,10.396,158,147.203125,0,0
running,2020,7,25,2020-07-25T18:09:34Z,1609.34,7.47558528428094,448.499,139,151.71875,33,33
running,2020,7,25,2020-07-25T18:11:57Z,519,7.42591362126246,143.672,153,150.765625,10,10
running,2020,7,25,2020-07-25T18:17:58Z,1609.34,6.02074074074074,361.276,177,159.640625,46,25
running,2020,7,25,2020-07-25T18:23:50Z,1609.34,5.85897771952818,351.547,182,157.21875,10,30
running,2020,7,25,2020-07-25T18:23:57Z,26.53,6.92190967741936,6.846,185,157.171875,0,0
running,2020,7,25,2020-07-25T18:24:55Z,88.96,17.4284600389864,57.809,160,95.6875,0,0
running,2020,7,25,2020-07-25T18:33:30Z,1609.34,7.26697371985912,515.822,165,149.21875,20,8
running,2020,7,25,2020-07-25T18:33:41Z,30.99,6.78018200202225,7.834,169,151,0,0
running,2020,7,26,2020-07-26T15:43:13Z,1609.34,7.53861720067454,452.321,134,151.265625,15,29
running,2020,7,26,2020-07-26T15:50:53Z,1609.34,7.67011724335144,460.148,157,151.5,43,21
running,2020,7,26,2020-07-26T16:01:09Z,1609.34,8.75976485956891,616.306,144,151.765625,23,74
running,2020,7,26,2020-07-26T16:09:25Z,1609.34,8.26321626617375,495.745,155,152.109375,22,10
running,2020,7,26,2020-07-26T16:17:30Z,1609.34,8.08390596745027,485.033,157,152.390625,18,14
running,2020,7,26,2020-07-26T16:25:25Z,1609.34,7.91922054915855,475.158,157,152.546875,16,14
running,2020,7,26,2020-07-26T16:35:16Z,1609.34,8.86690909090909,590.503,151,149.515625,27,31
running,2020,7,26,2020-07-26T16:42:19Z,1609.34,7.05110410094637,423.036,162,151.3125,5,15
running,2020,7,26,2020-07-26T16:49:42Z,1609.34,7.39112703224029,443.483,165,151.984375,23,13
running,2020,7,26,2020-07-26T16:58:05Z,1609.34,7.17752207653198,503.241,164,148.265625,23,6
running,2020,7,26,2020-07-26T16:59:21Z,276.71,6.99046129788898,72.117,163,151.0625,2,6
running,2020,7,28,2020-07-28T03:17:35Z,1609.34,7.36676737160121,441.972,136,149.4375,11,31
running,2020,7,28,2020-07-28T03:25:38Z,1609.34,8.05235664965476,483.141,154,149.453125,34,19
running,2020,7,28,2020-07-28T03:28:30Z,303.27,15.214066931367,172.052,147,82.1875,2,0
running,2020,7,28,2020-07-28T03:34:29Z,1609.34,5.97913508693714,358.716,164,162.765625,20,15
running,2020,7,28,2020-07-28T03:35:00Z,133.94,6.15898966704937,30.757,174,162.96875,0,0
running,2020,7,28,2020-07-28T03:38:07Z,233.58,21.5095429029671,187.28,134,105.515625,4,5
running,2020,7,28,2020-07-28T03:44:12Z,1609.34,6.07941976427924,364.74,181,158.8125,19,22
running,2020,7,28,2020-07-28T03:44:47Z,163.76,5.70810810810811,34.849,193,159.171875,0,0
running,2020,7,28,2020-07-28T03:48:33Z,284.15,21.3554140127389,226.254,137,102.15625,4,2
running,2020,7,28,2020-07-28T03:56:43Z,1609.34,7.87273260933372,489.975,166,147.171875,9,8
running,2020,7,28,2020-07-28T04:04:28Z,1609.34,7.75662232504338,465.402,172,150.53125,15,14
running,2020,7,28,2020-07-28T04:05:34Z,243.27,6.83895971443141,62.034,169,150.421875,0,0
running,2020,7,29,2020-07-29T18:48:27Z,1609.34,7.4197510373444,496.151,138,148.09375,3,77
running,2020,7,29,2020-07-29T18:56:06Z,1609.34,7.65261055634807,459.102,143,151.765625,5,34
running,2020,7,29,2020-07-29T19:03:51Z,1609.34,7.30457516339869,465.177,157,149.40625,5,2
running,2020,7,29,2020-07-29T19:11:43Z,1609.34,7.42797009138743,472.175,158,147.390625,0,2
running,2020,7,29,2020-07-29T19:18:59Z,1609.34,7.2414686825054,434.518,165,150.578125,2,2
running,2020,7,29,2020-07-29T19:20:50Z,400,7.44446294754371,111.005,172,150.578125,2,0
running,2020,7,29,2020-07-29T19:28:55Z,1536.35,8.46934006946637,485.111,183,152.65625,106,0
running,2020,7,29,2020-07-29T19:30:25Z,135.42,17.7867374005305,89.83,156,106.296875,2,0
running,2020,7,29,2020-07-29T19:37:51Z,1609.34,7.43208645054032,445.922,169,149.328125,9,26
running,2020,7,29,2020-07-29T19:43:38Z,1166.77,7.9852337005061,347.308,178,151.28125,34,10
running,2020,7,29,2020-07-29T19:43:43Z,3.94,10.156152972359,1.492,166,148,0,0
running,2020,7,31,2020-07-31T23:07:32Z,1609.34,7.07528356634133,424.472,149,149.390625,11,30
running,2020,7,31,2020-07-31T23:14:24Z,1609.34,6.85468949654996,411.24,165,150.65625,15,54
running,2020,7,31,2020-07-31T23:17:16Z,718.98,6.42914669223394,172.347,189,156.390625,36,0
running,2020,7,31,2020-07-31T23:19:08Z,197.77,15.1624646693047,111.789,158,113.078125,0,0
running,2020,7,31,2020-07-31T23:26:35Z,1609.34,7.2083848427842,447.418,174,148.125,12,14
running,2020,7,31,2020-07-31T23:38:01Z,1271.77,7.50696893366919,674.816,174,147.609375,17,2
cycling,2020,8,1,2020-08-01T21:22:09Z,8046.72,9.96374442793462,2988.796,124,513.984375,112,55
cycling,2020,8,1,2020-08-01T22:02:39Z,8046.72,8.09855072463768,2429.805,125,513.984375,54,112
cycling,2020,8,1,2020-08-01T22:02:51Z,51.2,1.72657869327325,3.296,97,513.984375,0,0
running,2020,8,5,2020-08-05T00:21:30Z,1609.34,7.38502202643172,443.149,131,149.0625,11,16
running,2020,8,5,2020-08-05T00:28:57Z,1609.34,7.45273687135315,447.166,147,149.65625,17,20
running,2020,8,5,2020-08-05T00:36:27Z,1609.34,7.49438390611903,449.691,161,150.15625,25,9
running,2020,8,5,2020-08-05T00:37:23Z,198.8,7.26500541711809,53.846,159,147.828125,0,5
running,2020,8,6,2020-08-06T03:41:25Z,1609.34,7.05481325618096,423.242,147,150.328125,12,15
running,2020,8,6,2020-08-06T03:49:16Z,1609.34,7.10903790087464,470.589,157,149.515625,17,16
running,2020,8,6,2020-08-06T03:56:17Z,1609.34,7.02157068062827,421.332,164,150.640625,22,29
running,2020,8,6,2020-08-06T04:03:05Z,1609.34,6.79564225994426,407.785,175,151.578125,17,11
running,2020,8,6,2020-08-06T04:03:30Z,74.66,7.92858409695536,22.067,170,148.265625,0,0
running,2020,8,6,2020-08-06T16:30:49Z,1609.34,8.36370439663237,557.936,138,145.703125,11,17
running,2020,8,6,2020-08-06T16:45:38Z,1609.34,8.81156373193167,888.935,141,142.828125,16,17
running,2020,8,6,2020-08-06T16:51:04Z,944.77,8.35328558081594,294.215,165,153.46875,7,2
running,2020,8,6,2020-08-06T16:59:35Z,1609.34,8.314445133292,498.825,155,149.9375,7,20
running,2020,8,6,2020-08-06T17:01:02Z,23.49,8.59967938441808,7.532,145,151.71875,0,0
running,2020,8,6,2020-08-06T17:12:41Z,1609.34,8.66356589147287,545.077,137,147.0625,16,26
running,2020,8,6,2020-08-06T17:25:05Z,1609.34,8.40037582211087,743.655,145,147.765625,12,7
running,2020,8,6,2020-08-06T17:34:12Z,1609.34,8.88747514910537,546.755,155,146.828125,27,33
running,2020,8,6,2020-08-06T17:42:53Z,1609.34,8.6860103626943,521.195,161,148.328125,33,12
running,2020,8,6,2020-08-06T17:43:17Z,61.29,9.49801699716714,21.704,154,110.359375,0,0
running,2020,8,7,2020-08-07T20:03:16Z,1609.34,7.57909013845719,454.721,138,150.84375,26,33
running,2020,8,7,2020-08-07T20:10:40Z,1609.34,7.4033673751035,444.24,158,150.265625,16,12
running,2020,8,7,2020-08-07T20:18:27Z,1609.34,7.78363319791062,467.036,146,149.796875,6,104
running,2020,8,7,2020-08-07T20:26:40Z,1609.34,8.20758873929009,492.39,167,148.1875,107,2
running,2020,8,7,2020-08-07T20:33:55Z,1609.34,7.25910690121786,435.54,172,149.5625,15,40
running,2020,8,7,2020-08-07T20:41:10Z,1609.34,7.25125709651257,435.082,181,152.03125,36,9
running,2020,8,7,2020-08-07T20:42:31Z,299.04,6.99228362877998,77.964,173,149.375,0,5
cycling,2020,8,8,2020-08-08T18:31:47Z,8046.72,10.0120940649496,3004.053,116,513.984375,131,68
cycling,2020,8,8,2020-08-08T19:27:31Z,7889.01,11.3606099110546,3342.086,109,513.984375,78,131
running,2020,8,9,2020-08-09T00:27:40Z,1609.34,7.53226621735468,451.939,146,149.9375,14,11
running,2020,8,9,2020-08-09T00:35:24Z,1609.34,7.20064429530201,464.633,150,148.75,17,18
running,2020,8,9,2020-08-09T00:42:37Z,1609.34,7.2083848427842,432.448,162,149.5625,15,10
running,2020,8,9,2020-08-09T00:43:25Z,164.26,7.49438390611903,45.894,158,148.765625,0,0
running,2020,8,9,2020-08-09T14:50:32Z,1609.34,7.88198648251543,472.98,148,150.359375,28,34
running,2020,8,9,2020-08-09T14:58:14Z,1609.34,7.68990825688073,461.383,166,149.53125,14,21
running,2020,8,9,2020-08-09T15:05:59Z,1609.34,7.76111111111111,465.669,169,150.71875,41,40
running,2020,8,9,2020-08-09T15:13:22Z,1609.34,7.37689768976898,442.667,167,150.53125,10,30
running,2020,8,9,2020-08-09T15:21:05Z,1609.34,7.65479452054795,462.806,162,149.75,0,81
running,2020,8,9,2020-08-09T15:28:33Z,1609.34,7.47558528428094,448.497,168,150.8125,4,0
running,2020,8,9,2020-08-09T15:35:57Z,1609.34,7.38705590746351,443.243,170,151,13,13
running,2020,8,9,2020-08-09T15:44:25Z,1609.34,8.47469194312796,508.553,174,152.65625,81,2
running,2020,8,9,2020-08-09T15:52:06Z,1609.34,7.68329991406474,461.004,172,151.265625,35,22
running,2020,8,9,2020-08-09T15:59:34Z,1609.34,7.46934001670844,448.175,169,152.6875,47,22
running,2020,8,9,2020-08-09T16:00:59Z,325.16,6.72409125094009,81.509,168,151.296875,0,5
running,2020,8,11,2020-08-11T03:27:55Z,1609.34,7.39928275862069,443.941,144,150.265625,11,16
running,2020,8,11,2020-08-11T03:36:57Z,1365.49,7.71423641069888,540.915,149,145.703125,12,11
running,2020,8,11,2020-08-11T03:39:27Z,868.31,4.64296347585252,150.302,147,165.359375,4,0
running,2020,8,11,2020-08-11T03:41:28Z,154.7,20.8897196261682,120.454,137,92.953125,0,0
running,2020,8,11,2020-08-11T03:43:58Z,869.85,4.65343511450382,150.907,141,165.640625,2,0
running,2020,8,11,2020-08-11T03:46:29Z,173.62,23.2631396357329,150.592,139,83.78125,0,2
running,2020,8,11,2020-08-11T03:47:44Z,420.63,4.8,75.277,135,153.875,2,0
running,2020,8,11,2020-08-11T03:56:57Z,1609.34,9.12326530612245,552.763,153,133.71875,26,24
running,2020,8,11,2020-08-11T04:00:29Z,732.94,7.65916619074814,209.307,180,148.765625,6,5
running,2020,8,12,2020-08-12T00:38:40Z,1609.34,7.16793158738642,430.122,142,149.984375,11,17
running,2020,8,12,2020-08-12T00:45:35Z,1609.34,6.70392401899525,415.109,156,149.40625,18,10
running,2020,8,12,2020-08-12T00:52:03Z,1609.34,6.46322891566265,387.806,165,152.375,14,10
running,2020,8,12,2020-08-12T00:58:47Z,1609.34,6.72577733199599,403.564,169,151.6875,8,16
running,2020,8,12,2020-08-12T01:04:28Z,1365.59,6.6,336.005,173,151.859375,16,7
running,2020,8,14,2020-08-14T00:26:42Z,1609.34,6.99593114241002,419.726,142,149.4375,9,27
running,2020,8,14,2020-08-14T00:33:56Z,1609.34,7.24342425060762,434.603,152,150.40625,30,21
running,2020,8,14,2020-08-14T00:42:43Z,1609.34,8.77983633387889,526.775,145,152.109375,22,104
running,2020,8,14,2020-08-14T00:52:23Z,1609.34,9.67619047619048,580.487,161,153,102,17
running,2020,8,14,2020-08-14T00:59:49Z,1609.34,7.34256775253216,445.88,169,148.59375,17,27
running,2020,8,14,2020-08-14T01:07:02Z,1609.34,7.21808396124865,433.073,177,151.0625,34,6
running,2020,8,14,2020-08-14T01:08:07Z,234.09,7.12036102999735,62.135,176,150.109375,2,2
running,2020,8,14,2020-08-14T23:39:35Z,1609.34,7.47975460122699,448.797,145,148.828125,26,32
running,2020,8,14,2020-08-14T23:46:52Z,1609.34,7.28275862068966,436.961,164,150.359375,22,21
running,2020,8,14,2020-08-14T23:54:36Z,1609.34,7.72979827089337,463.721,154,151.203125,17,100
running,2020,8,15,2020-08-15T00:00:01Z,1159.71,7.52803817008139,325.532,189,156.53125,82,0
running,2020,8,15,2020-08-15T00:02:28Z,219.44,17.9534136546185,146.841,143,106.453125,4,0
running,2020,8,15,2020-08-15T00:09:42Z,1609.34,7.22975741239892,433.805,168,148.46875,7,23
running,2020,8,15,2020-08-15T00:16:30Z,1470.28,7.27485760781123,403.319,182,150.875,34,13
running,2020,8,16,2020-08-16T00:07:09Z,1609.34,7.43620737454949,446.123,146,148.21875,9,30
running,2020,8,16,2020-08-16T00:14:55Z,1609.34,7.67670291929021,466.442,158,147.921875,24,34
running,2020,8,16,2020-08-16T00:20:04Z,786.08,9.75714805383776,285.914,158,150.4375,33,10
running,2020,8,16,2020-08-16T00:29:35Z,1609.34,8.99778597785978,561.39,162,148.625,41,36
running,2020,8,16,2020-08-16T00:39:07Z,1609.34,9.03111111111111,571.883,160,146.90625,29,40
running,2020,8,16,2020-08-16T00:47:22Z,1609.34,8.25558633425669,495.328,172,151.203125,39,11
running,2020,8,16,2020-08-16T00:55:46Z,1609.34,8.08390596745027,503.678,171,150.140625,32,40
running,2020,8,16,2020-08-16T00:56:53Z,240.32,7.2083848427842,64.586,175,150.71875,0,0
cycling,2020,8,16,2020-08-16T17:24:00Z,8046.72,10.1677028051554,3151.38,126,513.984375,145,109
cycling,2020,8,16,2020-08-16T18:05:31Z,8046.72,8.30157845868152,2490.407,125,513.984375,53,86
cycling,2020,8,16,2020-08-16T18:08:34Z,1556.82,3.0594730238394,180.76,94,513.984375,0,8
running,2020,8,19,2020-08-19T00:22:48Z,1609.34,7.05481325618096,423.319,141,149.09375,7,28
running,2020,8,19,2020-08-19T00:30:09Z,1609.34,7.0197330541743,440.96,153,150.703125,39,22
running,2020,8,19,2020-08-19T00:37:53Z,1609.34,7.72312122084653,463.448,160,151.625,16,17
running,2020,8,19,2020-08-19T00:46:01Z,1609.34,8.13046377690209,487.861,171,151.25,45,45
running,2020,8,19,2020-08-19T00:54:20Z,1609.34,7.71867625899281,499.494,173,145.640625,25,14
running,2020,8,19,2020-08-19T01:02:02Z,1609.34,7.19099195710456,462.008,172,148.6875,19,10
running,2020,8,19,2020-08-19T01:06:08Z,952.18,6.83025210084034,242.459,179,151.421875,12,12
cycling,2020,8,19,2020-08-19T13:57:59Z,8046.72,10.8724766923389,3261.759,139,513.984375,416,122
cycling,2020,8,19,2020-08-19T14:43:53Z,8046.72,9.18260869565217,2754.41,123,513.984375,111,399
cycling,2020,8,19,2020-08-19T15:02:45Z,3240.71,9.34578397212544,1129.153,129,513.984375,65,66
running,2020,8,21,2020-08-21T03:23:46Z,1609.34,7.14121405750799,428.43,153,151.171875,24,15
running,2020,8,21,2020-08-21T03:30:52Z,1609.34,7.06410323939953,426.003,166,150.984375,33,24
running,2020,8,21,2020-08-21T03:37:44Z,1609.34,6.85468949654996,411.289,164,150.5625,15,32
running,2020,8,21,2020-08-21T03:44:22Z,1609.34,6.63100123609394,397.833,171,150.46875,15,7
running,2020,8,21,2020-08-21T03:51:50Z,1609.34,7.47142061281337,448.223,166,150.828125,36,31
running,2020,8,21,2020-08-21T03:52:52Z,229.49,6.97229009617884,59.649,169,149.875,0,5
running,2020,8,22,2020-08-22T00:00:33Z,1609.34,9.31333333333333,682.122,134,144.46875,5,83
running,2020,8,22,2020-08-22T00:08:54Z,1609.34,8.34029850746269,500.35,150,150.625,23,8
running,2020,8,22,2020-08-22T00:17:28Z,1609.34,8.40564086493262,514.687,147,150.234375,13,26
running,2020,8,22,2020-08-22T00:27:31Z,1609.34,8.41883239171375,602.134,154,148.578125,32,11
running,2020,8,22,2020-08-22T00:29:54Z,140.01,7.50276923076923,39.163,160,151.109375,0,2
running,2020,8,22,2020-08-22T00:43:38Z,1289.04,8.35068493150685,401.303,147,148.03125,11,12
running,2020,8,22,2020-08-22T00:54:14Z,1609.34,8.17756097560976,594.052,143,149.984375,7,17
running,2020,8,22,2020-08-22T01:02:10Z,1609.34,7.94267100977199,476.619,156,152.8125,24,13
running,2020,8,22,2020-08-22T01:03:08Z,205.8,7.25125709651257,55.64,157,152.78125,0,7
cycling,2020,8,22,2020-08-22T18:01:58Z,8046.72,10.6862151394422,3205.613,122,513.984375,114,118
cycling,2020,8,22,2020-08-22T18:25:57Z,3845.75,9.04329062710721,1394.76,135,513.984375,41,32
running,2020,8,23,2020-08-23T00:02:00Z,1609.34,7.13172028715767,536.513,145,147.640625,17,8
running,2020,8,23,2020-08-23T00:09:20Z,1609.34,7.34055829228243,440.421,165,150.890625,36,39
running,2020,8,23,2020-08-23T00:16:19Z,1609.34,6.97410296411856,418.484,165,150.296875,17,35
running,2020,8,23,2020-08-23T00:25:02Z,1609.34,7.29265905383361,522.937,161,150.171875,36,19
running,2020,8,23,2020-08-23T00:32:36Z,1609.34,7.20451248992748,454.781,166,148.328125,40,24
running,2020,8,23,2020-08-23T00:39:52Z,1609.34,7.09587301587302,436.157,170,147.625,17,14
running,2020,8,23,2020-08-23T00:40:54Z,259.22,6.1618194348725,59.543,173,150.453125,0,2
running,2020,8,23,2020-08-23T17:04:43Z,1609.34,9.24910344827586,554.982,134,155.015625,20,105
running,2020,8,23,2020-08-23T17:15:14Z,1609.34,9.62411194833154,631.539,151,151.53125,121,51
running,2020,8,23,2020-08-23T17:25:18Z,1609.34,9.75714805383776,603.791,150,150.140625,44,53
running,2020,8,23,2020-08-23T17:34:48Z,1609.34,8.82896642527979,570.198,146,148.984375,24,94
running,2020,8,23,2020-08-23T17:45:25Z,1609.34,9.74297130403196,636.978,160,152.34375,116,48
running,2020,8,23,2020-08-23T17:54:27Z,1609.34,9.01896435776731,541.16,153,152.9375,56,73
running,2020,8,23,2020-08-23T17:57:45Z,503.93,10.4570760233918,196.431,180,151.15625,63,0
running,2020,8,25,2020-08-25T00:34:00Z,1609.34,7.07155286053256,424.297,145,151.28125,12,16
running,2020,8,25,2020-08-25T00:40:49Z,1609.34,6.81463414634146,408.915,161,152.0625,23,15
running,2020,8,25,2020-08-25T00:47:42Z,1609.34,6.87930238522698,412.712,158,151.34375,23,41
running,2020,8,25,2020-08-25T00:54:28Z,1609.34,6.77333333333333,406.363,167,152.390625,34,19
running,2020,8,25,2020-08-25T00:55:34Z,250.44,6.3802093244529,59.579,166,151.21875,0,0
running,2020,8,26,2020-08-26T03:24:02Z,1609.34,7.2122613605808,432.76,145,151.859375,12,16
running,2020,8,26,2020-08-26T03:30:37Z,1609.34,6.58703339882122,395.186,163,154.546875,11,5
running,2020,8,26,2020-08-26T03:36:07Z,1609.34,5.49526736324524,329.685,184,161.984375,16,9
running,2020,8,26,2020-08-26T03:37:13Z,310.05,5.6851208139042,65.721,185,160.0625,0,2
running,2020,8,26,2020-08-26T03:45:19Z,1609.34,7.83593339176161,486.728,158,144.859375,7,17
running,2020,8,26,2020-08-26T03:52:40Z,1609.34,7.34457831325301,440.71,164,151.140625,26,20
running,2020,8,26,2020-08-26T03:58:52Z,1526.61,6.49610075078712,369.765,173,156.65625,19,17
cycling,2020,8,26,2020-08-26T14:14:33Z,8046.72,9.55894511760513,3007.717,127,513.984375,143,137
cycling,2020,8,26,2020-08-26T14:42:24Z,8046.72,5.57059190031153,1671.075,119,513.984375,63,82
cycling,2020,8,26,2020-08-26T14:42:30Z,50.55,1.70506642934333,3.213,119,513.984375,5,0
running,2020,8,27,2020-08-27T00:48:38Z,1609.34,8.1157034795764,486.915,140,146.90625,14,11
running,2020,8,27,2020-08-27T00:56:40Z,1609.34,8.03065868263473,481.836,148,150.84375,18,23
running,2020,8,27,2020-08-27T01:04:45Z,1609.34,8.08147032238626,484.862,153,151.390625,18,5
running,2020,8,27,2020-08-27T01:06:07Z,283.01,7.50696893366919,79.218,147,143.1875,0,8
running,2020,8,28,2020-08-28T02:33:08Z,1609.34,7.25714285714286,435.395,147,149.71875,8,31
running,2020,8,28,2020-08-28T02:41:55Z,1609.34,7.79041533546326,527.148,153,147.5,31,28
running,2020,8,28,2020-08-28T02:49:09Z,1609.34,7.23560830860534,434.147,163,153.78125,25,40
running,2020,8,28,2020-08-28T02:56:25Z,1609.34,7.2610720086627,435.616,173,156.53125,53,16
running,2020,8,28,2020-08-28T03:05:38Z,1609.34,8.32476722532588,553.146,159,141.09375,3,36
running,2020,8,28,2020-08-28T03:15:02Z,1609.34,8.2990099009901,564.104,166,146.359375,37,7
running,2020,8,28,2020-08-28T03:22:47Z,1609.34,7.63083926031294,465.129,168,149.953125,15,15
running,2020,8,28,2020-08-28T03:25:55Z,693.87,7.19484978540772,186.135,167,150.15625,2,5
running,2020,8,28,2020-08-28T15:50:19Z,1609.34,8.448,530.708,137,149.71875,14,12
running,2020,8,28,2020-08-28T15:58:19Z,1609.34,8.0019093078759,480.134,154,152.265625,11,2
running,2020,8,28,2020-08-28T16:01:51Z,312,7.58123233465235,88.198,148,153.359375,0,9
running,2020,8,29,2020-08-29T18:29:42Z,1609.34,8.48810126582279,509.24,143,150.078125,19,113
running,2020,8,29,2020-08-29T18:37:42Z,1609.34,7.9995228153892,479.932,175,154.34375,97,32
running,2020,8,29,2020-08-29T18:45:59Z,1609.34,8.28363187152563,497.038,163,156.015625,21,103
running,2020,8,29,2020-08-29T18:56:16Z,1609.34,9.21098901098901,616.268,164,152.015625,112,76
running,2020,8,29,2020-08-29T19:05:27Z,1609.34,9.01896435776731,551.045,172,152.515625,111,43
running,2020,8,29,2020-08-29T19:15:28Z,1609.34,8.97370357979257,601.166,153,150.84375,37,115
running,2020,8,29,2020-08-29T19:25:43Z,1421.63,9.6172104697024,562.416,177,149.515625,102,17
running,2020,8,30,2020-08-30T14:47:22Z,1609.34,7.38502202643172,443.106,142,151.890625,16,13
running,2020,8,30,2020-08-30T14:54:48Z,1609.34,7.44239733629301,446.507,144,152.59375,21,14
running,2020,8,30,2020-08-30T15:01:52Z,1609.34,7.05666929755328,423.394,145,151.90625,9,22
running,2020,8,30,2020-08-30T15:09:09Z,1609.34,7.28473655621945,437.074,150,152.25,15,9
running,2020,8,30,2020-08-30T15:09:33Z,78.64,7.39724214009928,21.689,146,153.1875,0,0
cycling,2020,8,30,2020-08-30T18:26:48Z,8046.72,14.3358631747729,4809.917,110,513.984375,133,93
cycling,2020,8,30,2020-08-30T18:53:39Z,5462.88,7.90288744843842,1609.461,112,513.984375,45,64
running,2020,9,1,2020-09-01T02:25:40Z,1609.34,7.25125709651257,435.024,150,150.53125,11,16
running,2020,9,1,2020-09-01T02:31:51Z,1182.22,7.25910690121786,370.602,153,148.484375,10,0
running,2020,9,1,2020-09-01T02:37:49Z,1609.34,5.96318363717208,357.825,172,156.5625,17,8
running,2020,9,1,2020-09-01T02:43:25Z,1609.34,5.60786117499477,336.505,177,157.578125,5,14
running,2020,9,1,2020-09-01T02:49:02Z,1609.34,5.62078792958927,337.257,183,158.109375,15,20
running,2020,9,1,2020-09-01T02:49:42Z,193.57,5.45503355704698,39.372,184,159.390625,5,5
running,2020,9,1,2020-09-01T02:51:26Z,149.32,18.7700489853044,104.524,146,106.421875,0,2
running,2020,9,1,2020-09-01T02:59:00Z,1609.34,7.45688073394495,453.9,155,148.921875,16,9
running,2020,9,1,2020-09-01T03:06:13Z,1609.34,7.21614205004036,432.933,162,151.5,31,31
running,2020,9,1,2020-09-01T03:06:49Z,130.19,7.04184825413494,34.176,158,151.125,0,0
cycling,2020,9,2,2020-09-02T00:55:23Z,8046.72,11.7230769230769,3517.579,146,513.984375,521,24
cycling,2020,9,2,2020-09-02T02:12:22Z,8046.72,13.1870206489676,4619.525,127,513.984375,374,133
cycling,2020,9,2,2020-09-02T02:47:11Z,8046.72,6.96323987538941,2088.828,128,513.984375,11,516
cycling,2020,9,2,2020-09-02T02:59:17Z,1661.51,11.6771441010013,723.395,108,513.984375,0,158
running,2020,9,2,2020-09-02T16:40:37Z,1609.34,8.39511737089202,503.741,140,150.265625,11,16
running,2020,9,2,2020-09-02T16:49:09Z,1609.34,8.53672819859962,512.253,154,150.6875,27,32
running,2020,9,2,2020-09-02T17:00:20Z,1609.34,8.84643799472296,670.675,152,146.96875,20,0
running,2020,9,2,2020-09-02T17:11:48Z,1609.34,9.2746887966805,688.228,146,141.953125,14,20
running,2020,9,2,2020-09-02T17:26:17Z,1609.34,9.70770901194354,868.679,145,144.40625,17,10
running,2020,9,2,2020-09-02T17:37:35Z,1609.34,9.01290322580645,678.385,146,143.671875,16,12
running,2020,9,2,2020-09-02T17:38:20Z,126.43,8.72840872111943,41.147,161,152.640625,0,0
running,2020,9,4,2020-09-04T02:55:18Z,1609.34,7.9995228153892,479.931,145,149.546875,12,14
running,2020,9,4,2020-09-04T03:03:07Z,1609.34,7.82222222222222,469.343,146,149.1875,16,19
running,2020,9,4,2020-09-04T03:11:10Z,1609.34,8.05961538461538,483.514,151,149.46875,14,7
running,2020,9,4,2020-09-04T03:19:26Z,1609.34,8.26831072749692,496.076,146,149.28125,16,16
running,2020,9,4,2020-09-04T03:23:47Z,830.45,8.03787833383278,248.861,140,149.15625,5,24
running,2020,9,4,2020-09-04T23:54:47Z,1609.34,7.33654266958425,440.173,141,150.34375,7,27
running,2020,9,5,2020-09-05T00:02:02Z,1609.34,7.23951417004049,434.388,155,150.296875,10,14
running,2020,9,5,2020-09-05T00:09:30Z,1609.34,7.46934001670844,448.209,161,150.140625,21,15
running,2020,9,5,2020-09-05T00:17:56Z,1609.34,8.43471698113208,506.158,161,150.265625,38,22
running,2020,9,5,2020-09-05T00:27:26Z,1609.34,9.05244684441444,569.665,159,149.875,49,49
running,2020,9,5,2020-09-05T00:35:05Z,1609.34,7.65479452054795,459.331,171,150.765625,42,25
running,2020,9,5,2020-09-05T00:42:19Z,1609.34,7.22975741239892,433.786,172,151.078125,13,24
running,2020,9,5,2020-09-05T00:42:55Z,126.75,6.90942812982998,32.652,173,150.21875,0,0
running,2020,9,5,2020-09-05T18:18:32Z,1609.34,8.40564086493262,543.495,135,150.546875,2,112
running,2020,9,5,2020-09-05T18:26:14Z,1609.34,7.70315910396324,462.208,165,153.53125,116,17
running,2020,9,5,2020-09-05T18:36:42Z,1609.34,9.64140905823149,628.096,157,149.1875,78,104
running,2020,9,5,2020-09-05T18:45:55Z,1609.34,8.38724202626642,552.474,170,152.578125,47,46
running,2020,9,5,2020-09-05T18:53:30Z,1609.34,7.4818410041841,455.47,155,149.453125,3,87
running,2020,9,5,2020-09-05T18:55:55Z,44.98,7.09962943356273,11.906,170,152,2,4
running,2020,9,5,2020-09-05T19:10:21Z,1609.34,9.35882763433357,573.849,153,153.3125,125,10
running,2020,9,5,2020-09-05T19:10:55Z,121.59,7.09775072770574,32.177,164,151.875,0,3
cycling,2020,9,6,2020-09-06T14:45:16Z,6359.52,13.99186228482,3317.436,137,513.984375,519,21
cycling,2020,9,6,2020-09-06T15:25:39Z,8046.72,7.76785403996525,2330.399,112,513.984375,22,457
cycling,2020,9,6,2020-09-06T16:09:34Z,7178.26,9.83586358635864,2632.743,131,513.984375,158,180
running,2020,9,7,2020-09-07T23:47:14Z,1609.34,7.21614205004036,432.957,143,151.78125,10,0
running,2020,9,7,2020-09-07T23:53:59Z,1609.34,6.73760361718161,404.212,166,152.90625,10,0
running,2020,9,8,2020-09-08T00:00:28Z,1609.34,6.48981369465279,389.354,172,152.984375,13,0
running,2020,9,8,2020-09-08T00:07:09Z,1609.34,6.49295570079884,401.265,178,151.296875,14,0
running,2020,9,8,2020-09-08T00:15:16Z,1609.34,6.50871147779665,486.716,170,150.984375,5,10
running,2020,9,8,2020-09-08T00:21:25Z,1609.34,6.14628780934922,368.739,182,154.78125,0,12
running,2020,9,8,2020-09-08T00:27:43Z,1609.34,6.31115294117647,378.695,183,153.703125,0,11
running,2020,9,8,2020-09-08T00:35:20Z,1609.34,6.66892093485828,456.561,178,150.65625,0,7
running,2020,9,8,2020-09-08T00:35:35Z,50.5,6.39085060757684,12.032,182,152.671875,0,0
running,2020,9,8,2020-09-08T16:24:32Z,1609.34,7.43414634146341,479.584,135,146.859375,9,26
running,2020,9,8,2020-09-08T16:32:32Z,1609.34,7.4238582895101,479.823,149,151.78125,40,18
running,2020,9,8,2020-09-08T16:40:38Z,1609.34,8.08147032238626,484.923,148,152.359375,13,48
running,2020,9,8,2020-09-08T16:51:26Z,1609.34,8.33511497824736,648.038,148,151.46875,54,8
running,2020,9,8,2020-09-08T16:59:36Z,1609.34,7.45688073394495,489.665,159,150.484375,10,7
running,2020,9,8,2020-09-08T17:06:57Z,1609.34,7.34860273972603,440.859,162,153.515625,31,36
running,2020,9,8,2020-09-08T17:13:55Z,1609.34,6.97954722872756,418.747,167,153.703125,17,10
running,2020,9,8,2020-09-08T17:14:11Z,39.33,9.10468431771894,13.351,162,152.5,0,0
running,2020,9,9,2020-09-09T16:42:40Z,1609.34,8.28619091751622,518.3,148,147.28125,5,32
running,2020,9,9,2020-09-09T16:52:28Z,1609.34,8.76549019607843,587.874,137,141.03125,16,17
running,2020,9,9,2020-09-09T17:01:09Z,1609.34,8.69727626459144,521.841,147,154.796875,41,13
running,2020,9,9,2020-09-09T17:09:34Z,1385.66,9.21415321195465,475.993,139,144.609375,7,16
running,2020,9,9,2020-09-09T17:26:33Z,1609.34,9.90487444608567,594.376,134,148.265625,26,24
running,2020,9,9,2020-09-09T17:40:22Z,1609.34,8.83769357495881,828.459,134,152.71875,16,23
running,2020,9,9,2020-09-09T17:50:17Z,1609.34,8.77122302158273,594.523,140,151,17,20
running,2020,9,9,2020-09-09T17:58:57Z,1609.34,8.67477360931436,520.413,144,153.625,22,15
running,2020,9,9,2020-09-09T18:02:49Z,744.31,8.21261481935089,227.894,147,155.90625,10,5
running,2020,9,10,2020-09-10T16:11:38Z,1609.34,9.14192229038855,567.894,139,140.671875,14,19
running,2020,9,10,2020-09-10T16:20:32Z,1609.34,8.8963184079602,533.713,143,152.875,16,8
running,2020,9,10,2020-09-10T16:34:37Z,1609.34,8.91998669770535,845.249,136,147.9375,40,35
running,2020,9,10,2020-09-10T16:50:18Z,1609.34,9.39817799579537,941.014,134,141.296875,16,27
running,2020,9,10,2020-09-10T17:00:44Z,1609.34,10.4326721120187,626.033,132,130.734375,19,20
running,2020,9,10,2020-09-10T17:10:00Z,1609.34,9.11706322229776,555.307,143,146.34375,19,17
running,2020,9,10,2020-09-10T17:10:16Z,38.45,9.64140905823149,13.823,143,131.21875,0,0
running,2020,9,11,2020-09-11T15:05:12Z,1609.34,7.95444839857651,477.28,144,151.625,24,11
running,2020,9,11,2020-09-11T15:13:06Z,1609.34,7.905216622458,474.349,154,152.484375,24,20
running,2020,9,11,2020-09-11T15:21:00Z,1609.34,7.90055964653903,474.062,156,152.21875,24,23
running,2020,9,11,2020-09-11T15:30:02Z,1609.34,8.2759642085776,540.706,148,151.84375,19,17
running,2020,9,11,2020-09-11T15:38:08Z,1609.34,8.10099667774086,485.998,150,152.21875,17,22
running,2020,9,11,2020-09-11T15:46:34Z,1609.34,8.43471698113208,506.087,149,152.78125,17,30
running,2020,9,11,2020-09-11T15:49:07Z,450.05,8.92295409181637,149.707,148,154.546875,15,8
running,2020,9,16,2020-09-16T13:50:22Z,1609.34,7.69873708381171,468.178,143,147.859375,4,43
running,2020,9,16,2020-09-16T13:57:49Z,1609.34,7.44652970571905,446.809,157,150.375,9,3
running,2020,9,16,2020-09-16T14:05:43Z,1609.34,7.43414634146341,473.395,154,148.890625,4,4
running,2020,9,16,2020-09-16T14:13:18Z,1609.34,7.22586206896552,455.209,162,149.359375,6,0
running,2020,9,16,2020-09-16T14:20:54Z,1609.34,7.59841359773371,455.881,165,152.140625,10,11
running,2020,9,16,2020-09-16T14:28:12Z,1609.34,7.31054783319706,438.592,170,151.5,5,10
running,2020,9,16,2020-09-16T14:35:37Z,1609.34,7.40541137493098,444.308,174,151.28125,13,13
running,2020,9,16,2020-09-16T14:42:50Z,1609.34,7.21808396124865,433.031,174,150.65625,5,5
running,2020,9,16,2020-09-16T14:48:17Z,689.19,7.29861224489796,201.076,170,148.6875,2,0
running,2020,9,17,2020-09-17T13:22:44Z,1609.34,7.95680806882231,485.829,139,148.828125,0,0
running,2020,9,17,2020-09-17T13:30:23Z,1609.34,7.60056673278549,459.219,149,150.46875,2,7
running,2020,9,17,2020-09-17T13:31:18Z,192.61,7.54497890295359,54.179,156,151.125,2,0
running,2020,9,17,2020-09-17T13:36:59Z,1609.34,5.68994484514213,341.432,168,162,7,2
running,2020,9,17,2020-09-17T13:37:10Z,52.87,5.81704619388419,11.465,179,162.40625,0,0
running,2020,9,17,2020-09-17T13:40:20Z,245.95,20.5064220183486,189.999,129,97.828125,0,2
running,2020,9,17,2020-09-17T13:48:30Z,1609.34,7.7431870669746,489.488,158,148.546875,9,10
running,2020,9,17,2020-09-17T13:50:08Z,325.46,7.92389955686854,96.153,164,150.515625,0,0
running,2020,9,18,2020-09-18T18:48:23Z,1609.34,7.52592592592593,451.588,155,151.296875,2,0
running,2020,9,18,2020-09-18T18:55:54Z,1609.34,7.51327731092437,450.757,156,150.390625,2,6
running,2020,9,18,2020-09-18T19:03:16Z,1609.34,7.36879120879121,442.115,161,150.625,6,5
running,2020,9,18,2020-09-18T19:10:39Z,1609.34,7.38502202643172,443.131,166,150.671875,7,3
running,2020,9,18,2020-09-18T19:17:47Z,1609.34,7.13741351782863,428.293,168,150.828125,10,7
running,2020,9,18,2020-09-18T19:24:59Z,1609.34,7.20451248992748,432.219,171,150.859375,6,7
running,2020,9,18,2020-09-18T19:32:36Z,1609.34,7.20644814615798,456.338,171,149.328125,16,13
running,2020,9,18,2020-09-18T19:32:47Z,27.37,8.28107440568077,8.451,176,150.375,0,0
running,2020,9,19,2020-09-19T18:31:20Z,1609.34,7.95916913946588,480.563,153,147.8125,2,0
running,2020,9,19,2020-09-19T18:38:34Z,1609.34,7.22975741239892,433.742,168,150.171875,10,11
running,2020,9,19,2020-09-19T18:45:37Z,1609.34,6.95421311900441,423.25,164,149.125,11,8
running,2020,9,19,2020-09-19T18:52:50Z,1609.34,7.21614205004036,432.942,162,146.515625,5,6
running,2020,9,19,2020-09-19T19:01:25Z,1609.34,8.27086031452359,515.089,156,147.125,6,2
running,2020,9,19,2020-09-19T19:09:03Z,1609.34,7.6373576309795,458.22,163,149.109375,18,18
running,2020,9,19,2020-09-19T19:09:14Z,27.7,8.01625821876868,8.278,167,153.75,0,0
running,2020,9,23,2020-09-23T00:32:14Z,1609.34,7.17560192616372,478.129,143,146.6875,0,2
running,2020,9,23,2020-09-23T00:39:36Z,1609.34,6.91120845143004,441.055,155,145.828125,0,2
running,2020,9,23,2020-09-23T00:47:11Z,1609.34,7.02157068062827,454.354,167,146.59375,13,3
running,2020,9,23,2020-09-23T00:54:17Z,1609.34,6.85644171779141,426.394,167,147.828125,10,3
running,2020,9,23,2020-09-23T00:58:00Z,861.12,6.84594180704441,219.791,171,149.890625,3,8
running,2020,9,24,2020-09-24T00:30:57Z,1609.34,8.17257769652651,496.285,139,146.953125,2,0
running,2020,9,24,2020-09-24T00:38:55Z,1609.34,7.96626076626077,477.951,152,147.484375,0,3
running,2020,9,24,2020-09-24T00:46:39Z,1609.34,7.72757130509939,463.613,158,149.640625,2,2
running,2020,9,24,2020-09-24T00:51:51Z,1007.3,7.67231121281465,288.106,162,150.953125,0,2
running,2020,9,24,2020-09-24T23:46:38Z,1609.34,8.61348747591522,577.825,140,144.296875,2,0
running,2020,9,24,2020-09-24T23:55:07Z,1609.34,8.47201516108654,508.339,153,147.90625,2,2
running,2020,9,25,2020-09-25T00:04:18Z,1609.34,8.93186813186813,551.474,150,147.71875,7,9
running,2020,9,25,2020-09-25T00:13:11Z,1609.34,8.72273170731707,533.26,151,147.984375,3,0
running,2020,9,25,2020-09-25T00:17:00Z,452.24,8.56125119693584,144.363,151,147.5,0,4
running,2020,9,25,2020-09-25T00:42:27Z,1609.34,9.44783374427615,566.952,139,148.28125,2,0
running,2020,9,25,2020-09-25T00:52:03Z,1609.34,9.39817799579537,576.017,143,149.75,16,15
running,2020,9,25,2020-09-25T01:00:54Z,1609.34,8.8435212660732,530.637,144,149.59375,12,12
running,2020,9,25,2020-09-25T01:10:00Z,1255.02,8.90222369731165,543.999,140,139.5,6,0
running,2020,9,26,2020-09-26T00:23:43Z,1609.34,8.44002517306482,506.357,143,149.328125,2,0
running,2020,9,26,2020-09-26T00:31:31Z,1609.34,7.79947659203257,467.958,149,151.71875,0,2
running,2020,9,26,2020-09-26T00:39:09Z,1609.34,7.62866894197952,457.732,158,151.3125,9,8
running,2020,9,26,2020-09-26T00:46:02Z,1609.34,6.88283294842186,413.008,173,150.65625,30,32
running,2020,9,26,2020-09-26T00:53:03Z,1609.34,7.01789638932496,421.114,179,142.6875,12,10
running,2020,9,26,2020-09-26T00:57:05Z,15.41,9.55213675213675,5.487,165,152.5,0,0
running,2020,9,26,2020-09-26T17:01:47Z,1609.34,7.52803817008139,474.83,147,146.59375,0,0
running,2020,9,26,2020-09-26T17:09:02Z,1609.34,7.24733855714672,434.803,164,151.234375,2,3
running,2020,9,26,2020-09-26T17:17:25Z,1609.34,7.39112703224029,503.06,158,147.15625,10,8
running,2020,9,26,2020-09-26T17:19:13Z,401.84,7.20644814615798,107.963,168,151.609375,0,0
running,2020,9,26,2020-09-26T17:24:44Z,1609.34,5.52355848434926,331.391,182,164.1875,14,6
running,2020,9,26,2020-09-26T17:29:58Z,797.15,10.5516915814319,313.619,150,128.03125,0,4
running,2020,9,26,2020-09-26T17:31:10Z,381.35,5.05034833364715,71.799,178,175.3125,9,4
running,2020,9,26,2020-09-26T17:32:08Z,65.16,23.9699731903485,58.235,173,86.484375,0,3
running,2020,9,26,2020-09-26T17:33:16Z,383.24,4.76927453769559,68.139,155,166.046875,4,2
running,2020,9,26,2020-09-26T17:46:52Z,1609.34,8.93186813186813,816.069,160,148.953125,11,10
running,2020,9,26,2020-09-26T17:53:48Z,1295.04,8.5639846743295,413.486,169,151.28125,13,12
running,2020,9,27,2020-09-27T14:19:47Z,1609.34,8.07903614457831,484.688,137,150.40625,4,19
running,2020,9,27,2020-09-27T14:28:16Z,1609.34,7.96626076626077,508.83,142,147.703125,16,15
running,2020,9,27,2020-09-27T14:36:14Z,1609.34,7.97336504161712,478.361,141,151.40625,11,6
running,2020,9,27,2020-09-27T14:44:19Z,1609.34,8.06931407942238,484.178,145,151.546875,9,5
running,2020,9,27,2020-09-27T14:52:24Z,1609.34,8.08390596745027,485.076,145,151.0625,7,10
running,2020,9,27,2020-09-27T15:00:19Z,1609.34,7.91922054915855,475.186,144,151.15625,9,7
running,2020,9,27,2020-09-27T15:08:06Z,1609.34,7.78137510879025,466.903,145,150.953125,5,14
running,2020,9,27,2020-09-27T15:16:12Z,1609.34,7.92389955686854,485.824,146,150.828125,5,3
running,2020,9,27,2020-09-27T15:18:03Z,386.4,7.54285714285714,108.668,145,151.53125,0,0
running,2020,10,4,2020-10-04T20:18:17Z,1609.34,8.1181598062954,551.191,159,153.796875,67,5
running,2020,10,4,2020-10-04T20:26:24Z,1609.34,8.1157034795764,486.909,167,153.71875,31,65
running,2020,10,4,2020-10-04T20:34:30Z,1609.34,7.9757359500446,486.1,178,151.28125,55,22
running,2020,10,4,2020-10-04T20:42:06Z,1067.89,8.44534005037783,392.112,175,155.03125,26,75
running,2020,10,4,2020-10-04T22:54:04Z,1609.34,8.14775212636695,488.88,161,152.640625,59,0
running,2020,10,4,2020-10-04T23:03:17Z,1609.34,8.59692307692308,552.72,177,150.515625,80,22
running,2020,10,4,2020-10-04T23:11:17Z,1609.34,7.99475409836066,479.679,166,151.96875,0,88
running,2020,10,4,2020-10-04T23:15:08Z,827.92,7.4033673751035,228.499,175,152.21875,0,23
running,2020,10,8,2020-10-08T03:53:49Z,1609.34,7.88198648251543,483.23,134,146.203125,0,0
running,2020,10,8,2020-10-08T04:01:17Z,1609.34,7.47142061281337,448.286,152,149.1875,0,0
running,2020,10,8,2020-10-08T04:08:43Z,1609.34,7.42180409518539,445.28,160,149.796875,0,0
running,2020,10,8,2020-10-08T04:15:57Z,1609.34,7.2414686825054,434.528,165,149.390625,0,0
running,2020,10,8,2020-10-08T04:20:25Z,950.04,7.2122613605808,265.471,165,147.453125,0,2
running,2020,10,8,2020-10-08T17:56:27Z,1609.34,8.49347688410386,527.398,144,143.03125,2,0
running,2020,10,8,2020-10-08T18:04:42Z,1609.34,8.2479704797048,494.946,156,148.96875,2,2
running,2020,10,8,2020-10-08T18:13:56Z,1609.34,8.9081368316174,554.217,149,151.640625,7,12
running,2020,10,8,2020-10-08T18:22:21Z,1609.34,8.41091251175917,504.658,155,152.234375,2,0
running,2020,10,8,2020-10-08T18:30:24Z,1609.34,8.05719435265845,483.502,159,149.03125,0,2
running,2020,10,8,2020-10-08T18:38:54Z,1609.34,8.43471698113208,509.691,159,149.046875,12,9
running,2020,10,8,2020-10-08T18:49:35Z,1230.74,7.9852337005061,366.408,164,154.078125,2,7
running,2020,10,8,2020-10-08T19:09:47Z,1609.34,8.3221843003413,504.273,135,151.5625,2,0
running,2020,10,8,2020-10-08T19:12:30Z,381.89,8.77983633387889,160.27,144,145,0,0
running,2020,10,9,2020-10-09T23:20:02Z,1609.34,7.61135073779796,516.748,135,147.59375,2,0
running,2020,10,9,2020-10-09T23:26:11Z,1373.11,7.21032258064516,369.086,163,150.40625,3,2
running,2020,10,9,2020-10-09T23:32:02Z,1609.34,5.84366013071895,350.647,185,159.59375,2,0
running,2020,10,9,2020-10-09T23:37:49Z,1609.34,5.77695455524445,346.625,194,159.21875,0,2
running,2020,10,9,2020-10-09T23:38:16Z,128.41,5.75587982832618,27.558,200,158.3125,2,0
running,2020,10,9,2020-10-09T23:40:27Z,178.23,19.352380952381,128.626,158,85.015625,0,0
running,2020,10,9,2020-10-09T23:50:35Z,1609.34,9.21098901098901,552.713,163,144.71875,12,2
running,2020,10,10,2020-10-10T00:05:52Z,32.07,10.1831435079727,12.178,169,153.75,0,0
running,2020,10,10,2020-10-10T18:43:40Z,1609.34,8.24543498309253,547.479,128,149.5,0,2
running,2020,10,10,2020-10-10T18:51:40Z,1609.34,7.99713774597495,479.878,143,150.40625,7,10
running,2020,10,10,2020-10-10T18:59:47Z,1609.34,8.10589301903898,486.327,160,146.328125,15,17
running,2020,10,10,2020-10-10T19:08:00Z,1609.34,8.22016549187864,493.187,163,152.515625,18,7
running,2020,10,10,2020-10-10T19:16:17Z,1609.34,8.29131375579598,497.435,167,149.640625,24,32
running,2020,10,10,2020-10-10T19:25:32Z,1609.34,8.45332492908919,554.506,165,148.609375,27,12
running,2020,10,10,2020-10-10T19:33:18Z,1609.34,7.77010428736964,466.237,177,151.109375,69,38
running,2020,10,10,2020-10-10T19:40:46Z,1609.34,7.46102920723227,447.674,173,149.671875,7,38
running,2020,10,10,2020-10-10T19:40:55Z,19.87,7.7431870669746,5.736,186,149.59375,0,0
running,2020,10,11,2020-10-11T23:52:55Z,1609.34,7.61783584209032,485.632,143,148.890625,2,0
running,2020,10,12,2020-10-12T00:00:38Z,1609.34,7.63083926031294,462.982,155,148.859375,10,11
running,2020,10,12,2020-10-12T00:02:45Z,460.88,7.40950276243094,127.325,158,149.890625,2,5
running,2020,10,12,2020-10-12T00:08:26Z,1609.34,5.68994484514213,341.422,172,160.515625,17,12
running,2020,10,12,2020-10-12T00:14:03Z,1609.34,5.61725654450262,337.048,182,161.140625,7,3
running,2020,10,12,2020-10-12T00:19:54Z,513.19,18.3088054607509,350.235,123,104.734375,0,2
running,2020,10,12,2020-10-12T00:27:47Z,1609.34,7.69432013769363,473.262,162,148.09375,12,10
running,2020,10,12,2020-10-12T00:33:42Z,573.45,7.84969271290606,167.808,167,150.828125,0,0
running,2020,10,12,2020-10-12T17:42:05Z,1609.34,8.5530612244898,519.381,133,148.34375,2,0
running,2020,10,12,2020-10-12T17:50:21Z,1609.34,8.26067138897444,495.604,145,152.625,2,0
running,2020,10,12,2020-10-12T18:00:11Z,1609.34,8.87277538868673,589.424,140,148.984375,10,12
running,2020,10,12,2020-10-12T18:09:01Z,1609.34,8.83187355943365,529.892,140,152.03125,2,0
running,2020,10,12,2020-10-12T18:17:31Z,1609.34,8.50155309033281,510.093,142,151.1875,17,8
running,2020,10,12,2020-10-12T18:25:59Z,1609.34,8.45332492908919,507.256,145,152.6875,35,29
running,2020,10,12,2020-10-12T18:32:20Z,941.32,8.13046377690209,285.364,144,152.046875,10,26
running,2020,10,12,2020-10-12T19:12:36Z,1609.34,8.80577806959948,528.331,142,150.171875,4,2
running,2020,10,12,2020-10-12T19:21:44Z,1609.34,8.65238709677419,547.443,141,150.34375,12,7
running,2020,10,12,2020-10-12T19:30:34Z,1609.34,8.70574488802337,529.821,145,150.171875,15,11
running,2020,10,12,2020-10-12T19:38:51Z,1609.34,8.29644293226106,497.806,147,151.484375,15,7
running,2020,10,12,2020-10-12T19:39:18Z,67.82,9.51823988644429,24.071,150,153.15625,0,0
running,2020,10,14,2020-10-14T23:48:46Z,1609.34,7.63518360375747,467.089,139,147.9375,87,0
running,2020,10,14,2020-10-14T23:55:59Z,1609.34,7.21614205004036,433.012,154,149.328125,4,8
running,2020,10,15,2020-10-15T00:00:51Z,770.74,7.54922600619195,292.752,161,146.515625,2,0
running,2020,10,15,2020-10-15T00:02:57Z,701.3,4.7888591322978,125.211,149,155.96875,10,5
running,2020,10,15,2020-10-15T00:04:42Z,145.67,19.3244956772334,104.972,148,100.84375,0,0
running,2020,10,15,2020-10-15T00:06:49Z,709.1,4.82764578833693,127.627,149,162.453125,7,7
running,2020,10,15,2020-10-15T00:08:37Z,133.72,21.6309677419355,107.854,141,93.171875,0,0
running,2020,10,15,2020-10-15T00:10:47Z,721.73,4.8459620596206,130.386,146,167.28125,5,3
running,2020,10,15,2020-10-15T00:13:33Z,257.05,17.3383322559793,166.112,132,103.40625,0,3
running,2020,10,15,2020-10-15T00:16:25Z,434.52,8.77122302158273,142.082,142,145.09375,3,7
running,2020,10,15,2020-10-15T00:49:14Z,1609.34,9.6275664034458,577.571,139,152.59375,4,0
running,2020,10,15,2020-10-15T00:58:14Z,1609.34,8.84935664797097,539.953,149,151.65625,2,2
running,2020,10,15,2020-10-15T00:59:40Z,227.56,8.81735700197239,74.809,149,147.234375,0,0
running,2020,10,16,2020-10-16T00:16:32Z,1609.34,8.17756097560976,652.875,139,145.078125,2,0
running,2020,10,16,2020-10-16T00:24:50Z,1609.34,8.29644293226106,497.745,153,150.875,4,0
running,2020,10,16,2020-10-16T00:34:31Z,1609.34,7.95680806882231,580.672,150,147.328125,9,11
running,2020,10,16,2020-10-16T00:42:18Z,1609.34,7.79041533546326,467.41,161,151.0625,5,2
running,2020,10,16,2020-10-16T00:50:07Z,1609.34,7.81766248907024,469.117,164,145.96875,10,10
running,2020,10,16,2020-10-16T00:58:21Z,1609.34,7.77010428736964,494.013,167,148.8125,2,4
running,2020,10,16,2020-10-16T01:06:05Z,1609.34,7.7364868762619,464.218,171,149.734375,12,13
running,2020,10,16,2020-10-16T01:10:17Z,797.36,8.24036866359447,249.479,172,146.40625,0,3
running,2020,10,17,2020-10-17T18:21:09Z,1609.34,7.23170665947695,441.775,153,149.34375,2,0
running,2020,10,17,2020-10-17T18:28:24Z,1609.34,7.2610720086627,435.627,166,150.15625,10,2
running,2020,10,17,2020-10-17T18:35:37Z,1609.34,7.2122613605808,432.722,170,149.65625,0,10
running,2020,10,17,2020-10-17T18:39:58Z,418.35,7.06224328593997,110.137,173,149.984375,0,0
running,2020,10,17,2020-10-17T18:44:40Z,113.23,8.84060646011866,37.316,128,151.703125,0,0
running,2020,10,17,2020-10-17T18:50:29Z,1609.34,5.81452417082159,348.848,179,160.765625,2,0
running,2020,10,17,2020-10-17T18:56:25Z,1609.34,5.93941541186891,356.378,192,158.234375,2,0
running,2020,10,17,2020-10-17T19:05:22Z,1424.07,9.41136842105263,525.312,163,134.703125,2,4
running,2020,10,17,2020-10-17T19:27:23Z,1609.34,8.53672819859962,512.223,153,152.390625,20,25
running,2020,10,17,2020-10-17T19:36:02Z,1609.34,8.38462019381057,518.969,160,148.921875,19,8
running,2020,10,17,2020-10-17T19:36:53Z,173.81,7.65042783799201,49.581,162,153.125,0,3
running,2020,10,18,2020-10-18T16:48:29Z,1609.34,8.17506857665346,548.681,140,147.28125,2,0
running,2020,10,18,2020-10-18T16:56:16Z,1609.34,7.78137510879025,466.881,151,147.921875,0,0
running,2020,10,18,2020-10-18T17:06:28Z,1609.34,7.93092844470727,611.816,147,150.390625,12,8
running,2020,10,18,2020-10-18T17:14:18Z,1609.34,7.84051446945338,470.402,151,152.3125,4,4
running,2020,10,18,2020-10-18T17:22:45Z,1609.34,8.02585278276481,506.705,150,150.65625,6,2
running,2020,10,18,2020-10-18T17:30:42Z,1609.34,7.94267100977199,476.543,154,151.234375,18,21
running,2020,10,18,2020-10-18T17:39:51Z,1609.34,8.1157034795764,549.185,152,148.859375,9,7
running,2020,10,18,2020-10-18T17:47:47Z,1609.34,7.93796981355431,476.27,153,150.921875,2,2
running,2020,10,18,2020-10-18T17:55:37Z,1609.34,7.82678727750219,469.607,160,151.90625,28,29
running,2020,10,18,2020-10-18T18:03:12Z,1609.34,7.59411098527746,455.597,162,151.390625,20,15
running,2020,10,18,2020-10-18T18:04:06Z,138.13,8.04752475247525,41.444,167,143.71875,0,0
running,2020,10,19,2020-10-19T18:19:47Z,1609.34,8.5069457659372,540.415,135,147.015625,2,0
running,2020,10,19,2020-10-19T18:27:55Z,1609.34,8.128,487.626,141,151.203125,2,0
running,2020,10,19,2020-10-19T18:37:53Z,1609.34,8.53944603629417,598.194,137,149.40625,2,2
running,2020,10,19,2020-10-19T18:47:21Z,1609.34,8.50424857324033,568.568,137,148.421875,0,2
running,2020,10,19,2020-10-19T18:55:45Z,1609.34,8.39249061326658,503.482,141,152.15625,0,0
running,2020,10,19,2020-10-19T19:04:02Z,1609.34,8.28875154511743,497.343,143,152.09375,0,0
running,2020,10,19,2020-10-19T19:05:34Z,13.88,11.8160352422907,6.114,146,126.328125,0,0
running,2020,10,19,2020-10-19T19:40:45Z,1609.34,8.77696335078534,537.639,140,148.0625,4,3
running,2020,10,19,2020-10-19T19:50:02Z,1609.34,8.47737041719343,556.801,139,150.390625,0,0
running,2020,10,19,2020-10-19T19:50:11Z,14.03,8.91405782652044,4.662,146,152.75,0,0
running,2020,10,21,2020-10-21T00:36:35Z,1609.34,7.2610720086627,438.887,138,149.59375,0,2
running,2020,10,21,2020-10-21T00:38:11Z,369.55,6.96685714285714,95.989,149,149.828125,0,0
running,2020,10,21,2020-10-21T00:39:27Z,414.24,4.93421633554084,76.207,153,176.875,0,0
running,2020,10,21,2020-10-21T00:40:26Z,81.15,19.6933920704846,59.597,150,100.890625,0,0
running,2020,10,21,2020-10-21T00:41:42Z,418.09,4.84946664256012,75.585,147,166.984375,0,0
running,2020,10,21,2020-10-21T00:42:55Z,111.14,17.5654223968566,72.769,145,111.703125,0,0
running,2020,10,21,2020-10-21T00:44:10Z,396.11,5.10125523012552,75.33,143,162.859375,0,0
running,2020,10,21,2020-10-21T00:45:27Z,103.62,19.9423048327138,77.02,140,107.921875,0,0
running,2020,10,21,2020-10-21T00:46:43Z,411.01,4.92877618522602,75.53,139,165.21875,2,0
running,2020,10,21,2020-10-21T00:48:39Z,191.54,16.2757281553398,116.208,137,104.40625,0,0
running,2020,10,21,2020-10-21T00:49:54Z,425.23,4.76165453577135,75.486,137,170.171875,0,2
running,2020,10,21,2020-10-21T00:50:53Z,84.65,18.5750692520776,58.614,149,114.03125,0,2
running,2020,10,21,2020-10-21T00:59:46Z,1609.34,7.85659050966608,532.704,150,144.6875,7,15
running,2020,10,21,2020-10-21T01:10:21Z,1609.34,8.73409312927385,635.422,150,148.46875,8,2
running,2020,10,21,2020-10-21T01:12:19Z,367.81,8.45598991172762,115.959,153,153.40625,0,0
running,2020,10,22,2020-10-22T00:45:38Z,1609.34,7.31054783319706,445.728,139,147.828125,2,0
running,2020,10,22,2020-10-22T00:46:54Z,303.24,6.70057456907319,75.759,154,151.65625,0,0
running,2020,10,22,2020-10-22T00:52:47Z,1609.34,5.88985507246377,353.384,161,158.125,12,14
running,2020,10,22,2020-10-22T00:58:35Z,1609.34,5.78942369954673,347.377,173,159.484375,9,10
running,2020,10,22,2020-10-22T01:02:57Z,1123.21,5.87952652345463,246.225,177,157.71875,2,0
running,2020,10,22,2020-10-22T01:14:55Z,1609.34,7.34860273972603,444.769,165,149.046875,4,3
running,2020,10,22,2020-10-22T01:16:50Z,350.41,7.69211356466877,112.107,167,142.171875,5,5
running,2020,10,23,2020-10-23T00:29:25Z,1609.34,8.49885931558935,612.995,122,137.984375,0,0
running,2020,10,23,2020-10-23T00:37:50Z,1609.34,8.07417218543046,504.866,142,146.984375,2,0
running,2020,10,23,2020-10-23T00:46:10Z,1609.34,8.13539581437671,500.673,150,148.40625,11,10
running,2020,10,23,2020-10-23T00:54:05Z,1609.34,7.84969271290606,474.32,154,149.359375,0,2
running,2020,10,23,2020-10-23T01:04:10Z,68,7.99237187127533,20.265,155,155.296875,0,0
running,2020,10,23,2020-10-23T01:38:01Z,1609.34,8.72273170731707,529.4,141,147.203125,43,0
running,2020,10,23,2020-10-23T01:46:43Z,1609.34,8.38986549890522,522.273,143,150.296875,0,0
running,2020,10,23,2020-10-23T01:59:43Z,1609.34,8.10589301903898,780.238,143,148.59375,3,2
running,2020,10,23,2020-10-23T02:01:06Z,205.78,8.63567289117836,74.736,145,141.109375,0,2
running,2020,10,24,2020-10-24T00:02:14Z,1609.34,7.39316427783903,467.272,153,146.1875,2,2
running,2020,10,24,2020-10-24T00:05:23Z,436.49,7.21420118343195,189.098,162,146.140625,2,2
running,2020,10,24,2020-10-24T00:06:22Z,314.37,5.08577929465301,59.605,126,169.359375,0,0
running,2020,10,24,2020-10-24T00:07:23Z,177.68,9.15752816660977,60.661,138,150.15625,0,0
running,2020,10,24,2020-10-24T00:09:23Z,609.52,5.29563672260612,120.349,152,164.09375,2,0
running,2020,10,24,2020-10-24T00:10:24Z,182.87,8.88158940397351,60.561,151,148.9375,0,0
running,2020,10,24,2020-10-24T00:13:25Z,902.82,5.36877502001601,180.693,158,163.703125,0,0
running,2020,10,24,2020-10-24T00:14:25Z,186.42,8.74833659491194,60.793,165,148.296875,0,2
running,2020,10,24,2020-10-24T00:18:27Z,1160.24,5.58102372034956,241.391,182,161.46875,2,0
running,2020,10,24,2020-10-24T00:19:28Z,180.71,9.08310193024043,61.194,181,147.421875,0,2
running,2020,10,24,2020-10-24T00:22:29Z,824.69,5.87823800131493,180.741,187,160.640625,0,2
running,2020,10,24,2020-10-24T00:23:30Z,164.02,9.93790292701,60.777,183,147.265625,0,0
running,2020,10,24,2020-10-24T00:25:30Z,599.92,5.38278145695364,120.403,188,163.671875,2,0
running,2020,10,24,2020-10-24T00:26:31Z,161.63,10.171558589306,61.295,186,147.3125,0,2
running,2020,10,24,2020-10-24T00:27:32Z,303.9,5.3399163846307,60.499,186,167.4375,0,0
running,2020,10,24,2020-10-24T00:28:18Z,91.3,12.640150801131,43.026,188,127.984375,0,0
running,2020,10,24,2020-10-24T01:02:29Z,1609.34,9.24910344827586,559.513,136,150.28125,2,0
running,2020,10,24,2020-10-24T01:04:52Z,392.77,8.75119086460033,140.455,139,144.921875,0,0
running,2020,10,24,2020-10-24T23:52:17Z,1609.34,7.42180409518539,466.113,129,147.84375,21,5
running,2020,10,24,2020-10-24T23:58:15Z,1609.34,5.97913508693714,358.728,146,158.9375,3,0
running,2020,10,25,2020-10-25T00:04:04Z,1609.34,5.80445790954339,348.261,182,157.6875,5,0
running,2020,10,25,2020-10-25T00:09:57Z,1609.34,5.8976253298153,353.822,192,157.015625,7,14
running,2020,10,25,2020-10-25T00:10:35Z,165.71,6.12243779958913,37.824,197,159.671875,0,3
running,2020,10,25,2020-10-25T00:12:30Z,106.32,22.692385786802,89.934,168,104.9375,0,0
running,2020,10,25,2020-10-25T00:43:36Z,1609.34,8.9408,536.442,140,150.203125,5,24
running,2020,10,25,2020-10-25T00:52:50Z,1609.34,8.48541600759253,554.18,152,147,7,2
running,2020,10,25,2020-10-25T00:53:11Z,46.74,8.91702127659574,15.539,150,153.9375,0,0
running,2020,10,25,2020-10-25T19:27:11Z,1609.34,7.905216622458,511.703,158,147.375,103,0
running,2020,10,25,2020-10-25T19:36:20Z,1609.34,8.47201516108654,549.405,173,149.078125,85,6
running,2020,10,25,2020-10-25T19:47:46Z,1609.34,8.45865657521287,685.909,164,147.578125,63,45
running,2020,10,25,2020-10-25T19:55:35Z,1609.34,7.80628637951106,468.323,159,150.921875,10,104
running,2020,10,25,2020-10-25T19:58:56Z,738.24,7.2336569579288,199.078,170,151.078125,2,28
running,2020,10,27,2020-10-27T00:31:26Z,1609.34,7.45480822679266,479.628,134,146.734375,2,0
running,2020,10,27,2020-10-27T00:39:09Z,1609.34,7.12603613177471,462.693,145,148.234375,2,0
running,2020,10,27,2020-10-27T00:46:20Z,1609.34,7.19099195710456,431.417,156,149.890625,2,2
running,2020,10,27,2020-10-27T00:48:51Z,376.27,7.38502202643172,103.587,160,150.3125,0,2
running,2020,10,27,2020-10-27T01:11:39Z,1609.34,8.3221843003413,519.054,147,149.6875,35,0
running,2020,10,27,2020-10-27T01:13:31Z,295.77,8.07174240144448,108.346,142,141.28125,0,0
running,2020,10,27,2020-10-27T23:49:58Z,1609.34,8.06931407942238,559.252,138,144.5625,2,0
running,2020,10,27,2020-10-27T23:57:52Z,1609.34,7.90055964653903,473.996,149,151,2,4
running,2020,10,28,2020-10-28T00:05:45Z,1609.34,7.87504403992954,472.556,159,150.953125,2,0
running,2020,10,28,2020-10-28T00:15:08Z,1609.34,8.22520699172033,563.472,152,149.28125,18,15
running,2020,10,28,2020-10-28T00:23:57Z,1609.34,7.9852337005061,528.18,149,149.640625,19,19
running,2020,10,28,2020-10-28T00:31:52Z,1609.34,7.91454706403069,474.861,156,152.46875,2,2
running,2020,10,28,2020-10-28T00:41:56Z,1609.34,8.38462019381057,604.79,146,150.140625,18,14
running,2020,10,28,2020-10-28T00:51:58Z,1609.34,8.47469194312796,601.992,146,148.28125,14,10
running,2020,10,28,2020-10-28T00:52:16Z,17.68,7.33253143794423,4.833,150,147.796875,0,0
running,2020,10,28,2020-10-28T01:17:09Z,1609.34,8.34808590102708,513.473,139,146.75,20,43
running,2020,10,28,2020-10-28T01:25:19Z,1609.34,8.16014602981442,489.678,147,149.84375,0,6
running,2020,10,28,2020-10-28T01:25:28Z,23.05,8.30672034685661,7.138,142,151.71875,0,0
running,2020,10,29,2020-10-29T00:08:07Z,1609.34,7.27683125339121,496.448,132,146.46875,2,0
running,2020,10,29,2020-10-29T00:13:46Z,1026.3,7.07715039577836,339.372,143,147.125,0,3
running,2020,10,29,2020-10-29T00:16:23Z,868.1,4.85122083559414,157.012,157,174.78125,7,2
running,2020,10,29,2020-10-29T00:18:24Z,163.43,19.7659543109801,120.394,135,96.96875,0,0
running,2020,10,29,2020-10-29T00:19:34Z,395.18,4.75069075451647,69.987,130,165.6875,5,3
running,2020,10,29,2020-10-29T00:21:06Z,120.04,20.5221117061974,91.85,139,117.109375,3,0
running,2020,10,29,2020-10-29T00:22:16Z,393.64,4.80085913728298,70.457,137,164.734375,5,5
running,2020,10,29,2020-10-29T00:26:13Z,290.22,21.3214626391097,236.839,121,101.640625,0,2
running,2020,10,29,2020-10-29T00:26:47Z,188.48,4.83025391680173,33.94,121,171.859375,3,3
running,2020,10,29,2020-10-29T00:28:17Z,110.2,21.8779771615008,89.895,137,100.09375,4,0
running,2020,10,29,2020-10-29T00:28:51Z,213.12,4.25752380952381,33.826,135,166,0,2
running,2020,10,29,2020-10-29T00:38:11Z,1609.34,9.06774847870182,560.809,154,139.421875,2,7
running,2020,10,29,2020-10-29T00:39:05Z,49.26,8.21010101010101,15.077,158,149.40625,0,0
running,2020,10,29,2020-10-29T00:47:17Z,1175.14,7.44652970571905,326.247,158,148.859375,26,4
running,2020,10,29,2020-10-29T17:25:25Z,1609.34,8.21010101010101,498.61,137,144.515625,2,0
running,2020,10,29,2020-10-29T17:33:16Z,1609.34,7.84969271290606,470.914,147,148.578125,2,7
running,2020,10,29,2020-10-29T17:41:17Z,1609.34,8.01865470852018,481.092,149,148.671875,16,13
running,2020,10,29,2020-10-29T17:43:15Z,378.58,7.84969271290606,110.804,145,153.546875,6,5
running,2020,10,29,2020-10-29T18:50:56Z,1609.34,8.42676720075401,505.671,153,147.8125,4,0
running,2020,10,29,2020-10-29T19:01:18Z,1609.34,8.73125,622.186,143,148.359375,14,12
running,2020,10,29,2020-10-29T19:09:35Z,1609.34,8.28107440568077,496.856,140,148.78125,5,2
running,2020,10,29,2020-10-29T19:18:47Z,1609.34,8.56671989779623,552.224,140,137.328125,8,16
running,2020,10,29,2020-10-29T19:27:47Z,1609.34,8.44268177525968,540.536,144,142,9,2
running,2020,10,29,2020-10-29T19:29:04Z,248.43,7.97810826888757,73.892,149,154.125,0,0
running,2020,10,30,2020-10-30T23:27:22Z,1609.34,8.10099667774086,486.073,138,149.6875,7,8
running,2020,10,30,2020-10-30T23:36:45Z,1609.34,8.20758873929009,561.942,146,146.6875,8,9
running,2020,10,30,2020-10-30T23:47:07Z,332.85,8.42147566718995,104.493,146,147.90625,2,0
running,2020,10,31,2020-10-31T22:08:35Z,1609.34,7.40132450331126,469.9,129,147.484375,0,0
running,2020,10,31,2020-10-31T22:15:41Z,1609.34,7.10338983050847,426.198,134,151.1875,10,0
running,2020,10,31,2020-10-31T22:16:20Z,146.37,7.12982456140351,38.905,137,151.234375,0,0
running,2020,10,31,2020-10-31T22:19:05Z,805.53,5.4873977086743,164.795,143,162.453125,2,14
running,2020,10,31,2020-10-31T22:20:55Z,369.44,6.97410296411856,109.535,156,144.3125,3,0
running,2020,10,31,2020-10-31T22:23:37Z,801.88,5.41757220763482,161.967,168,165.046875,11,2
running,2020,10,31,2020-10-31T22:25:07Z,201.06,12.0930568079351,90.646,168,113.59375,2,0
running,2020,10,31,2020-10-31T22:27:43Z,803.54,5.20015509887553,155.772,170,164.21875,10,14
running,2020,10,31,2020-10-31T22:29:42Z,337.47,9.41467181467181,118.439,165,136.46875,5,10
running,2020,10,31,2020-10-31T22:32:16Z,797.35,5.20520085387153,154.736,175,167.1875,7,2
running,2020,10,31,2020-10-31T22:40:50Z,1609.34,7.51959629941127,514.14,175,146.15625,9,10
running,2020,10,31,2020-10-31T22:48:20Z,1609.34,7.11658264791722,450.056,181,147.59375,4,7
running,2020,10,31,2020-10-31T22:50:25Z,396.1,7.14692246203038,113.022,180,148.140625,0,2
running,2020,11,1,2020-11-01T19:40:28Z,1609.34,8.48273244781784,509.035,140,148.609375,2,2
running,2020,11,1,2020-11-01T19:48:24Z,1609.34,7.94737777777778,476.827,143,153.1875,2,2
running,2020,11,1,2020-11-01T19:56:37Z,1609.34,8.21010101010101,492.578,143,148.984375,24,25
running,2020,11,1,2020-11-01T20:04:39Z,1609.34,8.02585278276481,481.6,150,145.734375,21,18
running,2020,11,1,2020-11-01T20:12:18Z,1609.34,7.66135389888603,459.737,151,150.8125,12,14
running,2020,11,1,2020-11-01T20:19:47Z,1609.34,7.47975460122699,448.76,157,145.921875,13,9
running,2020,11,1,2020-11-01T20:28:16Z,1609.34,8.27341147439852,508.867,158,149.21875,13,16
running,2020,11,1,2020-11-01T20:37:09Z,1609.34,8.314445133292,532.78,151,144.8125,21,19
running,2020,11,1,2020-11-01T20:44:44Z,1609.34,7.57909013845719,454.806,158,148.890625,19,17
running,2020,11,1,2020-11-01T20:48:30Z,843.84,7.09775072770574,223.309,165,151.0625,7,9
running,2020,11,3,2020-11-03T00:29:52Z,1609.34,6.89167523124358,438.124,141,149.546875,2,0
running,2020,11,3,2020-11-03T00:35:42Z,983.22,7.43208645054032,349.767,153,150.125,0,0
running,2020,11,3,2020-11-03T00:41:00Z,1609.34,5.30191737497529,318.112,164,163.640625,2,7
running,2020,11,3,2020-11-03T00:41:08Z,35.9,5.55214241357897,7.431,175,164,0,0
running,2020,11,3,2020-11-03T00:44:03Z,70.81,24.8355555555556,175.279,142,66.046875,0,2
running,2020,11,3,2020-11-03T00:49:24Z,1609.34,5.35698022768125,321.415,158,163.96875,16,3
running,2020,11,3,2020-11-03T00:49:33Z,40.31,5.5648132780083,8.363,175,164.875,0,0
running,2020,11,3,2020-11-03T00:51:23Z,27.86,18.9691654879774,110.794,156,62.6875,0,2
running,2020,11,3,2020-11-03T00:55:30Z,1092.29,5.5648132780083,246.768,159,159.09375,10,5
running,2020,11,3,2020-11-03T01:06:28Z,1609.34,9.21731958762886,552.96,154,149.328125,13,10
running,2020,11,3,2020-11-03T01:12:58Z,872.18,8.58591549295775,349.012,155,147.84375,28,31
running,2020,11,3,2020-11-03T01:34:51Z,1609.34,8.85812417437252,574.307,139,145.671875,20,20
running,2020,11,3,2020-11-03T01:35:58Z,184.6,9.3850244926522,64.601,141,153.640625,3,3
running,2020,11,4,2020-11-04T00:44:28Z,1609.34,7.82907180385289,472.689,145,141.640625,5,5
running,2020,11,4,2020-11-04T00:52:05Z,1609.34,7.61783584209032,457.128,159,141.40625,7,8
running,2020,11,4,2020-11-04T00:59:52Z,1609.34,7.77911832946636,466.734,162,145.90625,14,12
running,2020,11,4,2020-11-04T01:10:27Z,1039.03,7.77911832946636,301.365,163,149.03125,7,5
running,2020,11,4,2020-11-04T01:26:49Z,1609.34,8.14280510018215,488.499,142,148.390625,20,18
running,2020,11,4,2020-11-04T01:36:29Z,1609.34,8.65238709677419,579.838,148,144.671875,22,17
running,2020,11,4,2020-11-04T01:47:20Z,1609.34,8.32993788819876,651.513,149,149,21,18
running,2020,11,4,2020-11-04T01:55:18Z,1609.34,7.70094745908699,477.832,155,148.859375,12,8
running,2020,11,4,2020-11-04T02:03:22Z,1609.34,8.06931407942238,484.168,158,147.5625,16,21
running,2020,11,4,2020-11-04T02:07:25Z,631.72,7.74542304360381,220.967,152,148.375,13,14
running,2020,11,5,2020-11-05T00:51:40Z,1609.34,7.23560830860534,489.451,148,148.609375,76,24
running,2020,11,5,2020-11-05T00:55:07Z,628.53,6.98136387298282,206.238,160,146.65625,0,0
running,2020,11,5,2020-11-05T00:56:08Z,324.29,5.07039697542533,61.306,151,160.265625,0,0
running,2020,11,5,2020-11-05T00:57:09Z,182.74,8.81445941505094,60.043,161,149.421875,0,0
running,2020,11,5,2020-11-05T00:59:10Z,634.93,5.12660550458716,121.349,158,168.234375,2,2
running,2020,11,5,2020-11-05T01:00:12Z,186.41,8.91405782652044,61.957,172,149.1875,0,0
running,2020,11,5,2020-11-05T01:03:14Z,973.67,5.0060470324748,181.71,173,164.390625,17,9
running,2020,11,5,2020-11-05T01:04:35Z,109.47,20.0316654219567,81.782,161,93.796875,0,2
running,2020,11,5,2020-11-05T01:06:37Z,631.47,5.14825335892514,121.195,169,158.78125,2,4
running,2020,11,5,2020-11-05T01:08:14Z,150.42,17.4397919375813,97.824,150,96.125,3,4
running,2020,11,5,2020-11-05T01:09:15Z,336.9,4.84246253836433,60.823,142,169.78125,3,5
running,2020,11,5,2020-11-05T01:10:03Z,68.51,18.6266666666667,47.587,156,107.609375,0,0
running,2020,11,5,2020-11-05T01:15:21Z,1088.54,7.4776693615835,303.434,151,148.515625,8,7
running,2020,11,5,2020-11-05T01:37:28Z,1609.34,8.688824101069,566.912,143,147.34375,24,23
running,2020,11,5,2020-11-05T01:38:43Z,206.7,8.98572864321608,69.245,145,153.453125,0,0
running,2020,11,6,2020-11-06T00:09:46Z,1609.34,8.34808590102708,518.318,141,143.421875,4,2
running,2020,11,6,2020-11-06T00:18:02Z,1609.34,8.27086031452359,496.26,156,144.046875,4,0
running,2020,11,6,2020-11-06T00:27:25Z,1609.34,7.8658064516129,562.771,158,147.703125,5,16
running,2020,11,6,2020-11-06T00:35:05Z,1609.34,7.67890065845978,460.693,161,151.296875,21,17
running,2020,11,6,2020-11-06T00:44:55Z,1609.34,7.99237187127533,589.805,157,149.5,22,12
running,2020,11,6,2020-11-06T00:53:27Z,1609.34,7.9852337005061,511.479,151,146.390625,30,21
running,2020,11,6,2020-11-06T01:03:18Z,1609.34,8.59692307692308,591.291,153,148.3125,25,23
running,2020,11,6,2020-11-06T01:11:26Z,1609.34,8.07660343270099,487.802,162,149.8125,28,21
running,2020,11,6,2020-11-06T01:15:15Z,635.33,8.51234528721041,229.169,158,148.78125,8,8
running,2020,11,6,2020-11-06T01:20:30Z,968.99,8.20507800550627,312.625,163,144.390625,10,9
running,2020,11,6,2020-11-06T17:24:49Z,1609.34,8.37676452217364,527.011,143,144.578125,0,0
running,2020,11,6,2020-11-06T17:33:05Z,1609.34,8.26831072749692,496.047,150,149.734375,2,0
running,2020,11,6,2020-11-06T17:33:35Z,91.81,8.17756097560976,27.989,152,153.46875,0,0
running,2020,11,6,2020-11-06T18:12:00Z,1609.34,8.48810126582279,528.624,137,142.328125,2,0
running,2020,11,6,2020-11-06T18:12:49Z,119.14,8.08147032238626,35.895,144,154.578125,0,0
running,2020,11,7,2020-11-07T18:28:20Z,1609.34,7.3809576224546,477.894,145,146.796875,2,0
running,2020,11,7,2020-11-07T18:33:03Z,725.31,8.69163966299417,282.659,152,135.65625,0,0
running,2020,11,7,2020-11-07T18:38:11Z,1609.34,5.13347368421053,308.002,166,171.296875,2,2
running,2020,11,7,2020-11-07T18:42:21Z,301.14,22.2777408637874,250.022,137,100.078125,0,0
running,2020,11,7,2020-11-07T18:50:01Z,1609.34,7.57267080745342,459.77,145,149.515625,15,20
running,2020,11,7,2020-11-07T18:53:14Z,343.65,8.72840872111943,191.839,142,134.015625,0,0
running,2020,11,7,2020-11-07T18:55:37Z,797.12,4.82677703797013,143.441,160,177.328125,12,6
running,2020,11,7,2020-11-07T19:02:01Z,1064.85,8.19004580152672,381.123,148,142.203125,2,12
running,2020,11,7,2020-11-07T20:04:49Z,1609.34,7.82907180385289,546.303,143,147.265625,2,0
running,2020,11,7,2020-11-07T20:12:00Z,1609.34,7.18328869844671,431.018,159,152.21875,5,11
running,2020,11,7,2020-11-07T20:16:13Z,943.37,6.85644171779141,241.121,164,152.34375,7,6
running,2020,11,8,2020-11-08T18:46:47Z,1609.34,10.0571428571429,656.736,144,155.921875,78,102
running,2020,11,8,2020-11-08T18:55:42Z,1609.34,8.91405782652044,534.845,155,151.5625,38,96
running,2020,11,8,2020-11-08T19:04:07Z,1609.34,8.42147566718995,505.289,160,152.4375,55,58
running,2020,11,8,2020-11-08T19:13:13Z,1609.34,8.87571144937128,545.661,149,157.015625,15,105
running,2020,11,8,2020-11-08T19:22:30Z,1609.34,8.91702127659574,556.89,141,151.34375,11,68
running,2020,11,8,2020-11-08T19:31:48Z,1609.34,8.97370357979257,558.623,164,154.0625,149,12
running,2020,11,8,2020-11-08T19:37:53Z,1147.43,8.51504761904762,364.254,171,154.578125,106,0
running,2020,11,8,2020-11-08T19:38:55Z,114.87,14.0578616352201,62.559,163,108.84375,2,0
running,2020,11,8,2020-11-08T19:40:46Z,419.15,6.9416149068323,108.466,159,151.609375,7,2
running,2020,11,10,2020-11-10T01:11:36Z,1609.34,7.57267080745342,465.199,153,149.75,4,0
running,2020,11,10,2020-11-10T01:19:00Z,1609.34,7.4033673751035,444.144,162,151.171875,2,0
running,2020,11,10,2020-11-10T01:28:34Z,1609.34,7.68109965635739,573.994,154,150.859375,2,4
running,2020,11,10,2020-11-10T01:36:12Z,1609.34,7.47975460122699,457.115,156,150.578125,0,2
running,2020,11,10,2020-11-10T01:38:53Z,557.13,7.63518360375747,158.575,152,151.515625,0,0
running,2020,11,11,2020-11-11T00:24:13Z,1609.34,8.09122171945701,485.426,145,148.453125,7,5
running,2020,11,11,2020-11-11T00:32:18Z,1609.34,7.97336504161712,485.102,147,144.046875,2,0
running,2020,11,11,2020-11-11T00:41:50Z,1609.34,7.96389548693587,571.817,143,144.84375,9,4
running,2020,11,11,2020-11-11T00:50:05Z,1609.34,7.96153161175423,494.908,143,147.609375,0,2
running,2020,11,11,2020-11-11T00:58:20Z,1609.34,8.07417218543046,494.553,145,149.96875,2,0
running,2020,11,11,2020-11-11T01:06:34Z,1609.34,8.01865470852018,494.156,142,144.84375,2,0
running,2020,11,11,2020-11-11T01:15:11Z,1609.34,8.5530612244898,517.608,139,146.0625,9,12
running,2020,11,11,2020-11-11T01:23:43Z,1609.34,8.04269865067466,512.112,144,147.9375,2,2
running,2020,11,11,2020-11-11T01:32:18Z,1609.34,8.30672034685661,514.381,148,150.09375,4,2
running,2020,11,11,2020-11-11T01:38:26Z,12.56,8.33252562907735,3.9,146,154.75,0,0
running,2020,11,12,2020-11-12T01:08:59Z,1609.34,7.7120184013801,510.839,133,147.921875,2,2
running,2020,11,12,2020-11-12T01:16:02Z,1609.34,7.05666929755328,423.37,143,150.921875,2,2
running,2020,11,12,2020-11-12T01:23:29Z,1609.34,7.07715039577836,446.842,147,149.296875,5,7
running,2020,11,12,2020-11-12T01:27:03Z,633.02,6.8407039020658,161.452,157,151.90625,4,3
running,2020,11,12,2020-11-12T01:39:22Z,1609.34,8.41091251175917,514.526,136,141.671875,5,2
running,2020,11,12,2020-11-12T01:39:35Z,24.64,9.75005452562704,8.956,142,152.4375,0,0
running,2020,11,13,2020-11-13T00:04:56Z,1609.34,8.23278084714549,528.004,125,138.96875,7,2
running,2020,11,13,2020-11-13T00:12:45Z,1609.34,7.81538461538462,468.872,134,149.3125,2,0
running,2020,11,13,2020-11-13T00:20:43Z,1609.34,7.96862745098039,478.143,143,150.09375,0,0
running,2020,11,13,2020-11-13T00:32:35Z,1609.34,8.23278084714549,712.128,134,143.734375,2,0
running,2020,11,13,2020-11-13T00:41:35Z,1609.34,8.53944603629417,539.164,142,150.6875,10,12
running,2020,11,13,2020-11-13T00:49:41Z,1609.34,8.10099667774086,486.125,150,151.921875,4,2
running,2020,11,13,2020-11-13T00:55:22Z,341.8,7.70980166714573,98.248,145,152.640625,0,0
running,2020,11,13,2020-11-13T01:28:31Z,1609.34,8.56671989779623,562.704,125,149.4375,7,0
running,2020,11,13,2020-11-13T01:29:12Z,115.79,8.95572621035058,38.66,133,153.921875,0,0
running,2020,11,14,2020-11-14T19:56:56Z,1609.34,8.9887399463807,636.029,135,147.625,18,96
running,2020,11,14,2020-11-14T20:04:42Z,1609.34,7.77460869565217,466.474,145,152,2,108
running,2020,11,14,2020-11-14T20:13:55Z,1609.34,8.70009730781706,552.25,161,151.296875,119,44
running,2020,11,14,2020-11-14T20:23:18Z,1609.34,9.17946611909651,563.077,173,150.34375,124,5
running,2020,11,14,2020-11-14T20:25:19Z,434.28,7.32652280797596,118.639,173,152.28125,8,5
running,2020,11,15,2020-11-15T18:49:34Z,1609.34,7.34457831325301,440.627,143,151.046875,4,0
running,2020,11,15,2020-11-15T18:56:32Z,1609.34,6.96504803947027,417.928,164,151.65625,2,0
running,2020,11,15,2020-11-15T19:03:13Z,1609.34,6.67722180731889,400.648,168,152.453125,0,0
running,2020,11,15,2020-11-15T19:10:35Z,1609.34,6.56767874632713,442.274,163,148.0625,0,0
running,2020,11,15,2020-11-15T19:17:23Z,1609.34,6.79908745247148,407.931,172,152.25,13,12
running,2020,11,15,2020-11-15T19:24:09Z,1609.34,6.76479192938209,405.875,173,152.25,5,2
running,2020,11,15,2020-11-15T19:30:40Z,1609.34,6.51345313258863,390.772,175,153.203125,2,0
running,2020,11,15,2020-11-15T19:37:14Z,1609.34,6.58056918547596,394.797,177,153.296875,2,0
running,2020,11,15,2020-11-15T19:43:59Z,1609.34,6.69221556886228,404.93,179,152.40625,2,0
running,2020,11,15,2020-11-15T19:53:12Z,1609.34,7.95444839857651,552.242,165,146.5625,7,2
running,2020,11,15,2020-11-15T20:01:05Z,1609.34,7.66792452830189,473.132,166,151.9375,14,11
running,2020,11,15,2020-11-15T20:08:22Z,1609.34,7.28275862068966,436.989,172,153.921875,11,5
running,2020,11,15,2020-11-15T20:15:37Z,1609.34,7.24733855714672,434.896,173,151.4375,6,6
running,2020,11,15,2020-11-15T20:16:28Z,175.33,7.44652970571905,48.672,172,128.984375,2,2
running,2020,11,17,2020-11-17T00:45:39Z,1609.34,7.40950276243094,444.519,149,151.8125,4,0
running,2020,11,17,2020-11-17T00:48:57Z,731.99,7.23560830860534,197.456,167,151.34375,0,0
running,2020,11,17,2020-11-17T00:51:41Z,817.33,5.3871058445471,164.154,170,164.640625,2,2
running,2020,11,17,2020-11-17T00:52:51Z,183.26,10.2807205825987,70.232,168,140.109375,0,0
running,2020,11,17,2020-11-17T00:55:34Z,810.38,5.39143718592965,162.893,172,164.75,2,0
running,2020,11,17,2020-11-17T00:56:58Z,187.58,12.0172043010753,84.04,166,114.140625,0,2
running,2020,11,17,2020-11-17T00:59:40Z,808.58,5.38494278257378,162.341,165,166.390625,2,2
running,2020,11,17,2020-11-17T01:08:58Z,1609.34,9.29397089397089,557.608,157,142.90625,10,17
running,2020,11,17,2020-11-17T01:18:44Z,1609.34,9.05550303848751,586.361,147,147.21875,15,10
running,2020,11,17,2020-11-17T01:24:09Z,704.64,8.65517909002904,243.001,141,148.625,5,2
running,2020,11,18,2020-11-18T00:37:20Z,1609.34,7.2492972972973,478.388,136,150.359375,4,3
running,2020,11,18,2020-11-18T00:44:37Z,1609.34,7.00323759791123,437.172,153,150.375,2,2
running,2020,11,18,2020-11-18T00:51:52Z,1609.34,7.12792984321021,434.826,158,149.65625,10,12
running,2020,11,18,2020-11-18T00:58:43Z,1609.34,6.85293817066939,411.146,165,152.65625,5,5
running,2020,11,18,2020-11-18T01:06:45Z,1609.34,6.96323987538941,482.282,160,148.421875,6,3
running,2020,11,18,2020-11-18T01:13:49Z,1609.34,7.06410323939953,423.842,165,152.203125,10,2
running,2020,11,18,2020-11-18T01:20:39Z,1609.34,6.83895971443141,410.302,168,151.5625,3,9
running,2020,11,18,2020-11-18T01:27:47Z,1609.34,7.06410323939953,427.176,170,150.984375,2,2
running,2020,11,18,2020-11-18T01:33:01Z,1016.33,7.37486939785538,311.747,163,147.390625,9,5
running,2020,11,19,2020-11-19T00:44:04Z,1609.34,7.05481325618096,474.989,139,148.828125,113,40
running,2020,11,19,2020-11-19T00:50:59Z,1609.34,6.91298969072165,414.808,156,151.734375,2,4
running,2020,11,19,2020-11-19T00:52:57Z,421.75,7.5006711409396,117.951,159,151.328125,0,0
running,2020,11,19,2020-11-19T00:54:07Z,396.86,4.75237420269313,70.315,163,177.75,0,0
running,2020,11,19,2020-11-19T00:57:06Z,470.48,10.2414662084765,179.608,150,132.671875,0,2
running,2020,11,19,2020-11-19T00:58:15Z,401.35,4.58737814263725,68.641,154,183.015625,5,10
running,2020,11,19,2020-11-19T01:01:07Z,350.69,12.458151416628,162.909,144,103.375,5,7
running,2020,11,19,2020-11-19T01:03:17Z,395.06,4.64457142857143,68.405,131,158.671875,5,32
running,2020,11,19,2020-11-19T01:06:02Z,408.06,4.51707645671943,68.725,144,165.859375,5,0
running,2020,11,19,2020-11-19T01:07:59Z,235.96,12.9389290882779,113.809,152,114.984375,0,2
running,2020,11,19,2020-11-19T01:25:01Z,1609.34,7.81538461538462,468.938,148,149.25,10,13
running,2020,11,19,2020-11-19T01:26:06Z,198.55,8.46934006946637,62.703,158,150.59375,0,2
running,2020,11,20,2020-11-20T00:09:04Z,1609.34,8.58042226487524,572.429,139,145.46875,19,30
running,2020,11,20,2020-11-20T00:17:11Z,1609.34,8.1157034795764,487.012,150,152.125,8,12
running,2020,11,20,2020-11-20T00:25:38Z,1609.34,8.37153558052434,506.885,156,149.359375,24,28
running,2020,11,20,2020-11-20T00:34:47Z,1609.34,7.9852337005061,549.05,149,147.5,16,16
running,2020,11,20,2020-11-20T00:44:50Z,1609.34,7.58123233465235,602.985,149,149.484375,10,2
running,2020,11,20,2020-11-20T00:52:11Z,1609.34,7.35868312757202,441.52,146,151.390625,2,2
running,2020,11,20,2020-11-20T01:00:27Z,1609.34,7.4197510373444,496.264,148,149.328125,3,2
running,2020,11,20,2020-11-20T01:08:08Z,1609.34,7.54497890295359,460.066,143,149.171875,11,8
running,2020,11,20,2020-11-20T01:08:27Z,17.44,7.85889246996777,5.109,144,151.796875,0,0
running,2020,11,21,2020-11-21T00:38:23Z,1609.34,7.39928275862069,487.941,146,147.65625,2,0
running,2020,11,21,2020-11-21T00:45:04Z,1609.34,6.6955566650025,401.684,164,153.40625,2,2
running,2020,11,21,2020-11-21T00:56:12Z,1609.34,7.32852459016393,667.285,156,150.3125,2,2
running,2020,11,21,2020-11-21T01:04:30Z,1609.34,7.17368280288847,498.646,141,148.078125,0,0
running,2020,11,21,2020-11-21T01:04:39Z,22.62,7.72312122084653,6.513,141,151.578125,0,0
running,2020,11,22,2020-11-22T00:34:20Z,1609.34,8.42676720075401,505.562,145,151.078125,4,0
running,2020,11,22,2020-11-22T00:42:43Z,1609.34,8.20256880733945,502.653,159,150.40625,0,0
running,2020,11,22,2020-11-22T00:51:13Z,1609.34,8.49885931558935,509.915,153,148.78125,2,2
running,2020,11,22,2020-11-22T00:52:22Z,13.75,17.9174348697395,9.186,140,154.21875,0,0
running,2020,11,22,2020-11-22T01:05:53Z,1609.34,7.57480937588252,532.179,142,148.96875,6,2
running,2020,11,22,2020-11-22T01:06:13Z,53.51,7.02340926944226,14.013,160,151.578125,0,0
running,2020,11,22,2020-11-22T01:19:52Z,1609.34,8.73693811074919,524.272,145,153.078125,4,0
running,2020,11,22,2020-11-22T01:21:52Z,367.49,8.15270516717325,111.716,141,154.078125,0,2
running,2020,11,22,2020-11-22T18:52:56Z,1609.34,9.03415291343887,547.544,128,153.921875,36,123
running,2020,11,22,2020-11-22T19:00:21Z,1609.34,7.4156483273431,444.995,143,151.953125,17,90
running,2020,11,22,2020-11-22T19:10:14Z,1609.34,8.23783783783784,592.969,141,152.828125,76,83
running,2020,11,22,2020-11-22T19:20:33Z,1609.34,9.08310193024043,619.259,172,149.5625,102,22
running,2020,11,22,2020-11-22T19:28:50Z,1609.34,8.12553771584368,497.329,168,150.734375,56,53
running,2020,11,22,2020-11-22T19:38:12Z,1609.34,8.4294154619736,561.132,176,152.84375,70,10
running,2020,11,22,2020-11-22T19:39:27Z,217.01,8.6468085106383,69.95,182,157.96875,27,0
running,2020,11,23,2020-11-23T20:19:21Z,1609.34,7.27880597014925,489.637,143,147.9375,0,0
running,2020,11,23,2020-11-23T20:26:32Z,1609.34,7.10527152317881,430.758,156,149.640625,0,0
running,2020,11,23,2020-11-23T20:27:13Z,164.52,6.74099019854235,41.351,162,151.546875,0,0
running,2020,11,23,2020-11-23T20:32:46Z,1609.34,5.54410913600661,332.612,175,162.171875,8,0
running,2020,11,23,2020-11-23T20:38:28Z,1609.34,5.70082890541977,342.039,185,159.9375,11,7
running,2020,11,23,2020-11-23T20:44:19Z,1609.34,5.85769818737716,351.49,182,158.421875,5,5
running,2020,11,23,2020-11-23T20:44:37Z,63.6,7.35464765560735,17.437,182,154.125,0,3
running,2020,11,23,2020-11-23T20:48:38Z,259.67,20.3046177138531,241.746,132,104.953125,0,2
running,2020,11,23,2020-11-23T20:56:14Z,1609.34,7.46518229891456,455.975,166,149,15,9
running,2020,11,23,2020-11-23T21:04:20Z,1609.34,7.57053344623201,486.081,170,149.484375,10,7
running,2020,11,23,2020-11-23T21:04:33Z,39.68,7.00689655172414,10.365,163,151.1875,0,2
running,2020,11,25,2020-11-25T00:26:35Z,1609.34,8.583168,560.146,123,144.640625,2,0
running,2020,11,25,2020-11-25T00:34:58Z,1609.34,8.3741492350921,502.4,138,151.03125,4,2
running,2020,11,25,2020-11-25T00:45:59Z,1609.34,8.78271119842829,661.534,139,148.453125,10,10
running,2020,11,25,2020-11-25T00:55:16Z,1609.34,8.60519730510106,556.333,145,149.25,12,11
running,2020,11,25,2020-11-25T00:57:39Z,392.17,8.12307692307692,118.761,147,152.640625,0,0
running,2020,11,25,2020-11-25T01:22:59Z,1609.34,9.26187845303867,555.717,138,150.265625,2,2
running,2020,11,25,2020-11-25T01:32:24Z,1609.34,9.03415291343887,564.549,149,151.390625,4,2
running,2020,11,25,2020-11-25T01:42:39Z,1609.34,8.65517909002904,615.805,151,145.234375,0,0
running,2020,11,25,2020-11-25T01:43:48Z,218.06,7.80174520069808,63.421,158,155.40625,0,0
running,2020,11,25,2020-11-25T20:46:33Z,804.67,7.4922905027933,255.674,152,144.34375,0,0
running,2020,11,25,2020-11-25T20:50:45Z,804.67,7.10903790087464,252.221,158,141.046875,0,0
running,2020,11,25,2020-11-25T20:53:11Z,804.67,4.85122083559414,145.539,162,171.5625,0,0
running,2020,11,25,2020-11-25T20:55:40Z,804.67,4.96711111111111,149.017,177,168.59375,4,0
running,2020,11,25,2020-11-25T20:55:57Z,83.02,5.48964388047483,16.991,175,164,0,0
running,2020,11,25,2020-11-25T21:00:42Z,755.29,10.1254813137033,285.154,147,130.140625,0,0
running,2020,11,25,2020-11-25T21:01:54Z,403.19,4.80429876410532,72.217,164,175.09375,0,0
running,2020,11,25,2020-11-25T21:03:15Z,112.8,19.2689655172414,81.007,152,90.03125,0,0
running,2020,11,25,2020-11-25T21:04:22Z,398.79,4.52317032040472,67.246,151,159.828125,0,0
running,2020,11,25,2020-11-25T21:08:46Z,371.14,19.063539445629,263.689,129,100.375,0,0
running,2020,11,25,2020-11-25T21:09:56Z,405.29,4.61182943603851,69.688,134,176.390625,0,0
running,2020,11,25,2020-11-25T21:11:35Z,120.29,22.1124484748557,99.172,139,88.671875,0,0
running,2020,11,25,2020-11-25T21:12:46Z,394.69,4.82070452911574,70.936,132,170.84375,0,0
running,2020,11,25,2020-11-25T21:14:03Z,112.24,18.358932238193,76.843,137,102.8125,0,0
running,2020,11,25,2020-11-25T21:17:58Z,804.67,7.84280701754386,235.255,128,146.875,0,0
running,2020,11,25,2020-11-25T21:22:37Z,804.67,7.4238582895101,278.211,137,148.171875,2,4
running,2020,11,25,2020-11-25T21:27:10Z,804.67,7.4922905027933,273.355,134,148.140625,0,8
running,2020,11,25,2020-11-25T21:30:55Z,804.67,7.49438390611903,224.809,147,150.953125,2,5
running,2020,11,25,2020-11-25T21:31:26Z,72.1,8.05961538461538,27.996,152,137.5625,3,0
running,2020,11,26,2020-11-26T19:48:28Z,804.67,9.59656529516995,287.854,146,147.546875,20,27
running,2020,11,26,2020-11-26T19:53:03Z,804.67,9.19204934886909,275.746,152,152.515625,27,31
running,2020,11,26,2020-11-26T19:57:16Z,804.67,8.43206538824269,253.001,155,152.140625,14,12
running,2020,11,26,2020-11-26T20:01:19Z,804.67,8.07417218543046,242.252,155,152.046875,2,11
running,2020,11,26,2020-11-26T20:06:45Z,804.67,8.87864945382324,326.875,148,146.53125,28,14
running,2020,11,26,2020-11-26T20:10:44Z,804.67,7.94973325429757,238.463,159,152.734375,22,8
running,2020,11,26,2020-11-26T20:14:41Z,804.67,7.905216622458,237.152,158,152.28125,10,8
running,2020,11,26,2020-11-26T20:18:47Z,804.67,8.00907733651836,246.383,153,150.421875,7,24
running,2020,11,26,2020-11-26T20:22:31Z,804.67,7.46518229891456,223.982,152,152.265625,4,0
running,2020,11,26,2020-11-26T20:26:23Z,804.67,7.72534562211982,231.79,147,153.53125,13,6
running,2020,11,26,2020-11-26T20:30:23Z,804.67,7.98999106344951,239.665,151,153.25,4,15
running,2020,11,26,2020-11-26T20:34:15Z,804.67,7.7521387283237,232.532,151,153.078125,13,5
running,2020,11,26,2020-11-26T20:38:47Z,804.67,9.04634064080944,271.36,152,152,37,16
running,2020,11,26,2020-11-26T20:43:33Z,804.67,9.53854907539118,286.174,151,152.65625,34,28
running,2020,11,26,2020-11-26T20:47:56Z,804.67,8.76262659261679,262.874,141,156.078125,26,24
running,2020,11,26,2020-11-26T20:52:14Z,804.67,8.61348747591522,258.374,148,154.390625,13,21
running,2020,11,26,2020-11-26T20:56:36Z,804.67,8.24290104486786,261.859,147,151.9375,6,22
running,2020,11,26,2020-11-26T21:06:08Z,804.67,10.8989841527834,571.771,148,149.78125,94,4
running,2020,11,26,2020-11-26T21:14:33Z,804.67,15.6125727590221,504.822,140,141.21875,145,0
running,2020,11,26,2020-11-26T21:18:35Z,804.67,8.06203787195672,241.877,142,152.703125,7,2
running,2020,11,26,2020-11-26T21:24:07Z,804.67,7.7949433304272,332.704,138,139,0,11
running,2020,11,26,2020-11-26T21:27:57Z,804.67,7.64824636441403,229.423,152,155.28125,12,0
running,2020,11,26,2020-11-26T21:29:01Z,162.14,10.2180571428571,61.771,152,164.078125,10,0
running,2020,11,27,2020-11-27T19:25:00Z,804.67,9.63794466403162,289.164,119,153.453125,31,9
running,2020,11,27,2020-11-27T19:31:41Z,804.67,8.32993788819876,400.973,133,146.21875,4,8
running,2020,11,27,2020-11-27T19:35:38Z,804.67,7.91454706403069,237.438,139,144.8125,0,0
running,2020,11,27,2020-11-27T19:39:28Z,804.67,7.65042783799201,229.482,154,148.390625,2,0
running,2020,11,27,2020-11-27T19:43:26Z,804.67,7.95444839857651,238.618,151,150.734375,4,0
running,2020,11,27,2020-11-27T19:47:21Z,804.67,7.824504084014,234.72,152,152.734375,4,2
running,2020,11,27,2020-11-27T19:51:15Z,804.67,7.80628637951106,234.197,153,150.796875,7,0
running,2020,11,27,2020-11-27T19:55:19Z,804.67,8.14527786213179,244.328,148,149.546875,11,11
running,2020,11,27,2020-11-27T19:59:06Z,804.67,7.56626234132581,226.981,153,153.09375,0,7
running,2020,11,27,2020-11-27T20:02:56Z,804.67,7.65042783799201,229.513,152,149.046875,2,4
running,2020,11,27,2020-11-27T20:06:32Z,804.67,7.19099195710456,215.703,155,154.453125,0,4
running,2020,11,27,2020-11-27T20:10:14Z,804.67,7.41359867330017,222.436,155,154.90625,0,0
running,2020,11,27,2020-11-27T20:14:01Z,804.67,7.57694915254237,227.285,149,150.421875,0,0
running,2020,11,27,2020-11-27T20:18:11Z,804.67,8.33770593720858,250.154,152,156.15625,18,4
running,2020,11,27,2020-11-27T20:22:09Z,804.67,7.91688311688312,237.498,142,153.578125,2,19
running,2020,11,27,2020-11-27T20:26:00Z,804.67,7.71423641069888,231.412,147,153.984375,0,4
running,2020,11,27,2020-11-27T20:26:08Z,15.05,8.8992700729927,4.995,145,154.40625,0,0
running,2020,11,28,2020-11-28T23:56:08Z,804.67,7.94031971580817,275.374,136,143,0,0
running,2020,11,28,2020-11-28T23:59:25Z,804.67,6.56285784193785,196.863,161,150.796875,2,0
running,2020,11,29,2020-11-29T00:02:51Z,804.67,6.88813559322034,206.633,159,150.140625,0,2
running,2020,11,29,2020-11-29T00:06:19Z,804.67,6.94341185607041,208.288,164,150.625,2,0
running,2020,11,29,2020-11-29T00:06:46Z,68.21,10.5433962264151,26.816,155,113.078125,0,0
running,2020,11,29,2020-11-29T00:07:54Z,244.83,7.4033673751035,67.578,153,133.984375,0,0
running,2020,11,29,2020-11-29T00:09:18Z,254.67,8.81445941505094,83.702,159,120.03125,2,2
running,2020,11,29,2020-11-29T00:10:45Z,264.77,8.87277538868673,87.58,146,111.328125,0,0
running,2020,11,29,2020-11-29T00:12:35Z,304.05,9.73589836660617,110.351,143,111.984375,0,0
running,2020,11,29,2020-11-29T00:16:36Z,804.67,7.78815331010453,240.181,144,147.765625,8,7
running,2020,11,29,2020-11-29T00:20:21Z,804.67,7.30258644160087,224.998,158,149.78125,0,6
running,2020,11,29,2020-11-29T00:24:06Z,723.95,7.2610720086627,225.261,164,147.109375,0,0
running,2020,11,29,2020-11-29T00:25:25Z,260.13,8.20006114338123,79.53,153,133.171875,4,0
running,2020,11,29,2020-11-29T00:26:45Z,248.04,8.6468085106383,79.961,154,123.34375,0,0
running,2020,11,29,2020-11-29T00:29:09Z,210.89,8.71706207344816,68.531,168,93.5,0,0
running,2020,11,29,2020-11-29T00:39:08Z,804.67,8.62456591639871,267.068,136,146.5625,4,2
running,2020,11,29,2020-11-29T00:43:09Z,804.67,8.0499399759904,241.528,154,150.734375,2,2
running,2020,11,29,2020-11-29T00:47:39Z,804.67,8.49616724738676,269.981,156,147.078125,4,6
running,2020,11,29,2020-11-29T00:51:40Z,804.67,8.02345198923123,240.722,159,147.5625,19,12
running,2020,11,29,2020-11-29T00:52:45Z,202.67,7.75437987857762,58.596,160,150.8125,4,5
running,2020,11,29,2020-11-29T19:35:35Z,804.67,7.30258644160087,224.015,132,155.484375,2,0
running,2020,11,29,2020-11-29T19:38:39Z,804.67,6.10571363532893,183.189,148,157.140625,4,2
running,2020,11,29,2020-11-29T19:41:43Z,804.67,6.15051593671176,184.522,156,157.328125,2,0
running,2020,11,29,2020-11-29T19:44:43Z,804.67,5.99919481100425,179.981,167,157.953125,0,0
running,2020,11,29,2020-11-29T19:47:42Z,804.67,5.98046822742475,179.432,173,157.328125,0,0
running,2020,11,29,2020-11-29T19:50:42Z,804.67,6.00053691275168,179.997,179,157.15625,4,0
running,2020,11,29,2020-11-29T19:54:22Z,804.67,6.5024,219.947,173,147.15625,0,0
running,2020,11,29,2020-11-29T19:58:11Z,804.67,6.74777358490566,229.039,167,152.59375,0,5
running,2020,11,29,2020-11-29T20:01:32Z,804.67,6.68721017202693,200.592,171,154,0,4
running,2020,11,29,2020-11-29T20:05:14Z,804.67,6.90054026241317,221.775,170,148.65625,0,0
running,2020,11,29,2020-11-29T20:08:41Z,804.67,6.89699151452816,206.934,168,152.15625,2,3
running,2020,11,29,2020-11-29T20:11:44Z,584.19,7.1222517259692,155.116,165,151.984375,0,4
running,2020,12,1,2020-12-01T00:24:09Z,804.67,7.69873708381171,230.933,138,150.203125,2,16
running,2020,12,1,2020-12-01T00:27:50Z,804.67,7.35464765560735,220.618,141,151.5,2,0
running,2020,12,1,2020-12-01T00:31:30Z,804.67,7.34658997534922,220.391,149,150.703125,0,2
running,2020,12,1,2020-12-01T00:35:02Z,804.67,7.06596417281349,211.981,153,151.3125,2,2
running,2020,12,1,2020-12-01T00:38:38Z,804.67,7.17752207653198,215.343,157,150.96875,0,0
running,2020,12,1,2020-12-01T00:42:08Z,804.67,7.00506659702272,210.132,160,151.46875,2,2
running,2020,12,1,2020-12-01T00:45:38Z,804.67,7.01239215686274,210.356,161,151.640625,0,0
running,2020,12,1,2020-12-01T00:49:04Z,804.67,6.86170376055257,205.851,158,151.734375,0,0
running,2020,12,1,2020-12-01T00:52:36Z,804.67,7.04925098554533,211.474,166,151.125,0,2
running,2020,12,1,2020-12-01T00:56:04Z,804.67,6.95962636222107,208.782,166,151.53125,5,2
running,2020,12,1,2020-12-01T01:01:41Z,804.67,7.20257787325456,335.463,154,150.28125,6,0
running,2020,12,1,2020-12-01T01:05:08Z,804.67,6.92012383900929,207.627,159,151.75,0,2
running,2020,12,1,2020-12-01T01:08:57Z,804.67,7.2946423714985,228.479,159,146.15625,6,0
running,2020,12,1,2020-12-01T01:12:46Z,804.67,7.62649985783338,228.775,162,151.140625,0,0
running,2020,12,1,2020-12-01T01:12:49Z,3.2,11.8473498233216,1.414,150,150,0,0
running,2020,12,1,2020-12-01T23:59:50Z,804.67,8.29644293226106,248.896,143,142.546875,7,5
running,2020,12,2,2020-12-02T00:04:12Z,804.67,7.82907180385289,262.204,149,139.9375,0,0
running,2020,12,2,2020-12-02T00:08:10Z,804.67,7.80855895196507,237.772,154,144,0,0
running,2020,12,2,2020-12-02T00:12:02Z,804.67,7.7364868762619,232.113,159,145.828125,0,0
running,2020,12,2,2020-12-02T00:16:48Z,804.67,8.04269865067466,286.202,157,144.828125,6,2
running,2020,12,2,2020-12-02T00:20:39Z,804.67,7.7120184013801,231.335,161,142.796875,2,4
running,2020,12,2,2020-12-02T00:24:25Z,804.67,7.52803817008139,225.87,160,143.671875,2,6
running,2020,12,2,2020-12-02T00:28:20Z,804.67,7.82222222222222,234.636,167,152.1875,0,0
running,2020,12,2,2020-12-02T00:32:09Z,804.67,7.65261055634807,229.575,164,144.140625,4,2
running,2020,12,2,2020-12-02T00:35:55Z,804.67,7.51538246007285,225.458,164,150.765625,0,0
running,2020,12,2,2020-12-02T00:40:32Z,804.67,7.95209012748295,277.468,157,144.84375,5,2
running,2020,12,2,2020-12-02T00:45:02Z,804.67,7.75437987857762,269.705,158,147.03125,5,0
running,2020,12,2,2020-12-02T00:49:21Z,804.67,8.62179363548698,258.677,158,152.78125,10,8
running,2020,12,2,2020-12-02T00:53:08Z,804.67,7.57480937588252,227.255,158,150.109375,5,3
running,2020,12,2,2020-12-02T00:56:41Z,804.67,7.10338983050847,213.082,168,152.953125,2,5
running,2020,12,2,2020-12-02T01:00:18Z,804.67,7.22197092084006,216.657,172,152.421875,5,7
running,2020,12,2,2020-12-02T01:04:53Z,804.67,7.84739613809245,275.173,171,146.390625,2,3
running,2020,12,2,2020-12-02T01:06:13Z,264.25,7.88198648251543,77.66,160,152.421875,2,0
running,2020,12,2,2020-12-02T23:56:19Z,804.67,7.59841359773371,247.125,130,144.640625,9,11
running,2020,12,2,2020-12-02T23:59:53Z,804.67,7.14882729211087,214.46,148,152.015625,7,10
running,2020,12,3,2020-12-03T00:02:09Z,532.71,6.81636594663278,135.385,147,151.75,0,0
running,2020,12,3,2020-12-03T00:05:10Z,804.67,6.04652840396754,181.399,154,158.140625,2,0
running,2020,12,3,2020-12-03T00:08:08Z,804.67,5.92760220994475,177.82,158,158.296875,2,6
running,2020,12,3,2020-12-03T00:11:01Z,804.67,5.76206229860365,172.88,165,159.890625,4,0
running,2020,12,3,2020-12-03T00:13:55Z,804.67,5.82209680920339,174.66,174,158.828125,3,2
running,2020,12,3,2020-12-03T00:16:41Z,804.67,5.52355848434926,165.699,181,164.109375,2,0
running,2020,12,3,2020-12-03T00:19:25Z,804.67,5.45614320585842,163.684,180,164.015625,2,2
running,2020,12,3,2020-12-03T00:21:40Z,182.72,19.8684444444444,135.3,151,101.234375,0,2
running,2020,12,3,2020-12-03T00:25:45Z,804.67,8.16262933657943,244.863,139,148,10,13
running,2020,12,3,2020-12-03T00:29:32Z,804.67,7.57480937588252,227.222,151,150.234375,0,2
running,2020,12,3,2020-12-03T00:31:23Z,182.79,7.62866894197952,51.993,147,150.59375,0,0
running,2020,12,3,2020-12-03T01:14:49Z,804.67,9.43122362869198,282.963,139,152.671875,0,7
running,2020,12,3,2020-12-03T01:20:02Z,804.67,9.01896435776731,312.339,153,148.953125,2,0
running,2020,12,3,2020-12-03T01:20:40Z,106.5,9.04024266936299,35.89,160,153.328125,0,0
running,2020,12,3,2020-12-03T23:48:56Z,804.67,8.15270516717325,263.31,132,132.5,4,0
running,2020,12,3,2020-12-03T23:53:23Z,804.67,7.71867625899281,266.08,137,140.90625,0,2
running,2020,12,3,2020-12-03T23:57:14Z,804.67,7.72534562211982,231.732,147,152.234375,0,0
running,2020,12,4,2020-12-04T00:01:30Z,804.67,7.73202652061113,255.836,145,143.796875,0,0
running,2020,12,4,2020-12-04T00:05:40Z,804.67,7.79041533546326,250.321,152,147.625,6,0
running,2020,12,4,2020-12-04T00:09:28Z,804.67,7.59626168224299,227.916,152,152.671875,0,2
running,2020,12,4,2020-12-04T00:14:07Z,804.67,7.38502202643172,279.038,144,143.859375,0,5
running,2020,12,4,2020-12-04T00:17:51Z,804.67,7.44446294754371,223.315,154,150.328125,0,0
running,2020,12,4,2020-12-04T00:21:36Z,804.67,7.5006711409396,225.035,164,153.984375,0,2
running,2020,12,4,2020-12-04T00:25:25Z,804.67,7.63953289661065,229.173,161,152.09375,5,8
running,2020,12,4,2020-12-04T00:29:14Z,804.67,7.63083926031294,228.898,159,152.625,2,2
running,2020,12,4,2020-12-04T00:33:19Z,804.67,7.59196150580243,244.99,158,146.609375,2,0
running,2020,12,4,2020-12-04T00:37:35Z,804.67,8.52858505564388,255.894,159,147.015625,11,9
running,2020,12,4,2020-12-04T00:42:35Z,804.67,8.00429722470904,300.685,157,149.03125,5,2
running,2020,12,4,2020-12-04T00:46:48Z,804.67,7.95680806882231,252.454,155,148.78125,3,2
running,2020,12,4,2020-12-04T00:49:42Z,196.16,7.73425605536332,56.563,157,147.765625,2,0
running,2020,12,4,2020-12-04T01:02:13Z,804.67,8.1378640776699,244.12,153,148.03125,29,2
running,2020,12,4,2020-12-04T01:07:18Z,804.67,8.23278084714549,305.084,159,149.1875,2,3
running,2020,12,4,2020-12-04T01:10:52Z,679.84,8.36631316281971,212.076,158,148.4375,0,0
running,2020,12,5,2020-12-05T00:08:11Z,804.67,8.66076848563126,283.169,123,127.609375,0,0
running,2020,12,5,2020-12-05T00:12:08Z,804.67,7.88894117647059,236.673,137,146.296875,2,0
running,2020,12,5,2020-12-05T00:16:01Z,804.67,7.75662232504338,232.717,145,151.1875,2,2
running,2020,12,5,2020-12-05T00:19:58Z,804.67,7.66573306659045,237.549,147,143.796875,0,0
running,2020,12,5,2020-12-05T00:23:46Z,804.67,7.58123233465235,227.429,146,148.921875,2,0
running,2020,12,5,2020-12-05T00:27:38Z,804.67,7.73871898442008,232.147,149,144.640625,2,2
running,2020,12,5,2020-12-05T00:31:24Z,804.67,7.53861720067454,226.14,144,149.234375,0,2
running,2020,12,5,2020-12-05T00:32:35Z,84.58,7.13741351782863,22.509,150,151.65625,0,0
running,2020,12,5,2020-12-05T00:51:43Z,804.67,8.45066162570888,275.099,110,128.953125,0,0
running,2020,12,5,2020-12-05T01:03:05Z,804.67,8.26576271186441,680.42,123,142.734375,0,0
running,2020,12,5,2020-12-05T01:07:18Z,804.67,8.42412060301508,252.746,131,147.921875,0,0
running,2020,12,5,2020-12-05T01:11:58Z,804.67,8.24290104486786,280.478,132,144.734375,0,2
running,2020,12,5,2020-12-05T01:13:30Z,322.3,7.4818410041841,89.913,137,154.640625,0,0
running,2020,12,5,2020-12-05T19:34:03Z,804.67,8.82025649457415,267.835,143,159.15625,35,35
running,2020,12,5,2020-12-05T19:40:01Z,804.67,8.87864945382324,358.09,144,153.359375,19,33
running,2020,12,5,2020-12-05T19:44:08Z,804.67,8.22773006134969,246.812,147,157.203125,32,34
running,2020,12,5,2020-12-05T19:48:18Z,804.67,8.32476722532588,249.714,162,155.53125,21,42
running,2020,12,5,2020-12-05T19:52:19Z,804.67,8.03306379155436,241.009,169,154.25,39,34
running,2020,12,5,2020-12-05T19:56:44Z,804.67,8.14033383915023,264.828,166,148.375,39,33
running,2020,12,5,2020-12-05T20:01:01Z,410.44,8.77409224730128,134.283,160,157.15625,32,10
running,2020,12,5,2020-12-05T20:16:03Z,804.67,8.20256880733945,246.042,144,147.3125,9,0
running,2020,12,5,2020-12-05T20:19:58Z,804.67,7.8199416909621,234.601,155,150.4375,5,5
running,2020,12,5,2020-12-05T20:24:38Z,804.67,8.28107440568077,279.704,155,145.96875,10,2
running,2020,12,5,2020-12-05T20:28:22Z,804.67,7.4776693615835,224.343,162,150.484375,0,3
running,2020,12,5,2020-12-05T20:32:06Z,804.67,7.46102920723227,223.828,165,154.40625,7,2
running,2020,12,5,2020-12-05T20:35:57Z,804.67,7.7120184013801,231.338,162,150.609375,2,9
running,2020,12,5,2020-12-05T20:42:59Z,804.67,7.7431870669746,422.44,146,147.234375,7,2
running,2020,12,5,2020-12-05T20:46:43Z,804.67,7.45688073394495,223.689,150,150.28125,2,5
running,2020,12,5,2020-12-05T20:50:39Z,804.67,7.39112703224029,235.794,147,146.890625,2,2
running,2020,12,5,2020-12-05T20:55:41Z,804.67,7.36879120879121,301.782,146,148.25,7,2
running,2020,12,5,2020-12-05T20:59:28Z,804.67,7.56199605300254,226.844,150,153.53125,9,5
running,2020,12,5,2020-12-05T21:03:47Z,804.67,8.63567289117836,259.108,160,150.203125,38,5
running,2020,12,5,2020-12-05T21:04:12Z,19.91,9.56576319543509,7.101,153,152.859375,0,0
running,2020,12,7,2020-12-07T23:34:28Z,804.67,7.0436974789916,225.314,131,147.90625,4,2
running,2020,12,7,2020-12-07T23:37:44Z,804.67,6.52771963981504,195.808,141,153.625,0,0
running,2020,12,7,2020-12-07T23:40:51Z,804.67,6.13925383382925,187.08,147,155.203125,0,0
running,2020,12,7,2020-12-07T23:43:50Z,804.67,5.95127579321056,178.555,154,157.125,5,0
running,2020,12,7,2020-12-07T23:46:56Z,804.67,6.20171098265896,186.05,173,155.21875,0,0
running,2020,12,7,2020-12-07T23:50:07Z,804.67,6.3756596149275,191.272,178,154.515625,3,3
running,2020,12,7,2020-12-07T23:53:17Z,804.67,6.32753007784855,189.833,181,155.625,3,2
running,2020,12,7,2020-12-07T23:56:18Z,804.67,6.03836109860423,181.159,183,155.5625,0,0
running,2020,12,7,2020-12-07T23:59:17Z,804.67,5.96450967311541,178.942,184,155.703125,0,0
running,2020,12,8,2020-12-08T00:02:17Z,804.67,5.98447121820616,179.532,185,156.078125,0,0
running,2020,12,8,2020-12-08T00:07:01Z,804.67,5.88856201975851,278.017,179,147.25,0,4
running,2020,12,8,2020-12-08T00:12:31Z,804.67,7.62866894197952,336.463,154,141.015625,0,5
running,2020,12,8,2020-12-08T00:15:51Z,804.67,6.66229508196721,199.844,172,152.015625,0,0
running,2020,12,8,2020-12-08T00:19:27Z,804.67,6.80081135902637,216.065,172,147.46875,0,0
running,2020,12,8,2020-12-08T00:23:02Z,804.67,6.99958246346555,215.088,170,151.546875,0,0
running,2020,12,8,2020-12-08T00:26:41Z,804.67,7.04,218.459,169,149.359375,0,0
running,2020,12,8,2020-12-08T00:28:37Z,400.7,6.87401332649923,102.693,174,152.015625,0,0
running,2020,12,8,2020-12-08T23:40:16Z,804.67,7.43002770083102,222.918,140,151.578125,0,0
running,2020,12,8,2020-12-08T23:44:00Z,804.67,7.44652970571905,223.391,155,152.25,2,0
running,2020,12,8,2020-12-08T23:47:36Z,804.67,7.1929203539823,215.781,163,151.125,0,0
running,2020,12,8,2020-12-08T23:51:17Z,804.67,7.36879120879121,221.036,162,151.109375,2,2
running,2020,12,8,2020-12-08T23:54:56Z,804.67,7.30059880239521,219.004,162,150.6875,0,0
running,2020,12,8,2020-12-08T23:58:32Z,804.67,7.20644814615798,216.203,159,151.140625,0,0
running,2020,12,9,2020-12-09T00:01:31Z,474.99,7.18521296544334,127.255,158,150.34375,0,2
running,2020,12,9,2020-12-09T00:35:54Z,804.67,9.13569482288828,274.106,134,152.859375,2,0
running,2020,12,9,2020-12-09T00:40:54Z,804.67,8.40827586206897,300.416,141,143.46875,0,0
running,2020,12,9,2020-12-09T00:43:07Z,441.15,7.90288744843842,129.972,144,148.78125,0,0
running,2020,12,9,2020-12-09T22:58:10Z,804.67,7.17176470588235,215.148,135,151.4375,3,2
running,2020,12,9,2020-12-09T23:01:50Z,804.67,7.35464765560735,220.656,142,153.875,0,0
running,2020,12,9,2020-12-09T23:05:13Z,804.67,6.73929648241206,202.184,149,153.40625,0,0
running,2020,12,9,2020-12-09T23:08:33Z,804.67,6.66229508196721,199.891,158,153.296875,0,0
running,2020,12,9,2020-12-09T23:11:57Z,804.67,6.80598832783558,204.171,160,153.125,2,0
running,2020,12,9,2020-12-09T23:17:32Z,804.67,7.05110410094637,335.162,154,143.4375,0,0
running,2020,12,9,2020-12-09T23:22:47Z,804.67,7.16218958611482,314.745,144,147.890625,2,0
running,2020,12,9,2020-12-09T23:26:17Z,804.67,7.00140955364135,210.029,142,152.84375,10,0
running,2020,12,9,2020-12-09T23:29:51Z,804.67,7.00323759791123,214.245,155,148.921875,0,8
running,2020,12,9,2020-12-09T23:33:15Z,804.67,6.79908745247148,203.982,158,153.015625,0,2
running,2020,12,9,2020-12-09T23:36:45Z,804.67,7.00689655172414,210.208,159,152.3125,2,0
running,2020,12,9,2020-12-09T23:40:43Z,804.67,7.04,238.041,153,149.921875,0,0
running,2020,12,9,2020-12-09T23:42:12Z,318.27,6.88283294842186,81.664,152,152.546875,0,0
running,2020,12,10,2020-12-10T23:47:00Z,804.67,8.41883239171375,275.12,130,144.15625,4,3
running,2020,12,10,2020-12-10T23:51:16Z,804.67,7.93796981355431,255.287,138,146.15625,0,0
running,2020,12,10,2020-12-10T23:55:19Z,804.67,8.09122171945701,242.747,144,150.25,0,0
running,2020,12,10,2020-12-10T23:59:11Z,804.67,7.74095238095238,232.225,152,153.046875,0,0
running,2020,12,11,2020-12-11T00:03:01Z,804.67,7.68550143266476,230.593,154,151.984375,6,0
running,2020,12,11,2020-12-11T00:06:50Z,804.67,7.61135073779796,228.325,158,148.796875,2,0
running,2020,12,11,2020-12-11T00:10:36Z,804.67,7.54497890295359,226.336,155,145.90625,3,2
running,2020,12,11,2020-12-11T00:14:18Z,804.67,7.38502202643172,221.535,156,146.875,2,2
running,2020,12,11,2020-12-11T00:17:55Z,804.67,7.2532179556517,217.605,159,148.734375,0,0
running,2020,12,11,2020-12-11T00:21:57Z,804.67,7.81538461538462,241.516,154,144.734375,0,2
running,2020,12,11,2020-12-11T00:27:44Z,804.67,7.66135389888603,347.796,142,138.953125,0,2
running,2020,12,11,2020-12-11T00:31:20Z,804.67,7.19871175523349,215.983,154,148.1875,0,0
running,2020,12,11,2020-12-11T00:36:23Z,804.67,7.4818410041841,302.132,147,141.609375,2,0
running,2020,12,11,2020-12-11T00:40:10Z,804.67,7.59626168224299,227.859,149,154.390625,10,9
running,2020,12,11,2020-12-11T00:43:50Z,804.67,7.32852459016393,219.865,153,153.46875,0,2
running,2020,12,11,2020-12-11T00:47:29Z,804.67,7.29265905383361,218.791,158,151.953125,2,0
running,2020,12,11,2020-12-11T00:51:11Z,804.67,7.38909090909091,221.656,160,142,0,2
running,2020,12,11,2020-12-11T00:55:42Z,804.67,7.39520264681555,271.596,149,146.25,0,0
running,2020,12,11,2020-12-11T00:55:53Z,24.76,8.83187355943365,8.154,153,153.625,0,0
running,2020,12,12,2020-12-12T00:00:58Z,804.67,8.31186860861481,253.257,139,135.546875,0,0
running,2020,12,12,2020-12-12T00:05:05Z,804.67,7.9709955423477,246.849,162,134.28125,2,2
running,2020,12,12,2020-12-12T00:09:21Z,804.67,7.53861720067454,256.117,161,136.25,0,0
running,2020,12,12,2020-12-12T00:13:11Z,804.67,7.66792452830189,230.05,166,148.125,0,0
running,2020,12,12,2020-12-12T00:17:05Z,804.67,7.80174520069808,234.02,170,147.234375,4,2
running,2020,12,12,2020-12-12T00:20:55Z,804.67,7.68550143266476,230.587,164,152.09375,2,4
running,2020,12,12,2020-12-12T00:24:43Z,804.67,7.58766619519095,227.618,162,152.109375,0,0
running,2020,12,12,2020-12-12T00:29:09Z,804.67,7.92624113475177,265.818,158,145.296875,2,2
running,2020,12,12,2020-12-12T00:33:12Z,804.67,8.09366324683162,242.826,160,149,0,0
running,2020,12,12,2020-12-12T00:37:16Z,804.67,8.15270516717325,244.561,161,151.84375,0,0
running,2020,12,12,2020-12-12T00:42:16Z,804.67,7.85659050966608,300.099,151,144.890625,0,0
running,2020,12,12,2020-12-12T00:51:31Z,41.77,7.31453504226889,11.391,144,152.421875,0,0
running,2020,12,12,2020-12-12T18:56:04Z,804.67,7.98048199940494,239.396,138,152.578125,27,9
running,2020,12,12,2020-12-12T19:01:36Z,804.67,9.33927576601671,332.355,143,150.0625,32,25
running,2020,12,12,2020-12-12T19:06:34Z,804.67,6.88636713735558,298.372,138,149.296875,0,0
running,2020,12,12,2020-12-12T19:09:56Z,804.67,6.73422043685664,202.022,152,152.046875,4,2
running,2020,12,12,2020-12-12T19:13:23Z,804.67,6.89699151452816,206.925,164,152,12,13
running,2020,12,12,2020-12-12T19:16:48Z,804.67,6.81290322580645,204.366,156,152.1875,4,2
running,2020,12,12,2020-12-12T19:20:13Z,804.67,6.85644171779141,205.695,158,152.171875,11,0
running,2020,12,12,2020-12-12T19:23:39Z,804.67,6.84594180704441,205.403,158,151.34375,0,15
running,2020,12,12,2020-12-12T19:27:22Z,804.67,7.14692246203038,223.143,158,148.765625,15,0
running,2020,12,12,2020-12-12T19:30:40Z,804.67,6.6,197.982,159,152.390625,2,5
running,2020,12,12,2020-12-12T19:33:55Z,804.67,6.48981369465279,194.685,161,153.671875,2,4
running,2020,12,12,2020-12-12T19:37:08Z,804.67,6.4384061449832,193.152,162,153.6875,0,8
running,2020,12,12,2020-12-12T19:40:26Z,804.67,6.6179126572909,198.515,165,153.9375,3,2
running,2020,12,12,2020-12-12T19:43:34Z,804.67,6.26106442577031,187.818,165,155.21875,2,0
running,2020,12,12,2020-12-12T19:46:56Z,804.67,6.71735537190083,201.498,167,155.390625,15,0
running,2020,12,12,2020-12-12T19:50:07Z,804.67,6.3786920332937,191.338,165,153.609375,4,22
running,2020,12,12,2020-12-12T19:53:21Z,804.67,6.46790450928382,194.049,169,154.890625,0,2
running,2020,12,12,2020-12-12T19:56:34Z,804.67,6.43223021582734,192.961,165,155.140625,4,5
running,2020,12,12,2020-12-12T19:59:47Z,804.67,6.44769230769231,193.414,169,155.0625,7,8
running,2020,12,12,2020-12-12T20:03:01Z,804.67,6.44304588037473,193.308,162,155.171875,4,9
running,2020,12,12,2020-12-12T20:06:13Z,804.67,6.42145080201101,192.625,173,156.578125,5,3
running,2020,12,12,2020-12-12T20:09:47Z,804.67,7.12414342629482,213.737,165,153.359375,2,5
running,2020,12,12,2020-12-12T20:10:00Z,16.6,6.41224001912503,3.969,170,154,0,0
running,2020,12,14,2020-12-14T00:42:17Z,804.67,8.27341147439852,248.171,127,151.484375,9,2
running,2020,12,14,2020-12-14T00:46:04Z,804.67,7.56839729119639,227.025,144,155.53125,0,4
running,2020,12,14,2020-12-14T00:50:00Z,804.67,7.87735682819383,236.298,146,144.84375,5,0
running,2020,12,14,2020-12-14T00:54:13Z,804.67,7.65042783799201,252.28,146,147.0625,0,0
running,2020,12,14,2020-12-14T00:59:30Z,804.67,9.56235294117647,316.872,148,129.359375,6,5
running,2020,12,14,2020-12-14T01:03:20Z,804.67,7.67231121281465,230.146,150,151.46875,0,0
running,2020,12,14,2020-12-14T01:08:55Z,804.67,8.13046377690209,334.963,145,150.46875,2,7
running,2020,12,14,2020-12-14T01:12:57Z,804.67,8.07660343270099,242.32,150,145.8125,6,2
running,2020,12,14,2020-12-14T01:16:45Z,666.04,8.35588785046729,210.148,153,149.59375,2,4
running,2020,12,15,2020-12-15T00:23:00Z,804.67,6.9977563266371,214.487,126,152.84375,2,0
running,2020,12,15,2020-12-15T00:26:29Z,804.67,6.97954722872756,209.38,140,153.59375,2,0
running,2020,12,15,2020-12-15T00:28:00Z,367.44,6.65733432613552,91.206,141,151.921875,0,0
running,2020,12,15,2020-12-15T00:30:44Z,804.67,5.46281059063136,163.877,151,159.703125,2,0
running,2020,12,15,2020-12-15T00:33:28Z,804.67,5.44285714285714,163.283,158,165.109375,0,2
running,2020,12,15,2020-12-15T00:35:34Z,216.36,15.649008168028,126.195,152,110.125,0,0
running,2020,12,15,2020-12-15T00:38:14Z,804.67,5.32824791418355,159.841,167,165.109375,2,0
running,2020,12,15,2020-12-15T00:40:58Z,804.67,5.47619436504696,164.293,183,165.859375,0,2
running,2020,12,15,2020-12-15T00:43:53Z,243.37,19.2551328068916,174.697,148,103.71875,0,0
running,2020,12,15,2020-12-15T00:47:44Z,804.67,7.72312122084653,231.685,151,150.015625,0,2
running,2020,12,15,2020-12-15T00:51:17Z,804.67,7.08837209302326,212.629,161,151.5625,2,0
running,2020,12,15,2020-12-15T00:54:44Z,804.67,6.90764872521246,207.215,164,151.8125,0,2
running,2020,12,15,2020-12-15T00:58:43Z,804.67,7.96626076626077,238.986,157,153.4375,2,2
running,2020,12,15,2020-12-15T01:02:54Z,804.67,8.27341147439852,250.648,155,153.515625,0,2
running,2020,12,15,2020-12-15T01:06:52Z,804.67,7.94502369668247,238.345,151,153.421875,0,0
running,2020,12,15,2020-12-15T01:11:49Z,804.67,8.41619077502353,297.382,149,140.9375,3,0
running,2020,12,15,2020-12-15T01:14:23Z,354.64,8.44268177525968,150.412,139,147.796875,2,0
running,2020,12,15,2020-12-15T23:44:22Z,804.67,8.27086031452359,248.15,139,139.09375,2,0
running,2020,12,15,2020-12-15T23:48:26Z,804.67,8.13046377690209,243.931,153,152.171875,2,0
running,2020,12,15,2020-12-15T23:52:24Z,804.67,7.91922054915855,237.604,153,144.96875,2,2
running,2020,12,15,2020-12-15T23:56:41Z,804.67,8.583168,257.46,144,150.765625,8,7
running,2020,12,16,2020-12-16T00:00:42Z,804.67,8.04269865067466,241.267,142,150.71875,0,2
running,2020,12,16,2020-12-16T00:04:51Z,804.67,8.29387755102041,248.792,140,153.515625,0,0
running,2020,12,16,2020-12-16T00:09:05Z,804.67,8.12307692307692,253.493,140,145.390625,4,0
running,2020,12,16,2020-12-16T00:14:32Z,804.67,10.225848265345,327.79,142,114.046875,5,0
running,2020,12,16,2020-12-16T00:18:21Z,804.67,7.62649985783338,228.82,148,154.21875,0,0
running,2020,12,16,2020-12-16T00:23:21Z,804.67,7.78363319791062,300.21,139,148.46875,0,0
running,2020,12,16,2020-12-16T00:27:47Z,804.67,7.93327417923691,265.601,133,147.484375,3,3
running,2020,12,16,2020-12-16T00:31:39Z,804.67,7.7431870669746,232.325,136,154.3125,0,2
running,2020,12,16,2020-12-16T00:41:52Z,804.67,7.92155936207915,612.766,136,151.5,0,2
running,2020,12,16,2020-12-16T00:46:57Z,804.67,8.9887399463807,304.946,134,142.953125,0,0
running,2020,12,16,2020-12-16T00:50:14Z,383.94,8.9887399463807,185.918,134,132.8125,0,0
running,2020,12,18,2020-12-18T19:09:17Z,804.67,7.50486849468383,225.158,141,152.640625,2,0
running,2020,12,18,2020-12-18T19:12:54Z,804.67,7.09775072770574,217.396,154,153.359375,2,0
running,2020,12,18,2020-12-18T19:16:22Z,804.67,6.92906225781452,207.892,156,153.140625,2,0
running,2020,12,18,2020-12-18T19:19:45Z,804.67,6.76991418475517,203.12,163,152.84375,0,0
running,2020,12,18,2020-12-18T19:23:09Z,804.67,6.80253613999493,204.055,166,152.59375,0,0
running,2020,12,18,2020-12-18T19:28:35Z,804.67,6.88990495761623,325.751,152,147.640625,2,0
running,2020,12,18,2020-12-18T19:32:11Z,804.67,7.05481325618096,215.743,160,151.421875,0,0
running,2020,12,18,2020-12-18T19:35:28Z,804.67,6.56928728875827,197.058,168,154.828125,3,2
running,2020,12,18,2020-12-18T19:38:58Z,804.67,6.72409125094009,210.806,171,152.546875,0,2
running,2020,12,18,2020-12-18T19:42:10Z,804.67,6.37111638954869,191.135,171,155.421875,7,0
running,2020,12,18,2020-12-18T19:45:24Z,804.67,6.49767441860465,194.92,171,155.15625,3,2
running,2020,12,18,2020-12-18T19:50:09Z,804.67,6.6441416893733,284.374,173,154.921875,2,0
running,2020,12,18,2020-12-18T19:53:22Z,804.67,6.44459394521865,193.351,176,155.71875,0,0
running,2020,12,18,2020-12-18T19:58:42Z,804.67,7.14311584553928,319.884,165,144.359375,0,7
running,2020,12,18,2020-12-18T20:05:38Z,804.67,7.86119577960141,416.109,160,149.46875,4,5
running,2020,12,18,2020-12-18T20:11:28Z,802.07,10.9300733496333,345.818,158,117.140625,2,5
running,2020,12,19,2020-12-19T20:03:53Z,804.67,9.08925787868519,279.062,127,139.109375,2,0
running,2020,12,19,2020-12-19T20:07:57Z,804.67,8.13292904790782,243.964,137,148.75,0,0
running,2020,12,19,2020-12-19T20:11:50Z,804.67,7.78815331010453,233.623,138,152.625,2,0
running,2020,12,19,2020-12-19T20:15:55Z,804.67,8.170088333841,245.087,137,152.65625,2,0
running,2020,12,19,2020-12-19T20:19:59Z,804.67,8.10589301903898,243.16,139,150.375,2,2
running,2020,12,19,2020-12-19T20:24:03Z,804.67,8.13292904790782,244.015,141,152.78125,2,0
running,2020,12,19,2020-12-19T20:27:56Z,804.67,7.77460869565217,233.218,141,153.453125,2,2
running,2020,12,19,2020-12-19T20:31:47Z,804.67,7.7120184013801,231.392,142,150.0625,0,2
running,2020,12,19,2020-12-19T20:32:01Z,42.34,6.87225211375865,10.849,143,152.09375,0,0
running,2020,12,19,2020-12-19T20:50:29Z,804.67,8.81445941505094,264.425,130,153.6875,5,0
running,2020,12,19,2020-12-19T20:55:35Z,804.67,9.24910344827586,306.139,135,141.578125,0,0
running,2020,12,19,2020-12-19T20:56:56Z,152.45,9.07081501521813,77.166,131,138.171875,0,0
running,2020,12,20,2020-12-20T20:33:56Z,784.17,8.39774577332498,245.525,125,147.265625,0,0
running,2020,12,20,2020-12-20T20:38:38Z,804.67,8.34289269051322,250.265,127,146.96875,5,0
running,2020,12,20,2020-12-20T20:43:40Z,804.67,8.33770593720858,301.819,132,142.15625,0,5
running,2020,12,20,2020-12-20T20:47:42Z,804.67,8.05961538461538,241.778,139,150,3,2
running,2020,12,20,2020-12-20T20:51:47Z,804.67,8.17506857665346,245.252,140,151.59375,5,0
running,2020,12,20,2020-12-20T20:55:35Z,804.67,7.59626168224299,227.888,147,153.4375,3,2
running,2020,12,20,2020-12-20T20:59:22Z,804.67,7.55986471251409,226.823,145,153.875,0,0
running,2020,12,20,2020-12-20T21:03:22Z,804.67,8.00668656716418,240.203,144,149.296875,5,4
running,2020,12,20,2020-12-20T21:07:33Z,804.67,7.81538461538462,250.996,139,150.328125,2,0
running,2020,12,20,2020-12-20T21:11:23Z,804.67,7.65261055634807,229.574,147,153.5625,2,0
running,2020,12,20,2020-12-20T21:15:14Z,804.67,7.71867625899281,231.544,145,155.265625,6,7
running,2020,12,20,2020-12-20T21:18:59Z,804.67,7.48392857142857,224.543,142,152.171875,0,2
running,2020,12,20,2020-12-20T21:22:39Z,804.67,7.32452211906062,219.741,149,151.9375,2,2
running,2020,12,20,2020-12-20T21:23:01Z,19.05,8.18754578754579,5.815,146,152,0,0
running,2020,12,22,2020-12-22T00:37:59Z,804.67,6.6755599800896,231.38,135,147.28125,0,20
running,2020,12,22,2020-12-22T00:41:05Z,804.67,6.21176470588235,186.355,149,154.171875,8,7
running,2020,12,22,2020-12-22T00:44:03Z,804.67,5.94073089700997,178.217,158,157.859375,0,0
running,2020,12,22,2020-12-22T00:47:02Z,804.67,5.93810050918751,178.148,166,158.796875,2,0
running,2020,12,22,2020-12-22T00:49:59Z,804.67,5.9289124668435,177.874,167,158.40625,0,0
running,2020,12,22,2020-12-22T00:52:51Z,804.67,5.71540592371617,171.454,170,157.828125,2,0
running,2020,12,22,2020-12-22T00:55:53Z,804.67,6.06978954514596,182.096,169,157.859375,0,0
running,2020,12,22,2020-12-22T01:00:37Z,804.67,7.1146949602122,284.166,154,149.875,2,3
running,2020,12,22,2020-12-22T01:02:35Z,377.85,8.36370439663237,117.836,160,152.296875,0,0
running,2020,12,22,2020-12-22T01:06:51Z,804.67,8.04269865067466,256.409,150,146.25,0,6
running,2020,12,22,2020-12-22T01:10:50Z,804.67,7.95444839857651,238.602,151,153.890625,4,0
running,2020,12,22,2020-12-22T01:14:47Z,804.67,7.88662158188768,236.603,150,154.59375,2,0
running,2020,12,22,2020-12-22T01:18:39Z,804.67,7.7521387283237,232.568,151,154.515625,6,2
running,2020,12,22,2020-12-22T01:26:50Z,804.67,8.30157845868152,490.483,143,152.671875,7,3
running,2020,12,22,2020-12-22T01:30:51Z,804.67,8.05235664965476,241.536,151,154.953125,5,5
running,2020,12,22,2020-12-22T01:34:46Z,790.97,7.88430335097002,232.477,153,154.078125,5,5
running,2020,12,22,2020-12-22T19:32:44Z,804.67,8.58866474543708,257.647,134,140.546875,0,25
running,2020,12,22,2020-12-22T19:36:36Z,804.67,7.74766031195841,232.462,151,151.515625,13,12
running,2020,12,22,2020-12-22T19:40:31Z,804.67,7.81310806874454,234.388,153,148.8125,11,14
running,2020,12,22,2020-12-22T19:44:31Z,804.67,7.9757359500446,239.239,163,153.28125,12,12
running,2020,12,22,2020-12-22T19:48:19Z,804.67,7.61135073779796,228.37,165,153.265625,17,10
running,2020,12,22,2020-12-22T19:52:42Z,804.67,7.94031971580817,263.081,153,145.0625,28,3
running,2020,12,22,2020-12-22T19:53:03Z,23.32,10.1754172989378,8.846,150,136.4375,0,0
running,2020,12,22,2020-12-22T20:17:32Z,804.67,7.32652280797596,219.819,127,153.625,2,66
running,2020,12,22,2020-12-22T20:21:34Z,804.67,7.6460661345496,241.999,138,151.59375,3,41
running,2020,12,22,2020-12-22T20:25:21Z,804.67,7.58766619519095,227.624,144,154.859375,20,17
running,2020,12,22,2020-12-22T20:29:05Z,804.67,7.44859761177451,223.428,155,155.015625,18,18
running,2020,12,22,2020-12-22T20:32:54Z,804.67,7.62216538789429,228.66,154,154.546875,23,6
running,2020,12,22,2020-12-22T20:39:25Z,804.67,11.9636039250669,391.595,145,130.703125,35,53
running,2020,12,22,2020-12-22T20:42:51Z,804.67,6.86345957011259,205.926,152,155.34375,14,19
running,2020,12,22,2020-12-22T20:46:54Z,804.67,8.10589301903898,243.142,155,157.4375,44,15
running,2020,12,22,2020-12-22T20:52:39Z,804.67,9.82505494505494,344.405,154,156,67,38
running,2020,12,22,2020-12-22T20:56:47Z,804.67,8.2759642085776,248.285,160,152.28125,40,0
running,2020,12,22,2020-12-22T20:56:52Z,3.65,8.19505041246563,1.115,158,149,0,0
running,2020,12,23,2020-12-23T19:27:16Z,804.67,7.94031971580817,238.229,141,151.125,25,10
running,2020,12,23,2020-12-23T19:30:48Z,804.67,7.05852631578947,211.764,145,152.359375,2,5
running,2020,12,23,2020-12-23T19:33:30Z,804.67,5.41101472664918,162.314,153,165.703125,0,0
running,2020,12,23,2020-12-23T19:34:52Z,395.68,5.57522344626897,82.241,163,163.34375,0,0
running,2020,12,23,2020-12-23T19:35:24Z,63.31,13.5329969727548,31.943,163,65.46875,0,0
running,2020,12,23,2020-12-23T19:36:55Z,330.95,7.3809576224546,91.06,145,148.578125,2,0
running,2020,12,23,2020-12-23T19:39:42Z,804.67,5.56712328767123,167.009,156,164.59375,5,0
running,2020,12,23,2020-12-23T19:40:57Z,367.24,5.47172582619339,74.912,163,164.671875,0,2
running,2020,12,23,2020-12-23T19:41:28Z,46.58,17.8340425531915,30.966,161,96.9375,2,0
running,2020,12,23,2020-12-23T19:42:59Z,349.84,6.96504803947027,90.852,147,146.625,0,0
running,2020,12,23,2020-12-23T19:44:33Z,470.43,5.3314251639833,93.505,156,165.53125,5,0
running,2020,12,23,2020-12-23T19:45:03Z,37.04,22.076049382716,30.475,157,71.90625,2,0
running,2020,12,23,2020-12-23T19:45:34Z,105.65,7.76111111111111,30.567,148,135.703125,0,0
running,2020,12,23,2020-12-23T19:47:04Z,489,4.97540345019477,90.71,156,166.203125,0,14
running,2020,12,23,2020-12-23T19:47:35Z,51.02,16.345155393053,31.098,160,118.671875,0,0
running,2020,12,23,2020-12-23T19:48:06Z,98.03,8.40300751879699,30.712,151,122.265625,0,0
running,2020,12,23,2020-12-23T19:49:37Z,490.48,4.97540345019477,90.984,151,169.6875,0,0
running,2020,12,23,2020-12-23T19:50:09Z,48.75,17.5884590163934,31.96,159,88.75,0,0
running,2020,12,23,2020-12-23T19:50:40Z,93.57,8.9259234608985,31.134,150,141.515625,0,0
running,2020,12,23,2020-12-23T19:52:02Z,441.2,4.97079318013343,81.764,151,168.96875,0,0
running,2020,12,23,2020-12-23T19:57:57Z,804.67,8.44002517306482,354.908,145,139.90625,0,2
running,2020,12,23,2020-12-23T20:01:24Z,804.67,6.89876543209877,206.965,156,152.296875,0,0
running,2020,12,23,2020-12-23T20:04:53Z,804.67,6.96504803947027,208.953,158,154.21875,13,2
running,2020,12,23,2020-12-23T20:08:09Z,804.67,6.53248904042864,195.967,162,154.21875,0,5
running,2020,12,23,2020-12-23T20:11:24Z,804.67,6.51661807580175,195.52,165,154.609375,2,2
running,2020,12,23,2020-12-23T20:14:39Z,804.67,6.49610075078712,194.867,168,154.015625,0,4
running,2020,12,23,2020-12-23T20:17:53Z,804.67,6.44614275414564,193.381,169,154.5,0,0
running,2020,12,23,2020-12-23T20:21:05Z,804.67,6.39694729310756,191.912,167,154.515625,0,2
running,2020,12,23,2020-12-23T20:24:27Z,804.67,6.73929648241206,202.196,171,153.453125,18,17
running,2020,12,23,2020-12-23T20:25:51Z,193.26,6.51503521982026,56.555,163,153.75,0,3
running,2020,12,24,2020-12-24T19:10:13Z,804.67,8.08634308109738,242.569,147,152.40625,9,0
running,2020,12,24,2020-12-24T19:14:05Z,804.67,7.7120184013801,231.367,159,153.4375,0,7
running,2020,12,24,2020-12-24T19:18:02Z,804.67,7.91688311688312,237.503,165,153.328125,0,0
running,2020,12,24,2020-12-24T19:22:06Z,804.67,8.1378640776699,244.13,165,148.4375,2,0
running,2020,12,24,2020-12-24T19:25:58Z,804.67,7.71423641069888,231.416,165,153.09375,2,0
running,2020,12,24,2020-12-24T19:30:26Z,804.67,7.824504084014,267.79,163,149.53125,0,0
running,2020,12,24,2020-12-24T19:34:14Z,804.67,7.62433200682206,228.76,163,153.8125,0,2
running,2020,12,24,2020-12-24T19:40:25Z,804.67,7.67011724335144,370.556,145,152.15625,2,2
running,2020,12,24,2020-12-24T19:44:12Z,804.67,7.58337574215437,227.47,153,154.4375,5,2
running,2020,12,24,2020-12-24T19:48:02Z,804.67,7.65916619074814,229.756,155,154.75,0,2
running,2020,12,24,2020-12-24T19:51:42Z,804.67,7.33052746652091,219.912,154,154.609375,0,2
running,2020,12,24,2020-12-24T19:55:25Z,804.67,7.43002770083102,222.884,162,153.6875,0,0
running,2020,12,24,2020-12-24T19:59:10Z,804.67,7.50276923076923,225.053,162,155.71875,2,0
running,2020,12,24,2020-12-24T20:03:01Z,804.67,7.70980166714573,231.297,158,156.6875,5,0
running,2020,12,24,2020-12-24T20:03:08Z,13.13,8.32476722532588,4.075,158,153,0,0
running,2020,12,25,2020-12-25T23:31:00Z,804.67,7.14692246203038,214.404,151,152.53125,8,2
running,2020,12,25,2020-12-25T23:34:32Z,804.67,7.06596417281349,211.99,164,153.53125,0,0
running,2020,12,25,2020-12-25T23:38:09Z,804.67,7.22391597091301,216.696,168,152.078125,0,2
running,2020,12,25,2020-12-25T23:41:39Z,804.67,7.01239215686274,210.346,168,153.078125,3,0
running,2020,12,25,2020-12-25T23:45:12Z,804.67,7.08649933949802,212.615,170,152.484375,2,2
running,2020,12,25,2020-12-25T23:48:41Z,804.67,6.95421311900441,208.629,171,153.015625,2,3
running,2020,12,25,2020-12-25T23:52:06Z,804.67,6.84943820224719,205.505,168,153.40625,2,0
running,2020,12,25,2020-12-25T23:55:39Z,804.67,7.09962943356273,212.977,157,152.890625,0,5
running,2020,12,25,2020-12-25T23:59:07Z,804.67,6.92190967741936,207.634,162,153.671875,0,2
running,2020,12,26,2020-12-26T00:02:36Z,804.67,6.92906225781452,207.885,164,153.296875,0,2
running,2020,12,26,2020-12-26T00:05:53Z,804.67,6.56125244618395,196.842,164,153.421875,0,0
running,2020,12,26,2020-12-26T00:09:17Z,804.67,6.83025210084034,204.902,167,153.03125,0,0
running,2020,12,26,2020-12-26T00:12:42Z,804.67,6.82156663275687,204.621,170,154.28125,0,0
running,2020,12,26,2020-12-26T00:16:01Z,804.67,6.64249628528975,199.256,173,154.40625,0,0
running,2020,12,26,2020-12-26T00:19:22Z,804.67,6.68887780548629,200.675,175,154.375,0,0
running,2020,12,26,2020-12-26T00:22:35Z,804.67,6.42606612362242,192.793,176,154.21875,2,0
running,2020,12,26,2020-12-26T00:26:02Z,804.67,6.91477184841454,207.423,174,153.515625,0,0
running,2020,12,26,2020-12-26T00:29:21Z,804.67,6.63592281048986,199.068,176,153.859375,0,0
running,2020,12,26,2020-12-26T00:32:43Z,804.67,6.73253012048193,201.988,177,154.453125,0,0
running,2020,12,26,2020-12-26T00:35:58Z,804.67,6.48510638297872,194.554,176,155,5,3
running,2020,12,26,2020-12-26T00:39:12Z,804.67,6.47414916727009,194.24,178,154.265625,0,0
running,2020,12,26,2020-12-26T00:42:34Z,804.67,6.72072162365322,201.612,179,154.375,0,0
running,2020,12,26,2020-12-26T00:44:31Z,312.45,7.86350043975374,91.602,171,154.90625,0,0
running,2020,12,27,2020-12-27T00:50:23Z,804.67,7.87042253521127,236.111,136,153.359375,35,0
running,2020,12,27,2020-12-27T00:56:10Z,804.67,7.78137510879025,345.838,140,147.71875,19,3
running,2020,12,27,2020-12-27T00:59:49Z,804.67,7.29265905383361,218.802,141,154.421875,24,0
running,2020,12,27,2020-12-27T01:03:05Z,804.67,6.08769859282796,196.13,142,150.90625,3,21
running,2020,12,27,2020-12-27T01:06:05Z,804.67,6.00591133004926,180.162,151,156.8125,3,20
running,2020,12,27,2020-12-27T01:09:20Z,804.67,6.50713245997089,195.203,149,152.515625,0,32
running,2020,12,27,2020-12-27T01:12:46Z,12.85,8.28363187152563,3.968,149,152,0,0
running,2020,12,27,2020-12-27T23:21:02Z,804.67,7.53015160022459,225.913,134,150.0625,5,0
running,2020,12,27,2020-12-27T23:24:31Z,804.67,6.96323987538941,208.917,144,151.4375,2,0
running,2020,12,27,2020-12-27T23:27:59Z,804.67,6.92548412083656,207.749,150,151.625,2,2
running,2020,12,27,2020-12-27T23:31:24Z,804.67,6.83025210084034,204.922,156,151.3125,9,8
running,2020,12,27,2020-12-27T23:35:26Z,804.67,6.55483870967742,242.571,153,148.625,0,7
running,2020,12,27,2020-12-27T23:38:47Z,804.67,6.68554336989033,200.556,153,151.890625,2,0
running,2020,12,27,2020-12-27T23:42:08Z,804.67,6.72072162365322,201.623,163,151.859375,5,0
running,2020,12,27,2020-12-27T23:45:34Z,804.67,6.85994884910486,205.805,162,151.421875,2,5
running,2020,12,27,2020-12-27T23:49:01Z,804.67,6.79392097264438,206.298,159,151.6875,7,7
running,2020,12,27,2020-12-27T23:52:27Z,804.67,6.86697388632872,206.019,164,151.96875,10,5
running,2020,12,27,2020-12-27T23:53:05Z,127,6.59837638376384,31.241,160,151.453125,0,0
running,2020,12,29,2020-12-29T00:38:21Z,804.67,7.12414342629482,213.698,143,153.328125,2,0
running,2020,12,29,2020-12-29T00:41:43Z,804.67,6.73929648241206,202.199,156,152.515625,0,0
running,2020,12,29,2020-12-29T00:45:18Z,804.67,7.16410256410256,214.946,164,152.25,5,0
running,2020,12,29,2020-12-29T00:48:51Z,804.67,7.10150913423352,213.019,159,151.953125,0,0
running,2020,12,29,2020-12-29T00:52:23Z,804.67,7.05295819090192,211.579,163,152.40625,0,2
running,2020,12,29,2020-12-29T00:55:50Z,804.67,6.91477184841454,207.441,158,152.09375,0,2
running,2020,12,29,2020-12-29T00:59:22Z,804.67,7.05852631578947,211.728,160,151.90625,0,0
running,2020,12,29,2020-12-29T01:02:45Z,804.67,6.77675593734209,203.31,162,151.234375,0,2
running,2020,12,29,2020-12-29T01:06:21Z,804.67,7.18906459394264,215.657,161,150.984375,0,0
running,2020,12,29,2020-12-29T01:09:58Z,804.67,7.2336569579288,217.012,161,151.078125,0,2
running,2020,12,29,2020-12-29T01:13:39Z,804.67,7.38502202643172,221.579,158,150.890625,0,0
running,2020,12,29,2020-12-29T01:17:22Z,804.67,7.40950276243094,222.283,158,151.34375,0,0
running,2020,12,29,2020-12-29T01:18:15Z,171.53,7.4818410041841,47.853,159,151.640625,0,2
running,2020,12,30,2020-12-30T01:01:58Z,804.67,7.824504084014,234.736,126,150.265625,5,0
running,2020,12,30,2020-12-30T01:05:51Z,804.67,7.75662232504338,232.708,132,150.625,0,0
running,2020,12,30,2020-12-30T01:09:45Z,804.67,7.78363319791062,233.479,131,150.3125,0,0
running,2020,12,30,2020-12-30T01:13:32Z,804.67,7.58766619519095,227.619,131,150.71875,0,0
running,2020,12,30,2020-12-30T01:17:29Z,804.67,7.90055964653903,236.997,135,150.3125,0,0
running,2020,12,30,2020-12-30T01:21:30Z,804.67,8.02105263157895,240.619,135,150.65625,0,0
running,2020,12,30,2020-12-30T01:25:08Z,804.67,7.26894308943089,218.095,136,150.484375,0,0
running,2020,12,30,2020-12-30T01:28:55Z,804.67,7.57480937588252,227.263,136,150.53125,0,2
running,2020,12,30,2020-12-30T01:33:04Z,804.67,8.28107440568077,248.418,136,150.640625,0,0
running,2020,12,30,2020-12-30T01:37:04Z,804.67,8.01146953405018,240.338,133,150.59375,0,0
running,2020,12,30,2020-12-30T01:37:18Z,13.85,10.308378170638,5.324,131,150.796875,0,0
running,2020,12,30,2020-12-30T23:55:58Z,804.67,8.25304615384615,289.519,128,147.265625,0,0
running,2020,12,31,2020-12-31T00:00:01Z,804.67,8.10589301903898,243.201,139,153.734375,2,0
running,2020,12,31,2020-12-31T00:03:57Z,804.67,7.8658064516129,235.966,141,151.96875,0,0
running,2020,12,31,2020-12-31T00:07:52Z,804.67,7.81766248907024,234.538,146,153.890625,2,0
running,2020,12,31,2020-12-31T00:12:06Z,804.67,8.32735175411363,254.087,148,146.75,11,5
running,2020,12,31,2020-12-31T00:15:58Z,804.67,7.74989887315805,232.471,141,152.34375,0,3
running,2020,12,31,2020-12-31T00:19:59Z,804.67,8.02105263157895,240.624,149,154.125,0,2
running,2020,12,31,2020-12-31T00:23:56Z,804.67,7.905216622458,237.157,145,155.328125,2,0
running,2020,12,31,2020-12-31T00:28:37Z,804.67,7.86119577960141,281.153,142,150.3125,0,0
running,2020,12,31,2020-12-31T00:32:42Z,804.67,7.74766031195841,245.307,142,150.609375,2,0
running,2020,12,31,2020-12-31T00:36:51Z,804.67,8.27851851851852,248.347,146,153.125,7,0
running,2020,12,31,2020-12-31T00:41:09Z,804.67,8.24036866359447,258.287,143,151.765625,2,9
running,2020,12,31,2020-12-31T00:45:40Z,804.67,8.08634308109738,270.746,140,149.453125,0,2
running,2020,12,31,2020-12-31T00:48:06Z,406.4,7.62866894197952,115.59,140,153.734375,0,0
running,2020,12,31,2020-12-31T01:06:54Z,804.67,8.43206538824269,262.856,138,148.625,0,0
running,2020,12,31,2020-12-31T01:11:55Z,804.67,8.37938144329897,300.701,141,144.328125,0,0
running,2020,12,31,2020-12-31T01:14:52Z,433.88,8.40827586206897,136.012,141,154.21875,0,0
running,2020,12,31,2020-12-31T18:45:42Z,804.67,8.73409312927385,301.309,143,142.609375,14,3
running,2020,12,31,2020-12-31T18:49:42Z,804.67,7.77911832946636,240.661,152,145.265625,0,0
running,2020,12,31,2020-12-31T18:53:55Z,804.67,7.87273260933372,252.412,159,149.5,0,0
running,2020,12,31,2020-12-31T18:57:55Z,804.67,8.01625821876868,240.514,163,155.203125,5,0
running,2020,12,31,2020-12-31T19:01:50Z,804.67,7.81310806874454,234.42,164,154.78125,4,0
running,2020,12,31,2020-12-31T19:05:40Z,804.67,7.67231121281465,230.186,156,155.75,2,2
running,2020,12,31,2020-12-31T19:09:29Z,804.67,7.6417094017094,229.251,156,155.21875,2,2
running,2020,12,31,2020-12-31T19:13:22Z,804.67,7.43208645054032,232.949,155,150.703125,0,0
running,2020,12,31,2020-12-31T19:16:59Z,804.67,7.2200269179004,216.582,158,155.546875,0,2
running,2020,12,31,2020-12-31T19:20:51Z,804.67,7.73425605536332,231.999,157,156.125,2,2
running,2020,12,31,2020-12-31T19:24:47Z,804.67,7.86119577960141,235.853,158,153.765625,2,9
running,2020,12,31,2020-12-31T19:28:41Z,804.67,7.79947659203257,234.011,156,153.46875,2,2
running,2020,12,31,2020-12-31T19:32:22Z,804.67,7.37486939785538,221.246,157,153.75,5,2
running,2020,12,31,2020-12-31T19:36:06Z,804.67,7.46726057906459,224.034,162,156.234375,7,3
running,2020,12,31,2020-12-31T19:40:06Z,804.67,7.99475409836066,239.874,158,152.359375,7,5
running,2020,12,31,2020-12-31T19:44:20Z,804.67,8.47201516108654,254.149,153,157.078125,10,8
running,2020,12,31,2020-12-31T19:48:18Z,804.67,7.93796981355431,238.153,157,154.515625,4,2
running,2020,12,31,2020-12-31T19:52:12Z,804.67,7.79267867518884,233.783,159,157,4,5
running,2020,12,31,2020-12-31T19:56:03Z,804.67,7.69211356466877,230.779,157,154.15625,2,2
running,2020,12,31,2020-12-31T20:00:02Z,804.67,7.9757359500446,239.252,157,152.390625,2,0
running,2020,12,31,2020-12-31T20:04:43Z,804.67,7.99713774597495,281.339,152,155.46875,0,0
running,2020,12,31,2020-12-31T20:08:38Z,804.67,7.67011724335144,234.311,160,151.296875,2,0
running,2020,12,31,2020-12-31T20:12:33Z,804.67,7.84280701754386,235.309,160,154.734375,4,0
running,2020,12,31,2020-12-31T20:16:22Z,804.67,7.6460661345496,229.358,160,152.9375,2,2
running,2020,12,31,2020-12-31T20:21:14Z,804.67,8.13046377690209,291.881,161,151.40625,2,4
running,2020,12,31,2020-12-31T20:25:12Z,804.67,7.92624113475177,237.795,161,154.21875,2,0
running,2020,12,31,2020-12-31T20:26:11Z,190.34,7.9709955423477,56.57,163,147.328125,0,0
running,2021,1,1,2021-01-01T20:27:58Z,804.67,7.03815271582262,211.155,131,152.578125,20,6
running,2021,1,1,2021-01-01T20:31:28Z,804.67,7.00689655172414,210.189,140,152.375,0,0
running,2021,1,1,2021-01-01T20:32:32Z,232.03,7.37689768976898,63.821,144,151.875,0,0
running,2021,1,1,2021-01-01T20:33:33Z,304.13,5.36555311062212,60.835,146,165.1875,2,0
running,2021,1,1,2021-01-01T20:34:34Z,230.75,7.09024583663759,60.997,152,152.65625,0,0
running,2021,1,1,2021-01-01T20:36:35Z,591.7,5.47731264039208,120.839,155,164.03125,2,0
running,2021,1,1,2021-01-01T20:37:36Z,241.89,6.72915203211239,60.678,165,153.046875,0,0
running,2021,1,1,2021-01-01T20:40:20Z,804.67,5.48291087489779,164.476,165,162.5625,0,0
running,2021,1,1,2021-01-01T20:40:36Z,81.57,5.26652267818575,16.016,159,162,0,0
running,2021,1,1,2021-01-01T20:41:37Z,228.5,7.12792984321021,60.73,158,152.1875,0,0
running,2021,1,1,2021-01-01T20:44:25Z,804.67,5.61725654450262,168.532,163,162.390625,2,0
running,2021,1,1,2021-01-01T20:45:38Z,350.38,5.58916440925193,73.004,163,161.6875,0,0
running,2021,1,1,2021-01-01T20:48:45Z,269.48,18.0137004701142,186.863,137,105.015625,0,3
running,2021,1,1,2021-01-01T20:51:28Z,804.67,5.42085691188359,162.612,150,163.5625,9,4
running,2021,1,1,2021-01-01T20:52:49Z,398.44,5.43954573108903,80.805,166,164.375,3,2
running,2021,1,1,2021-01-01T20:53:49Z,85.78,18.9557597173145,60.64,156,93.609375,0,0
running,2021,1,1,2021-01-01T20:56:30Z,804.67,5.37630787733013,161.28,166,163.28125,7,5
running,2021,1,1,2021-01-01T20:56:52Z,102.45,5.5338147307613,21.137,167,162.953125,2,0
running,2021,1,1,2021-01-01T20:57:54Z,97.71,17.0952198852772,62.285,160,116.171875,0,4
running,2021,1,1,2021-01-01T20:59:55Z,593.12,5.45614320585842,120.65,165,156.953125,3,2
running,2021,1,1,2021-01-01T21:00:55Z,91.33,17.763178807947,60.486,161,104.65625,0,0
running,2021,1,1,2021-01-01T21:01:57Z,318.34,5.21430793157076,61.884,166,157.078125,0,0
running,2021,1,1,2021-01-01T21:02:27Z,46.63,17.5654223968566,30.535,166,107.859375,0,0
running,2021,1,1,2021-01-01T21:05:21Z,707.35,6.59027027027027,173.789,168,152.171875,2,4
running,2021,1,1,2021-01-01T21:09:13Z,804.67,7.72757130509939,231.795,167,152.109375,2,4
running,2021,1,1,2021-01-01T21:12:57Z,804.67,7.46726057906459,224.032,169,153.515625,5,5
running,2021,1,1,2021-01-01T21:16:42Z,804.67,7.4818410041841,224.433,168,152.90625,5,3
running,2021,1,1,2021-01-01T21:20:32Z,804.67,7.69873708381171,230.946,168,153.9375,5,2
running,2021,1,1,2021-01-01T21:21:25Z,144.04,7.54073657576609,40.498,169,155.140625,2,2
running,2021,1,2,2021-01-02T20:23:39Z,804.67,9.34578397212544,280.378,130,134.5,4,56
running,2021,1,2,2021-01-02T20:27:30Z,804.67,7.70094745908699,231.048,144,151.203125,7,0
running,2021,1,2,2021-01-02T20:30:47Z,804.67,6.56928728875827,197.073,152,149.90625,2,0
running,2021,1,2,2021-01-02T20:34:44Z,804.67,7.90987909171336,237.308,155,149.5625,2,0
running,2021,1,2,2021-01-02T20:38:45Z,804.67,8.01865470852018,240.531,154,146.9375,3,7
running,2021,1,2,2021-01-02T20:42:32Z,804.67,7.58337574215437,227.523,154,152.296875,6,3
running,2021,1,2,2021-01-02T20:46:18Z,804.67,7.51959629941127,225.579,156,149.375,5,5
running,2021,1,2,2021-01-02T20:50:13Z,804.67,7.83135766423358,234.967,158,151.375,4,7
running,2021,1,2,2021-01-02T20:53:54Z,804.67,7.21032258064516,221.096,162,147.359375,11,0
running,2021,1,2,2021-01-02T20:57:11Z,804.67,6.56285784193785,196.884,160,151.8125,0,2
running,2021,1,2,2021-01-02T21:00:42Z,804.67,7.03446105428796,211.018,160,152.453125,5,5
running,2021,1,2,2021-01-02T21:02:33Z,403.2,6.69221556886228,100.6,160,151.796875,2,3
running,2021,1,3,2021-01-03T20:49:11Z,804.67,7.92858409695536,237.88,149,150.0625,0,0
running,2021,1,3,2021-01-03T20:53:04Z,804.67,7.74542304360381,232.353,163,152.78125,4,0
running,2021,1,3,2021-01-03T20:57:13Z,804.67,7.98999106344951,249.431,147,146.125,2,0
running,2021,1,3,2021-01-03T21:01:24Z,804.67,8.35068493150685,250.489,155,154.171875,10,8
running,2021,1,3,2021-01-03T21:05:28Z,804.67,8.16262933657943,244.896,158,153.90625,0,2
running,2021,1,3,2021-01-03T21:09:25Z,804.67,7.88430335097002,236.531,152,152.890625,2,0
running,2021,1,3,2021-01-03T21:14:02Z,804.67,8.09122171945701,277.424,139,151.3125,2,2
running,2021,1,3,2021-01-03T21:16:20Z,503.36,7.12603613177471,133.715,142,152.03125,0,0
running,2021,1,5,2021-01-05T00:59:39Z,804.67,8.09122171945701,242.74,127,151.0625,2,0
running,2021,1,5,2021-01-05T01:03:12Z,804.67,7.11280827366746,213.361,143,151.28125,2,2
running,2021,1,5,2021-01-05T01:06:45Z,804.67,7.09024583663759,212.688,143,151.328125,2,0
running,2021,1,5,2021-01-05T01:10:21Z,804.67,7.20644814615798,216.221,145,150.609375,11,10
running,2021,1,5,2021-01-05T01:13:51Z,804.67,7.00323759791123,210.098,149,151.1875,0,2
running,2021,1,5,2021-01-05T01:17:21Z,804.67,6.98681948424069,209.592,149,151.328125,0,0
running,2021,1,5,2021-01-05T01:20:39Z,804.67,6.60975850172499,198.272,151,151.03125,0,2
running,2021,1,5,2021-01-05T01:24:08Z,804.67,6.8511877394636,208.649,152,149.4375,0,2
running,2021,1,5,2021-01-05T01:28:07Z,804.67,6.98136387298282,239.168,147,147.5,2,0
running,2021,1,5,2021-01-05T01:31:53Z,804.67,7.41769911504425,225.369,147,150.703125,9,11
running,2021,1,5,2021-01-05T01:38:10Z,804.67,7.23951417004049,377.342,146,150.125,0,6
running,2021,1,5,2021-01-05T01:41:38Z,804.67,6.94341185607041,208.295,149,151.53125,6,0
running,2021,1,5,2021-01-05T01:45:42Z,804.67,7.20451248992748,243.78,143,147.265625,0,2
running,2021,1,5,2021-01-05T01:46:25Z,78.46,7.60487666572158,22.249,150,151.734375,0,0
running,2021,1,5,2021-01-05T19:40:18Z,804.67,7.8982332155477,318.723,115,130.765625,0,0
running,2021,1,5,2021-01-05T19:44:04Z,804.67,7.54922600619195,226.447,136,143.96875,2,0
running,2021,1,5,2021-01-05T19:49:21Z,804.67,7.59411098527746,316.769,130,153.328125,0,0
running,2021,1,5,2021-01-05T19:53:14Z,804.67,7.77460869565217,233.238,139,151.109375,2,0
running,2021,1,5,2021-01-05T19:58:33Z,804.67,8.13292904790782,318.321,139,149.015625,12,9
running,2021,1,5,2021-01-05T20:02:24Z,804.67,7.71867625899281,231.586,144,151.75,0,2
running,2021,1,5,2021-01-05T20:06:09Z,804.67,7.5006711409396,225.029,146,150.21875,0,0
running,2021,1,5,2021-01-05T20:09:59Z,804.67,7.65479452054795,229.626,147,151.4375,2,0
running,2021,1,5,2021-01-05T20:13:42Z,804.67,7.42591362126246,222.768,144,145.828125,0,0
running,2021,1,5,2021-01-05T20:17:29Z,804.67,7.58552036199095,227.573,143,154.34375,2,2
running,2021,1,5,2021-01-05T20:21:06Z,804.67,7.23951417004049,217.165,143,153.734375,2,2
running,2021,1,5,2021-01-05T20:24:44Z,804.67,7.2492972972973,217.489,145,156.1875,2,0
running,2021,1,5,2021-01-05T20:28:21Z,804.67,7.2532179556517,217.571,144,151.34375,0,0
running,2021,1,5,2021-01-05T20:32:02Z,804.67,7.34860273972603,220.472,146,152.15625,4,2
running,2021,1,5,2021-01-05T20:35:34Z,804.67,7.08649933949802,212.57,146,149.671875,0,2
running,2021,1,5,2021-01-05T20:39:09Z,804.67,7.13741351782863,214.117,147,152.34375,2,0
running,2021,1,5,2021-01-05T20:42:43Z,804.67,7.15645677694771,214.683,150,152.265625,0,0
running,2021,1,5,2021-01-05T20:46:27Z,804.67,7.44446294754371,223.306,146,152.859375,2,2
running,2021,1,5,2021-01-05T20:50:02Z,804.67,7.17752207653198,215.336,151,154.078125,3,4
running,2021,1,5,2021-01-05T20:53:33Z,804.67,7.04,211.181,154,150.8125,7,0
running,2021,1,5,2021-01-05T20:57:04Z,804.67,7.01606068532566,210.477,155,152.546875,0,2
running,2021,1,5,2021-01-05T21:00:38Z,804.67,7.13741351782863,214.131,155,154.109375,13,12
running,2021,1,5,2021-01-05T21:04:13Z,804.67,7.16601656425327,214.965,157,150.625,12,10
running,2021,1,5,2021-01-05T21:07:45Z,804.67,7.08088701161563,212.448,159,152.1875,14,11
running,2021,1,5,2021-01-05T21:11:14Z,804.67,6.95241057542768,208.567,158,150.453125,0,3
running,2021,1,5,2021-01-05T21:14:51Z,804.67,7.2492972972973,217.453,160,149.4375,3,5
running,2021,1,5,2021-01-05T21:18:28Z,804.67,7.21614205004036,216.489,161,151.484375,11,6
running,2021,1,5,2021-01-05T21:22:17Z,804.67,7.63518360375747,229.059,157,137.6875,7,11
running,2021,1,5,2021-01-05T21:26:12Z,804.67,7.58766619519095,235.688,161,147.453125,9,8
running,2021,1,5,2021-01-05T21:30:20Z,804.67,7.73871898442008,247.453,155,149.234375,8,10
running,2021,1,5,2021-01-05T21:30:29Z,22.36,8.05477477477477,6.716,160,158,0,0
running,2021,1,6,2021-01-06T18:26:44Z,804.67,8.37676452217364,270.138,126,150.453125,0,0
running,2021,1,6,2021-01-06T18:30:52Z,804.67,8.25812807881773,247.769,135,148.140625,2,0
running,2021,1,6,2021-01-06T18:34:46Z,804.67,7.81538461538462,234.435,140,154.078125,3,2
running,2021,1,6,2021-01-06T18:38:49Z,804.67,8.07174240144448,242.155,143,152.4375,2,0
running,2021,1,6,2021-01-06T18:43:56Z,804.67,8.71989596879064,307.119,139,149.828125,10,6
running,2021,1,6,2021-01-06T18:47:52Z,804.67,7.86119577960141,235.856,140,153.234375,0,2
running,2021,1,6,2021-01-06T18:51:45Z,804.67,7.79267867518884,233.783,142,155.03125,0,0
running,2021,1,6,2021-01-06T18:53:00Z,225.59,7.57480937588252,63.711,141,154.125,0,0
running,2021,1,6,2021-01-06T19:29:15Z,804.67,8.314445133292,249.396,147,143.828125,0,0
running,2021,1,6,2021-01-06T19:33:18Z,804.67,8.11324863883847,243.39,154,149.625,4,0
running,2021,1,6,2021-01-06T19:37:49Z,804.67,9.00987571380584,270.338,156,144.703125,10,11
running,2021,1,6,2021-01-06T19:41:50Z,804.67,8.05235664965476,241.545,164,151.578125,4,0
running,2021,1,6,2021-01-06T19:45:45Z,804.67,7.84510090669786,235.366,166,153.34375,0,0
running,2021,1,6,2021-01-06T19:50:20Z,804.67,8.0019093078759,274.122,154,140.25,0,0
running,2021,1,6,2021-01-06T19:51:23Z,223.17,7.41359867330017,61.686,148,149.421875,0,0
running,2021,1,8,2021-01-08T00:29:43Z,804.67,7.2083848427842,218.247,138,153.0625,2,0
running,2021,1,8,2021-01-08T00:33:03Z,804.67,6.66726323639075,200.041,148,152.546875,2,0
running,2021,1,8,2021-01-08T00:36:18Z,804.67,6.50713245997089,195.22,152,151.890625,0,0
running,2021,1,8,2021-01-08T00:39:42Z,804.67,6.77333333333333,203.18,154,152.03125,2,0
running,2021,1,8,2021-01-08T00:42:43Z,804.67,6.03428571428571,181.027,163,157.90625,0,2
running,2021,1,8,2021-01-08T00:45:42Z,804.67,5.98580673956706,179.57,169,157.453125,2,0
running,2021,1,8,2021-01-08T00:48:39Z,804.67,5.89892236639543,176.972,172,157.25,0,2
running,2021,1,8,2021-01-08T00:51:40Z,804.67,6.02750561797753,180.83,168,157.1875,2,0
running,2021,1,8,2021-01-08T00:54:38Z,804.67,5.94468085106383,178.347,164,157.6875,0,2
running,2021,1,8,2021-01-08T00:57:33Z,804.67,5.82968919800043,174.907,165,158.53125,4,2
running,2021,1,8,2021-01-08T01:00:31Z,804.67,5.92498343273691,177.735,162,157.625,3,4
running,2021,1,8,2021-01-08T01:01:05Z,21.68,4.22999526888503,3.419,160,158,0,2
running,2021,1,8,2021-01-08T01:15:02Z,804.67,8.88453130175555,266.515,139,150.5625,6,0
running,2021,1,8,2021-01-08T01:19:13Z,804.67,8.34289269051322,250.323,151,144.265625,4,0
running,2021,1,8,2021-01-08T01:20:51Z,311.69,8.04269865067466,93.463,149,147.15625,2,0
running,2021,1,9,2021-01-09T00:49:22Z,804.67,8.12307692307692,243.668,138,147.296875,7,5
running,2021,1,9,2021-01-09T00:54:01Z,804.67,7.85428989751098,279.444,143,143.484375,0,0
running,2021,1,9,2021-01-09T00:57:55Z,804.67,7.80628637951106,234.198,150,152.125,0,0
running,2021,1,9,2021-01-09T01:01:55Z,804.67,7.30855585831063,239.43,153,151.53125,0,0
running,2021,1,9,2021-01-09T01:06:21Z,804.67,7.59196150580243,266.362,153,147.625,0,0
running,2021,1,9,2021-01-09T01:10:06Z,804.67,7.5006711409396,225.047,163,149.984375,2,0
running,2021,1,9,2021-01-09T01:13:49Z,804.67,7.44446294754371,223.351,159,150.625,0,2
running,2021,1,9,2021-01-09T01:17:55Z,804.67,7.82222222222222,246.021,156,146.21875,0,0
running,2021,1,9,2021-01-09T01:23:37Z,804.67,8.16014602981442,341.973,144,147.453125,9,0
running,2021,1,9,2021-01-09T01:28:18Z,804.67,8.50424857324033,281.043,140,144.46875,2,8
running,2021,1,9,2021-01-09T01:32:15Z,804.67,7.89126213592233,236.724,146,147.984375,2,0
running,2021,1,9,2021-01-09T01:36:03Z,804.67,7.6091914893617,228.3,150,151.765625,2,4
running,2021,1,9,2021-01-09T01:40:34Z,689.21,8.59692307692308,268.329,138,137.578125,0,0
running,2021,1,9,2021-01-09T19:01:44Z,804.67,8.0019093078759,240.054,152,153.234375,27,10
running,2021,1,9,2021-01-09T19:06:28Z,804.67,8.20758873929009,282.555,155,155.015625,30,33
running,2021,1,9,2021-01-09T19:10:25Z,804.67,7.92624113475177,237.798,165,156.4375,42,0
running,2021,1,9,2021-01-09T19:14:44Z,804.67,7.95680806882231,258.718,163,151.234375,28,29
running,2021,1,9,2021-01-09T19:18:36Z,804.67,7.72534562211982,231.774,159,153.578125,8,29
running,2021,1,9,2021-01-09T19:21:57Z,804.67,6.6955566650025,200.85,163,154.21875,5,9
running,2021,1,9,2021-01-09T19:28:09Z,804.67,7.13172028715767,372.173,155,149.34375,11,15
running,2021,1,9,2021-01-09T19:31:53Z,804.67,7.47975460122699,224.414,166,143.65625,5,3
running,2021,1,9,2021-01-09T19:35:20Z,804.67,6.88106721395587,206.418,169,151.546875,15,20
running,2021,1,9,2021-01-09T19:38:41Z,804.67,6.72240601503759,201.682,172,155.84375,8,7
running,2021,1,9,2021-01-09T19:42:06Z,804.67,6.8180986273513,204.549,169,155.359375,8,5
running,2021,1,9,2021-01-09T19:45:40Z,804.67,7.1336170212766,213.993,169,156.921875,20,11
running,2021,1,9,2021-01-09T19:49:55Z,319.53,6.32305516265912,75.327,165,149.28125,0,13
running,2021,1,10,2021-01-10T23:39:07Z,804.67,6.92548412083656,207.766,141,153.8125,5,2
running,2021,1,10,2021-01-10T23:42:26Z,804.67,6.63100123609394,198.915,152,155.1875,0,0
running,2021,1,10,2021-01-10T23:45:49Z,804.67,6.74268476621418,202.272,157,153.9375,0,0
running,2021,1,10,2021-01-10T23:49:49Z,804.67,6.79220055710306,240.519,152,147.125,0,0
running,2021,1,10,2021-01-10T23:53:25Z,804.67,7.19678025221358,215.922,156,145.9375,0,0
running,2021,1,10,2021-01-10T23:56:58Z,804.67,7.08462757527734,212.526,158,151.703125,7,10
running,2021,1,11,2021-01-11T00:00:32Z,804.67,7.10150913423352,213.029,162,152.28125,7,9
running,2021,1,11,2021-01-11T00:04:20Z,804.67,7.62,228.606,161,149.484375,8,10
running,2021,1,11,2021-01-11T00:07:56Z,804.67,7.19484978540772,215.833,161,152.015625,8,5
running,2021,1,11,2021-01-11T00:11:31Z,804.67,7.17368280288847,215.209,157,152.28125,3,7
running,2021,1,11,2021-01-11T00:11:46Z,29.31,6.71063297473105,7.333,160,150.75,0,0
running,2021,1,12,2021-01-12T00:59:05Z,804.67,7.2610720086627,256.214,132,150.6875,0,0
running,2021,1,12,2021-01-12T01:02:30Z,804.67,6.80426179604262,204.121,147,153.796875,0,0
running,2021,1,12,2021-01-12T01:06:01Z,804.67,7.06410323939953,211.925,149,152.609375,0,0
running,2021,1,12,2021-01-12T01:09:57Z,804.67,6.92012383900929,235.674,151,149.71875,2,0
running,2021,1,12,2021-01-12T01:13:16Z,804.67,6.61628021706956,198.474,146,154.078125,0,2
running,2021,1,12,2021-01-12T01:16:42Z,804.67,6.88990495761623,206.677,157,153.671875,2,0
running,2021,1,12,2021-01-12T01:20:09Z,804.67,6.87401332649923,206.198,156,152.921875,0,0
running,2021,1,12,2021-01-12T01:23:33Z,804.67,6.80944402132521,204.296,156,153.421875,0,0
running,2021,1,12,2021-01-12T01:26:53Z,804.67,6.67057945784631,200.136,156,153.453125,2,0
running,2021,1,12,2021-01-12T01:30:16Z,804.67,6.76820590461771,203.053,155,153.625,0,2
running,2021,1,12,2021-01-12T01:33:36Z,804.67,6.66229508196721,199.869,157,153.5625,2,5
running,2021,1,12,2021-01-12T01:37:02Z,804.67,6.87753846153846,206.328,155,154.171875,0,0
running,2021,1,12,2021-01-12T01:40:25Z,804.67,6.74947156517363,202.475,159,152.6875,0,5
running,2021,1,12,2021-01-12T01:44:16Z,804.67,7.00506659702272,230.002,154,149.765625,10,5
running,2021,1,12,2021-01-12T01:47:51Z,804.67,7.18906459394264,215.646,156,153.015625,6,5
running,2021,1,12,2021-01-12T01:51:22Z,804.67,7.0197330541743,210.595,158,153.890625,7,10
running,2021,1,12,2021-01-12T01:54:49Z,804.67,6.89344641480339,206.79,157,153.875,3,2
running,2021,1,12,2021-01-12T01:58:41Z,804.67,7.61783584209032,232.618,152,149.25,0,2
running,2021,1,12,2021-01-12T01:59:11Z,23.69,8.27341147439852,7.307,145,153,0,0
running,2021,1,13,2021-01-13T00:52:14Z,804.67,8.28363187152563,274.616,126,135.28125,0,0
running,2021,1,13,2021-01-13T00:56:17Z,804.67,8.09855072463768,242.931,141,150.796875,4,0
running,2021,1,13,2021-01-13T01:00:13Z,804.67,7.87967097532315,236.39,147,149.59375,0,2
running,2021,1,13,2021-01-13T01:04:09Z,804.67,7.8658064516129,235.946,158,149.890625,2,0
running,2021,1,13,2021-01-13T01:09:14Z,804.67,8.2479704797048,304.132,153,147.90625,11,15
running,2021,1,13,2021-01-13T01:13:13Z,804.67,7.96389548693587,238.886,161,150.171875,5,8
running,2021,1,13,2021-01-13T01:17:05Z,804.67,7.72757130509939,231.802,160,145.34375,11,10
running,2021,1,13,2021-01-13T01:21:01Z,804.67,7.89126213592233,236.724,162,150.15625,8,5
running,2021,1,13,2021-01-13T01:24:59Z,804.67,7.91688311688312,237.518,163,148.625,2,2
running,2021,1,13,2021-01-13T01:30:44Z,804.67,8.42412060301508,345.11,159,138.5625,5,3
running,2021,1,13,2021-01-13T01:34:59Z,804.67,8.48541600759253,254.548,156,137.609375,11,8
running,2021,1,13,2021-01-13T01:41:02Z,804.67,8.46399495108867,363.216,154,142.71875,10,11
running,2021,1,13,2021-01-13T01:45:29Z,804.67,8.6468085106383,267.237,162,146.4375,10,8
running,2021,1,13,2021-01-13T01:50:14Z,804.67,8.55033471469557,284.65,155,146.921875,7,5
running,2021,1,13,2021-01-13T01:52:22Z,414.36,8.05961538461538,124.522,156,151.953125,0,0
running,2021,1,13,2021-01-13T18:22:50Z,804.67,8.48005058488777,280.508,130,142.640625,0,0
running,2021,1,13,2021-01-13T18:26:40Z,804.67,7.67011724335144,230.126,145,146.828125,2,0
running,2021,1,13,2021-01-13T18:31:30Z,804.67,8.21261481935089,290.622,138,147.140625,2,2
running,2021,1,13,2021-01-13T18:35:22Z,804.67,7.70315910396324,231.125,146,151.5,0,2
running,2021,1,13,2021-01-13T18:39:33Z,804.67,8.23530856616518,251.852,144,146.28125,10,0
running,2021,1,13,2021-01-13T18:43:45Z,804.67,8.37676452217364,251.282,141,144.78125,0,8
running,2021,1,13,2021-01-13T18:47:40Z,804.67,7.82907180385289,234.89,147,145.640625,0,2
running,2021,1,13,2021-01-13T18:51:25Z,804.67,7.50696893366919,225.226,150,148.65625,0,0
running,2021,1,13,2021-01-13T18:53:46Z,22.95,7.78137510879025,6.659,153,153,0,0
running,2021,1,13,2021-01-13T19:36:09Z,804.67,8.05961538461538,241.801,143,140.59375,2,0
running,2021,1,13,2021-01-13T19:40:06Z,804.67,7.90055964653903,237.034,150,151.515625,0,0
running,2021,1,13,2021-01-13T19:44:02Z,804.67,7.86350043975374,235.927,151,148.765625,2,0
running,2021,1,13,2021-01-13T19:48:14Z,804.67,8.10834340991536,251.576,154,147.484375,8,0
running,2021,1,13,2021-01-13T19:52:11Z,804.67,7.92624113475177,237.81,155,153.5,5,15
running,2021,1,13,2021-01-13T19:56:10Z,804.67,7.93562130177515,238.052,160,151.453125,6,8
running,2021,1,13,2021-01-13T19:59:55Z,804.67,7.51327731092437,225.399,159,151.46875,5,5
running,2021,1,13,2021-01-13T20:04:22Z,804.67,8.04269865067466,266.627,152,140.328125,11,5
running,2021,1,13,2021-01-13T20:06:27Z,441.1,7.15454787943452,117.655,153,152.9375,2,0
running,2021,1,14,2021-01-14T18:11:07Z,804.67,8.45332492908919,253.634,143,143.828125,7,5
running,2021,1,14,2021-01-14T18:15:03Z,804.67,7.8658064516129,235.981,154,148.875,0,0
running,2021,1,14,2021-01-14T18:18:58Z,804.67,7.81766248907024,234.508,160,152.109375,2,0
running,2021,1,14,2021-01-14T18:22:57Z,804.67,7.96626076626077,238.99,163,150.921875,0,0
running,2021,1,14,2021-01-14T18:26:48Z,804.67,7.70094745908699,231.005,164,148.390625,4,0
running,2021,1,14,2021-01-14T18:30:38Z,804.67,7.68109965635739,230.406,162,153.53125,2,3
running,2021,1,14,2021-01-14T18:34:27Z,804.67,7.6373576309795,229.091,159,152.03125,0,2
running,2021,1,14,2021-01-14T18:38:15Z,804.67,7.6091914893617,228.272,167,154.046875,2,0
running,2021,1,14,2021-01-14T18:41:58Z,804.67,7.37081615828524,221.105,169,154.765625,2,3
running,2021,1,14,2021-01-14T18:45:45Z,804.67,7.57053344623201,227.133,167,150.96875,2,2
running,2021,1,14,2021-01-14T18:49:40Z,804.67,7.82907180385289,234.847,167,155.140625,0,2
running,2021,1,14,2021-01-14T18:53:29Z,804.67,7.6373576309795,229.1,167,155.1875,3,6
running,2021,1,14,2021-01-14T18:57:11Z,804.67,7.40950276243094,222.28,170,152.25,2,2
running,2021,1,14,2021-01-14T19:00:56Z,804.67,7.49438390611903,224.811,173,154.21875,13,10
running,2021,1,14,2021-01-14T19:04:48Z,804.67,7.74989887315805,232.495,166,151.515625,2,5
running,2021,1,14,2021-01-14T19:08:54Z,804.67,8.20006114338123,246.009,166,153.9375,14,9
running,2021,1,14,2021-01-14T19:12:46Z,804.67,7.70980166714573,231.302,162,151.53125,2,3
running,2021,1,14,2021-01-14T19:16:32Z,804.67,7.54710185706247,226.433,170,153.828125,2,2
running,2021,1,14,2021-01-14T19:16:44Z,33.38,8.13046377690209,10.117,169,155.203125,0,0
running,2021,1,14,2021-01-14T19:44:18Z,804.67,8.16511415525114,244.95,132,146.65625,2,0
running,2021,1,14,2021-01-14T19:48:30Z,804.67,8.3741492350921,251.258,142,144.75,2,0
running,2021,1,14,2021-01-14T19:52:19Z,804.67,7.63301081388731,229.021,154,153.09375,0,0
running,2021,1,14,2021-01-14T19:57:03Z,804.67,7.82907180385289,284.239,145,147.015625,7,2
running,2021,1,14,2021-01-14T19:58:06Z,218.66,7.39928275862069,60.318,150,153.6875,0,0
running,2021,1,16,2021-01-16T00:42:57Z,804.67,7.7120184013801,240.385,136,141.921875,2,0
running,2021,1,16,2021-01-16T00:46:42Z,804.67,7.49857422421023,224.945,144,146.734375,2,0
running,2021,1,16,2021-01-16T00:50:11Z,804.67,6.93981888745149,208.182,148,151.140625,0,0
running,2021,1,16,2021-01-16T00:53:44Z,804.67,7.12603613177471,213.801,154,149.5,2,0
running,2021,1,16,2021-01-16T00:57:23Z,804.67,7.30059880239521,219.029,157,149.640625,10,7
running,2021,1,16,2021-01-16T01:02:42Z,804.67,7.31453504226889,318.792,150,134.453125,0,2
running,2021,1,16,2021-01-16T01:06:08Z,804.67,6.84419494769074,205.349,149,150.890625,5,9
running,2021,1,16,2021-01-16T01:09:37Z,804.67,6.98136387298282,209.423,154,152.03125,2,0
running,2021,1,16,2021-01-16T01:13:09Z,804.67,7.07901821060966,212.385,155,148.4375,4,2
running,2021,1,16,2021-01-16T01:16:51Z,804.67,7.03815271582262,221.78,150,148.46875,5,7
running,2021,1,16,2021-01-16T01:18:19Z,11.9,7.78363319791062,3.453,145,151.75,0,0
running,2021,1,16,2021-01-16T01:39:48Z,804.67,8.23278084714549,247.017,134,147.4375,11,2
running,2021,1,16,2021-01-16T01:44:15Z,804.67,7.89126213592233,267.352,141,146.5625,10,3
running,2021,1,16,2021-01-16T01:48:31Z,804.67,8.21764705882353,255.312,142,148.8125,13,11
running,2021,1,16,2021-01-16T01:52:18Z,804.67,7.58552036199095,227.584,148,151.234375,5,8
running,2021,1,16,2021-01-16T01:56:10Z,804.67,7.73202652061113,231.993,152,149.75,7,0
running,2021,1,16,2021-01-16T01:59:57Z,804.67,7.53861720067454,226.176,150,150.25,0,2
running,2021,1,16,2021-01-16T02:04:37Z,804.67,7.70537201953462,280.175,134,138.59375,0,0
running,2021,1,16,2021-01-16T02:04:56Z,7.42,10.8636695018226,3.006,137,152,0,0
running,2021,1,16,2021-01-16T18:56:54Z,804.67,7.56412859560068,226.944,146,153,28,11
running,2021,1,16,2021-01-16T19:02:53Z,804.67,8.08390596745027,359.402,143,152.71875,29,33
running,2021,1,16,2021-01-16T19:06:32Z,804.67,7.31054783319706,219.325,137,158.265625,40,0
running,2021,1,16,2021-01-16T19:09:24Z,804.67,5.71175468483816,171.334,149,162.90625,7,8
running,2021,1,16,2021-01-16T19:11:09Z,460.64,6.12104062072113,105.128,166,161.921875,6,4
running,2021,1,16,2021-01-16T19:15:06Z,804.67,7.91922054915855,237.567,151,150.65625,8,41
running,2021,1,16,2021-01-16T19:16:40Z,331.69,7.57694915254237,93.689,152,151.703125,2,3
running,2021,1,16,2021-01-16T19:20:03Z,804.67,6.74947156517363,202.502,170,160.59375,25,6
running,2021,1,16,2021-01-16T19:23:08Z,804.67,6.19884446498729,185.967,180,162.40625,21,26
running,2021,1,16,2021-01-16T19:29:31Z,804.67,7.69873708381171,382.981,155,156.953125,15,44
running,2021,1,16,2021-01-16T19:34:06Z,804.67,7.31254089422028,274.104,160,149.609375,7,3
running,2021,1,16,2021-01-16T19:37:38Z,804.67,7.08462757527734,212.564,167,153.390625,7,0
running,2021,1,16,2021-01-16T19:41:56Z,804.67,7.33854993160055,258.249,155,147.625,2,3
running,2021,1,16,2021-01-16T19:48:12Z,804.67,9.32628650904033,375.349,150,139.359375,12,21
running,2021,1,16,2021-01-16T19:51:07Z,804.67,5.83603133159269,175.088,173,160.15625,7,0
running,2021,1,16,2021-01-16T19:53:53Z,804.67,5.53267326732673,165.97,180,160.859375,0,0
running,2021,1,16,2021-01-16T19:56:52Z,804.67,5.96450967311541,178.937,183,157.90625,2,3
running,2021,1,16,2021-01-16T19:59:52Z,804.67,6.00591133004926,180.17,182,157.1875,2,2
running,2021,1,16,2021-01-16T20:03:55Z,804.67,7.0197330541743,242.857,168,151.296875,10,15
running,2021,1,16,2021-01-16T20:04:45Z,151.51,7.06968898260411,39.932,145,151.09375,0,6
running,2021,1,17,2021-01-17T20:22:41Z,804.67,7.18521296544334,215.531,134,154.03125,52,0
running,2021,1,17,2021-01-17T20:26:11Z,804.67,6.98136387298282,209.421,142,151.75,4,2
running,2021,1,17,2021-01-17T20:29:38Z,804.67,6.89521850899743,206.858,141,154.28125,2,0
running,2021,1,17,2021-01-17T20:33:05Z,804.67,6.91833892184679,207.546,142,153.640625,2,2
running,2021,1,17,2021-01-17T20:36:30Z,804.67,6.83373248407643,204.999,148,154.203125,3,13
running,2021,1,17,2021-01-17T20:39:49Z,804.67,6.63920792079208,199.19,139,154.171875,6,5
running,2021,1,17,2021-01-17T20:43:11Z,804.67,6.71399249061327,201.437,147,153.359375,15,10
running,2021,1,17,2021-01-17T20:46:46Z,804.67,6.81290322580645,215.558,146,153.796875,6,11
running,2021,1,17,2021-01-17T20:46:53Z,16.12,6.37717546362339,3.833,146,158,0,0
running,2021,1,18,2021-01-18T21:32:21Z,804.67,7.49438390611903,257.839,132,145.515625,0,0
running,2021,1,18,2021-01-18T21:35:42Z,804.67,6.68554336989033,200.584,152,152.609375,2,0
running,2021,1,18,2021-01-18T21:38:57Z,804.67,6.51345313258863,195.425,157,151.6875,3,2
running,2021,1,18,2021-01-18T21:42:25Z,804.67,6.93085271317829,207.92,155,151.484375,11,9
running,2021,1,18,2021-01-18T21:45:59Z,804.67,6.8180986273513,214.22,152,147.453125,0,4
running,2021,1,18,2021-01-18T21:49:24Z,804.67,6.82503816793893,204.765,159,152.1875,0,0
running,2021,1,18,2021-01-18T21:51:44Z,546.8,6.88283294842186,140.309,162,151.46875,2,0
running,2021,1,18,2021-01-18T21:54:34Z,804.67,5.63851166701703,169.15,174,162.609375,2,0
running,2021,1,18,2021-01-18T21:57:22Z,804.67,5.61255492780917,168.373,183,163.359375,3,4
running,2021,1,18,2021-01-18T22:00:01Z,804.67,5.29250197316496,158.79,187,163.234375,0,5
running,2021,1,18,2021-01-18T22:02:41Z,804.67,5.33036565977742,159.902,190,163.46875,0,4
running,2021,1,18,2021-01-18T22:10:23Z,804.67,7.05295819090192,462.234,160,149.671875,2,0
running,2021,1,18,2021-01-18T22:13:51Z,804.67,6.92727272727273,207.844,173,152.71875,7,2
running,2021,1,18,2021-01-18T22:17:24Z,804.67,7.11280827366746,213.359,173,152.796875,5,3
running,2021,1,18,2021-01-18T22:20:51Z,804.67,6.88990495761623,206.707,172,152.6875,2,0
running,2021,1,18,2021-01-18T22:24:27Z,804.67,7.09399629727585,216.179,166,150.1875,5,7
running,2021,1,18,2021-01-18T22:27:51Z,804.67,6.79736441966548,203.899,167,152.140625,0,0
running,2021,1,18,2021-01-18T22:31:53Z,804.67,6.77846853677028,242.561,165,148.625,3,0
running,2021,1,18,2021-01-18T22:35:01Z,804.67,6.24502910360885,187.362,174,158.71875,15,12
running,2021,1,18,2021-01-18T22:38:25Z,804.67,6.81290322580645,204.379,174,151.921875,2,2
running,2021,1,18,2021-01-18T22:41:46Z,804.67,6.69722846441948,200.932,176,152.25,2,4
running,2021,1,18,2021-01-18T22:44:07Z,498.33,6.96685714285714,138.487,170,145.4375,3,2
running,2021,1,19,2021-01-19T19:11:38Z,804.67,7.76785403996525,241.645,140,139.234375,2,0
running,2021,1,19,2021-01-19T19:15:30Z,804.67,7.73425605536332,232.022,155,150.859375,0,0
running,2021,1,19,2021-01-19T19:19:10Z,804.67,7.32652280797596,219.766,157,150.515625,2,2
running,2021,1,19,2021-01-19T19:22:49Z,804.67,7.32252252252252,219.659,165,153.0625,4,0
running,2021,1,19,2021-01-19T19:26:58Z,804.67,8.03547034152187,248.58,164,150.484375,10,10
running,2021,1,19,2021-01-19T19:30:43Z,804.67,7.49019826864004,224.706,159,148.984375,2,5
running,2021,1,19,2021-01-19T19:34:26Z,804.67,7.45895439377086,223.753,155,153.234375,0,0
running,2021,1,19,2021-01-19T19:37:59Z,804.67,7.08462757527734,212.52,160,153.59375,0,0
running,2021,1,19,2021-01-19T19:41:44Z,804.67,7.26500541711809,224.973,162,150.21875,2,0
running,2021,1,19,2021-01-19T19:46:32Z,804.67,7.81083284799068,288.471,158,146.140625,8,0
running,2021,1,19,2021-01-19T19:50:36Z,804.67,7.77911832946636,243.136,151,141.71875,3,10
running,2021,1,19,2021-01-19T19:54:28Z,804.67,7.7521387283237,232.578,155,149.0625,0,0
running,2021,1,19,2021-01-19T19:54:36Z,11.76,7.7120184013801,3.381,153,149.75,0,0
running,2021,1,19,2021-01-19T20:25:20Z,804.67,7.93092844470727,237.893,132,146.546875,2,0
running,2021,1,19,2021-01-19T20:29:17Z,804.67,7.58766619519095,237.089,143,147.640625,0,0
running,2021,1,19,2021-01-19T20:34:13Z,804.67,8.12307692307692,295.837,140,148.71875,2,0
running,2021,1,19,2021-01-19T20:37:51Z,804.67,7.27683125339121,218.315,150,153.40625,3,2
running,2021,1,19,2021-01-19T20:40:33Z,122.75,7.70980166714573,35.283,155,139.375,0,0
running,2021,1,20,2021-01-20T23:52:16Z,804.67,8.27851851851852,292.145,132,127.46875,0,54
running,2021,1,20,2021-01-20T23:55:58Z,804.67,7.39520264681555,221.874,150,150.765625,2,0
running,2021,1,20,2021-01-20T23:59:39Z,804.67,7.36676737160121,220.994,163,148.53125,0,0
running,2021,1,21,2021-01-21T00:03:28Z,804.67,7.63518360375747,229.079,164,150.8125,2,0
running,2021,1,21,2021-01-21T00:07:34Z,804.67,8.20256880733945,246.051,160,147.234375,8,0
running,2021,1,21,2021-01-21T00:11:38Z,804.67,7.8519906323185,244.234,156,143.375,0,7
running,2021,1,21,2021-01-21T00:15:09Z,804.67,7.04925098554533,211.481,158,147.484375,0,2
running,2021,1,21,2021-01-21T00:20:55Z,804.67,7.61783584209032,344.578,153,149.078125,0,0
running,2021,1,21,2021-01-21T00:24:32Z,804.67,7.23756071235834,217.147,162,149.171875,0,0
running,2021,1,21,2021-01-21T00:28:14Z,804.67,7.38909090909091,221.663,164,151.90625,2,0
running,2021,1,21,2021-01-21T00:32:01Z,804.67,7.58552036199095,227.594,159,146.625,10,0
running,2021,1,21,2021-01-21T00:35:51Z,804.67,7.4922905027933,229.999,157,147.71875,2,10
running,2021,1,21,2021-01-21T00:39:28Z,804.67,7.22391597091301,216.708,160,152.15625,0,2
running,2021,1,21,2021-01-21T00:40:42Z,72.1,7.79267867518884,20.95,161,152.09375,0,0
running,2021,1,21,2021-01-21T01:14:02Z,804.67,8.180054894785,245.428,143,147.515625,2,0
running,2021,1,21,2021-01-21T01:18:14Z,804.67,7.91221238938053,251.415,145,139.796875,0,0
running,2021,1,21,2021-01-21T01:19:35Z,267.07,7.91922054915855,78.844,141,147.171875,0,0
running,2021,1,21,2021-01-21T18:01:24Z,804.67,8.16511415525114,250.209,135,141.453125,0,0
running,2021,1,21,2021-01-21T18:05:04Z,804.67,7.33654266958425,220.103,147,150.328125,2,0
running,2021,1,21,2021-01-21T18:08:44Z,804.67,7.31852660300136,219.547,152,155.421875,0,0
running,2021,1,21,2021-01-21T18:12:14Z,804.67,7.02157068062827,210.63,158,145.6875,0,0
running,2021,1,21,2021-01-21T18:13:11Z,198.78,7.28869565217391,54.024,163,155.03125,0,0
running,2021,1,21,2021-01-21T19:26:34Z,804.67,7.95680806882231,238.707,121,153.03125,4,0
running,2021,1,21,2021-01-21T19:30:20Z,804.67,7.55773457311919,226.713,138,155,0,0
running,2021,1,21,2021-01-21T19:34:10Z,804.67,7.6460661345496,229.352,141,155.53125,4,0
running,2021,1,21,2021-01-21T19:38:19Z,804.67,7.89126213592233,249.004,140,146.25,6,0
running,2021,1,21,2021-01-21T19:42:28Z,804.67,8.00907733651836,249.465,141,151.765625,5,10
running,2021,1,21,2021-01-21T19:46:06Z,804.67,7.26894308943089,218.091,145,150.296875,0,2
running,2021,1,21,2021-01-21T19:50:21Z,804.67,7.56412859560068,253.767,150,152.5625,2,0
running,2021,1,21,2021-01-21T19:53:59Z,804.67,7.27485760781123,218.244,148,153.765625,0,0
running,2021,1,21,2021-01-21T19:58:08Z,804.67,7.8199416909621,249.11,150,145.484375,0,0
running,2021,1,21,2021-01-21T20:02:20Z,804.67,7.74766031195841,251.291,143,149.015625,0,0
running,2021,1,21,2021-01-21T20:02:39Z,51.09,9.12636951343995,17.384,145,128,0,0
running,2021,1,23,2021-01-23T00:45:17Z,3968.8,7.4197510373444,1364.604,154,147.25,4,4
running,2021,1,23,2021-01-23T00:46:26Z,404.85,4.54616949152542,68.623,156,170.921875,0,0
running,2021,1,23,2021-01-23T00:47:26Z,90.68,17.8459081836327,60.351,158,86.390625,0,0
running,2021,1,23,2021-01-23T00:48:35Z,402.86,4.55388794567063,68.4,150,164.125,0,0
running,2021,1,23,2021-01-23T00:49:35Z,77.37,20.98779342723,60.544,154,85.5,0,0
running,2021,1,23,2021-01-23T00:50:44Z,406.47,4.52240768841679,68.528,154,166.234375,2,0
running,2021,1,23,2021-01-23T00:51:44Z,81.18,20.0017897091723,60.553,148,105.84375,0,0
running,2021,1,23,2021-01-23T00:52:53Z,396.28,4.64457142857143,68.614,150,163.734375,0,0
running,2021,1,23,2021-01-23T01:10:58Z,3068.23,7.88894117647059,1081.075,152,137.140625,12,11
running,2021,1,23,2021-01-23T01:40:22Z,1820.5,8.82315789473684,620.415,138,147.578125,4,0
running,2021,1,23,2021-01-23T19:15:41Z,13032.17,7.06968898260411,3569.558,153,150.90625,72,67
running,2021,1,24,2021-01-24T20:02:00Z,12076.64,6.88459958932238,3188.857,161,152.390625,72,70
running,2021,1,25,2021-01-25T18:45:02Z,9689.75,7.78137510879025,2835.071,158,151.296875,17,17
running,2021,1,25,2021-01-25T19:35:19Z,5464.57,7.77686285879965,1628.73,148,149.078125,18,11
running,2021,1,26,2021-01-26T19:49:01Z,804.67,7.63083926031294,253.328,133,147.09375,0,0
running,2021,1,26,2021-01-26T19:52:24Z,804.67,6.78361153262519,203.527,144,152.96875,2,0
running,2021,1,26,2021-01-26T19:55:45Z,804.67,6.69722846441948,200.896,156,152.359375,0,2
running,2021,1,26,2021-01-26T19:59:08Z,804.67,6.73929648241206,202.201,156,153.875,13,7
running,2021,1,26,2021-01-26T20:02:27Z,804.67,6.64085169596435,199.237,162,151.796875,0,5
running,2021,1,26,2021-01-26T20:07:10Z,693.45,7.13551476456504,283.28,165,147.421875,0,2
running,2021,1,26,2021-01-26T20:10:02Z,804.67,5.72394366197183,171.713,159,164.96875,2,0
running,2021,1,26,2021-01-26T20:11:04Z,204.31,8.14775212636695,62.063,166,150.65625,0,0
running,2021,1,26,2021-01-26T20:13:57Z,804.67,5.77944408532644,173.4,168,162.296875,0,0
running,2021,1,26,2021-01-26T20:14:59Z,203.35,8.17257769652651,61.968,162,150.96875,0,0
running,2021,1,26,2021-01-26T20:17:50Z,804.67,5.70932311621967,171.263,162,163.734375,0,0
running,2021,1,26,2021-01-26T20:18:52Z,183.73,8.93782072642452,61.231,168,151.015625,0,0
running,2021,1,26,2021-01-26T20:21:41Z,804.67,5.64325689038502,169.296,161,163.375,0,0
running,2021,1,26,2021-01-26T20:22:43Z,196.38,8.41355081555834,61.595,161,150.765625,0,0
running,2021,1,26,2021-01-26T20:25:28Z,804.67,5.5269730063878,165.804,168,164.59375,3,0
running,2021,1,26,2021-01-26T20:26:30Z,195.8,8.37676452217364,61.15,170,151.46875,0,0
running,2021,1,26,2021-01-26T20:29:15Z,804.67,5.50881084411584,165.28,172,160.96875,0,0
running,2021,1,26,2021-01-26T20:31:30Z,184.87,18.8095371669004,135.087,154,102.578125,0,0
running,2021,1,26,2021-01-26T20:35:01Z,804.67,7.0436974789916,211.283,156,149.546875,0,0
running,2021,1,26,2021-01-26T20:38:35Z,804.67,7.13551476456504,214.062,163,151.96875,4,0
running,2021,1,26,2021-01-26T20:42:41Z,804.67,7.47142061281337,245.855,163,148.578125,10,10
running,2021,1,26,2021-01-26T20:46:07Z,804.67,6.85293817066939,205.598,161,153.546875,2,2
running,2021,1,26,2021-01-26T20:49:29Z,804.67,6.74268476621418,202.266,166,153.78125,0,0
running,2021,1,26,2021-01-26T20:52:53Z,804.67,6.80081135902637,204.025,168,153.953125,2,0
running,2021,1,26,2021-01-26T20:56:43Z,623.38,7.01606068532566,227.557,155,146.84375,0,0
running,2021,1,27,2021-01-27T23:50:41Z,804.67,8.47469194312796,305.298,112,135.265625,4,0
running,2021,1,27,2021-01-27T23:54:37Z,804.67,7.86811381636844,236.042,130,148.296875,2,2
running,2021,1,27,2021-01-27T23:58:22Z,804.67,7.48601730393525,224.608,137,152.328125,5,5
running,2021,1,28,2021-01-28T00:02:13Z,804.67,7.70315910396324,231.09,138,148.203125,2,2
running,2021,1,28,2021-01-28T00:05:51Z,804.67,7.2532179556517,217.577,138,152.203125,2,2
running,2021,1,28,2021-01-28T00:09:43Z,804.67,7.75662232504338,232.699,139,151.6875,4,2
running,2021,1,28,2021-01-28T00:13:21Z,804.67,7.26500541711809,217.961,138,151.609375,0,0
running,2021,1,28,2021-01-28T00:17:12Z,804.67,7.69873708381171,230.968,140,152.390625,2,2
running,2021,1,28,2021-01-28T00:20:03Z,323.3,7.18713826366559,86.638,139,152.140625,0,0
running,2021,1,28,2021-01-28T00:33:35Z,804.67,7.7949433304272,233.872,133,151.65625,2,0
running,2021,1,28,2021-01-28T00:39:25Z,804.67,7.86811381636844,349.377,140,148.640625,2,0
running,2021,1,28,2021-01-28T00:41:17Z,381.82,7.69652797704448,109.576,139,152.546875,0,0
running,2021,1,29,2021-01-29T00:02:02Z,804.67,7.96153161175423,276.995,140,138.53125,4,0
running,2021,1,29,2021-01-29T00:05:57Z,804.67,7.81310806874454,234.423,156,147.296875,2,0
running,2021,1,29,2021-01-29T00:09:41Z,804.67,7.47975460122699,224.416,156,152.0625,0,0
running,2021,1,29,2021-01-29T00:13:57Z,804.67,7.6135112120352,256.069,155,143.265625,0,0
running,2021,1,29,2021-01-29T00:18:03Z,804.67,8.07660343270099,246.121,160,144.984375,9,8
running,2021,1,29,2021-01-29T00:23:08Z,804.67,7.64388714733542,305.056,157,142.875,0,0
running,2021,1,29,2021-01-29T00:27:22Z,804.67,7.64824636441403,253.458,157,148.6875,0,2
running,2021,1,29,2021-01-29T00:31:15Z,804.67,7.75886606884582,232.742,162,151.3125,5,0
running,2021,1,29,2021-01-29T00:35:09Z,804.67,7.80174520069808,234.061,159,149.921875,4,0
running,2021,1,29,2021-01-29T00:38:37Z,804.67,6.95601659751037,208.68,160,151.265625,0,0
running,2021,1,29,2021-01-29T00:42:03Z,804.67,6.87049180327869,206.132,159,152.578125,0,2
running,2021,1,29,2021-01-29T00:46:31Z,804.67,7.53438202247191,267.954,153,142.125,3,7
running,2021,1,29,2021-01-29T00:50:06Z,804.67,7.15836669335468,214.761,158,153.875,10,5
running,2021,1,29,2021-01-29T00:53:35Z,804.67,6.97229009617884,209.154,163,149.890625,5,0
running,2021,1,29,2021-01-29T00:57:04Z,804.67,6.96143264988321,208.847,162,154.9375,0,5
running,2021,1,29,2021-01-29T01:00:44Z,804.67,7.34256775253216,220.28,163,152.671875,0,0
running,2021,1,29,2021-01-29T01:05:08Z,804.67,7.47142061281337,263.663,150,139.59375,5,2
running,2021,1,29,2021-01-29T01:09:14Z,804.67,7.47558528428094,245.493,154,146.40625,7,5
running,2021,1,29,2021-01-29T01:10:11Z,185.1,7.01606068532566,48.413,157,143.6875,0,0
running,2021,1,30,2021-01-30T01:11:04Z,804.67,7.25714285714286,217.722,151,153.46875,0,0
running,2021,1,30,2021-01-30T01:14:34Z,804.67,6.98318146316063,209.49,162,154.578125,4,0
running,2021,1,30,2021-01-30T01:19:18Z,804.67,6.97410296411856,284.014,162,148.28125,0,0
running,2021,1,30,2021-01-30T01:22:51Z,804.67,7.11092258748674,213.3,166,151.546875,2,0
running,2021,1,30,2021-01-30T01:26:49Z,804.67,7.94031971580817,238.193,163,145.828125,10,8
running,2021,1,30,2021-01-30T01:32:19Z,804.67,10.9034146341463,330.123,158,141.9375,28,26
running,2021,1,30,2021-01-30T01:37:00Z,804.67,8.05235664965476,281.166,161,141.140625,3,5
running,2021,1,30,2021-01-30T01:40:58Z,804.67,7.41155015197568,237.973,166,147.4375,0,2
running,2021,1,30,2021-01-30T01:51:28Z,618.62,6.85644171779141,166.987,170,150.796875,2,0
running,2021,1,30,2021-01-30T01:58:59Z,804.67,8.28875154511743,260.423,136,145.5625,11,2
running,2021,1,30,2021-01-30T02:02:05Z,537.21,7.90288744843842,183.019,143,144.75,0,7
running,2021,1,30,2021-01-30T18:16:54Z,804.67,7.66135389888603,229.841,140,148.53125,3,0
running,2021,1,30,2021-01-30T18:21:15Z,804.67,8.71139980513154,261.376,145,122.390625,0,5
running,2021,1,30,2021-01-30T18:24:54Z,804.67,7.29861224489796,218.983,159,151.9375,7,5
running,2021,1,30,2021-01-30T18:28:30Z,804.67,7.17944325481799,215.397,160,153.453125,3,8
running,2021,1,30,2021-01-30T18:32:07Z,804.67,7.23951417004049,217.174,162,150.125,2,2
running,2021,1,30,2021-01-30T18:35:38Z,804.67,7.05481325618096,211.646,161,153.5,2,0
running,2021,1,30,2021-01-30T18:39:08Z,804.67,6.99046129788898,209.686,161,153.5625,0,0
running,2021,1,30,2021-01-30T18:42:42Z,804.67,7.11658264791722,213.497,159,150.765625,0,2
running,2021,1,30,2021-01-30T18:46:16Z,804.67,7.13931328187384,214.183,160,152.78125,2,0
running,2021,1,30,2021-01-30T18:49:43Z,804.67,6.91120845143004,207.329,163,151.796875,0,2
running,2021,1,30,2021-01-30T18:53:15Z,804.67,7.05481325618096,211.655,162,154.140625,3,5
running,2021,1,30,2021-01-30T18:56:49Z,804.67,7.15645677694771,214.71,159,148.390625,0,2
running,2021,1,30,2021-01-30T19:00:25Z,804.67,7.20451248992748,216.109,161,152.828125,0,0
running,2021,1,30,2021-01-30T19:03:54Z,804.67,6.96143264988321,208.857,163,152.84375,2,0
running,2021,1,30,2021-01-30T19:07:22Z,804.67,6.91477184841454,207.441,160,154.375,0,2
running,2021,1,30,2021-01-30T19:10:50Z,804.67,6.95601659751037,208.698,160,155.03125,0,3
running,2021,1,30,2021-01-30T19:14:24Z,804.67,7.11280827366746,213.384,162,153.96875,0,3
running,2021,1,30,2021-01-30T19:18:00Z,804.67,7.20451248992748,216.116,167,155.890625,9,0
running,2021,1,30,2021-01-30T19:21:25Z,804.67,6.83895971443141,205.154,164,151.8125,0,7
running,2021,1,30,2021-01-30T19:24:49Z,804.67,6.79908745247148,203.986,165,155.859375,0,2
running,2021,1,30,2021-01-30T19:28:14Z,804.67,6.81463414634146,204.455,170,156.09375,4,2
running,2021,1,30,2021-01-30T19:31:37Z,804.67,6.79048101265823,203.703,171,154.203125,0,0
running,2021,1,30,2021-01-30T19:35:03Z,804.67,6.85819483508054,205.756,173,154.453125,0,2
running,2021,1,30,2021-01-30T19:38:29Z,804.67,6.87401332649923,206.194,174,156.1875,0,0
running,2021,1,30,2021-01-30T19:41:48Z,804.67,6.63920792079208,199.187,176,153.4375,2,0
running,2021,1,30,2021-01-30T19:45:10Z,804.67,6.71231231231231,201.37,178,155.15625,0,2
running,2021,1,30,2021-01-30T19:48:27Z,804.67,6.5757293454278,197.256,181,156.421875,0,0
running,2021,1,30,2021-01-30T19:51:46Z,804.67,6.61628021706956,198.497,181,156.46875,0,0
running,2021,1,30,2021-01-30T19:53:35Z,351.39,6.36355871886121,83.369,181,156.875,0,2
running,2021,1,31,2021-01-31T22:40:00Z,804.67,7.45895439377086,223.797,139,147.515625,2,0
running,2021,1,31,2021-01-31T22:43:36Z,804.67,7.17368280288847,215.229,151,151.109375,2,0
running,2021,1,31,2021-01-31T22:47:10Z,804.67,7.15836669335468,214.74,156,150.40625,0,0
running,2021,1,31,2021-01-31T22:50:49Z,804.67,7.27683125339121,218.293,154,151.40625,2,2
running,2021,1,31,2021-01-31T22:54:20Z,804.67,7.06038431166096,211.784,158,151.203125,0,0
running,2021,1,31,2021-01-31T22:57:53Z,804.67,7.07715039577836,212.291,161,151.078125,0,0
running,2021,1,31,2021-01-31T23:02:47Z,804.67,7.30457516339869,293.476,142,141.46875,0,0
running,2021,1,31,2021-01-31T23:06:19Z,804.67,7.07528356634133,212.28,146,150.8125,5,2
running,2021,1,31,2021-01-31T23:06:32Z,13.53,7.28078175895765,3.674,149,148.25,0,0
running,2021,2,1,2021-02-01T23:34:40Z,804.67,8.1378640776699,244.147,132,135.15625,2,0
running,2021,2,1,2021-02-01T23:38:35Z,804.67,7.84510090669786,235.365,145,144.1875,3,0
running,2021,2,1,2021-02-01T23:42:19Z,804.67,7.45688073394495,223.706,142,151.859375,0,2
running,2021,2,1,2021-02-01T23:46:07Z,804.67,7.59626168224299,227.897,141,152.828125,2,0
running,2021,2,1,2021-02-01T23:50:08Z,804.67,8.02345198923123,240.683,146,152.78125,8,9
running,2021,2,1,2021-02-01T23:55:12Z,804.67,7.72312122084653,304.142,133,140.09375,0,0
running,2021,2,1,2021-02-01T23:58:57Z,804.67,7.51748878923767,225.494,138,149.484375,2,2
running,2021,2,2,2021-02-02T00:02:40Z,804.67,7.44033287101248,223.228,139,151.03125,0,0
running,2021,2,2,2021-02-02T00:06:19Z,804.67,7.28275862068966,218.487,144,152.359375,0,2
running,2021,2,2,2021-02-02T00:09:59Z,804.67,7.33654266958425,220.1,146,152.046875,0,0
running,2021,2,2,2021-02-02T00:14:27Z,804.67,7.2122613605808,267.623,142,146.609375,0,0
running,2021,2,2,2021-02-02T00:18:15Z,804.67,7.61567291311755,228.5,145,150.21875,10,0
running,2021,2,2,2021-02-02T00:22:09Z,804.67,7.55773457311919,233.453,136,147.59375,0,9
running,2021,2,2,2021-02-02T00:25:43Z,804.67,7.14121405750799,214.242,144,151.984375,0,2
running,2021,2,2,2021-02-02T00:29:21Z,804.67,7.27880597014925,218.347,152,151.359375,2,0
running,2021,2,2,2021-02-02T00:33:00Z,804.67,7.29265905383361,218.774,154,151.984375,0,0
running,2021,2,2,2021-02-02T00:33:51Z,39.96,8.45066162570888,12.59,153,152.15625,0,0
running,2021,2,2,2021-02-02T01:12:56Z,804.67,8.48541600759253,254.527,133,148.796875,21,0
running,2021,2,2,2021-02-02T01:16:56Z,804.67,8.00668656716418,240.207,138,149.078125,0,0
running,2021,2,2,2021-02-02T01:18:04Z,149.92,8.09610624811349,45.248,143,145.53125,0,0
running,2021,2,3,2021-02-03T00:43:05Z,804.67,8.20507800550627,247.81,133,143.09375,2,0
running,2021,2,3,2021-02-03T00:48:23Z,804.67,7.88430335097002,317.715,135,140.171875,2,0
running,2021,2,3,2021-02-03T00:52:44Z,804.67,7.21808396124865,260.849,144,144.796875,0,0
running,2021,2,3,2021-02-03T00:56:30Z,804.67,7.33453650533224,226.117,150,142.65625,2,0
running,2021,2,3,2021-02-03T01:00:23Z,804.67,7.77460869565217,233.213,154,150.265625,8,8
running,2021,2,3,2021-02-03T01:03:55Z,804.67,7.05852631578947,211.754,159,151.171875,0,4
running,2021,2,3,2021-02-03T01:07:27Z,804.67,6.81117318435754,211.876,163,138.90625,0,0
running,2021,2,3,2021-02-03T01:11:00Z,804.67,7.09399629727585,212.817,158,139.96875,0,0
running,2021,2,3,2021-02-03T01:14:27Z,804.67,6.91477184841454,207.456,157,148.375,0,0
running,2021,2,3,2021-02-03T01:17:51Z,804.67,6.79736441966548,203.937,167,150.578125,0,0
running,2021,2,3,2021-02-03T01:21:19Z,804.67,6.92548412083656,207.739,162,148.140625,0,0
running,2021,2,3,2021-02-03T01:24:52Z,804.67,7.10903790087464,213.245,164,149.578125,2,0
running,2021,2,3,2021-02-03T01:28:50Z,804.67,7.94267100977199,238.277,157,142.46875,9,8
running,2021,2,3,2021-02-03T01:32:24Z,804.67,7.11847133757962,213.532,161,152.265625,0,2
running,2021,2,3,2021-02-03T01:35:49Z,804.67,6.83199184921039,204.985,165,151.09375,2,2
running,2021,2,3,2021-02-03T01:39:12Z,804.67,6.78018200202225,203.425,161,152.765625,2,2
running,2021,2,3,2021-02-03T01:43:48Z,804.67,7.61783584209032,276.127,143,139.78125,0,0
running,2021,2,3,2021-02-03T01:43:58Z,15.39,9.79277108433735,5.62,143,153.328125,0,0
running,2021,2,3,2021-02-03T23:30:40Z,804.67,8.52045743329098,283.146,128,132.578125,2,0
running,2021,2,3,2021-02-03T23:34:40Z,804.67,8.02105263157895,240.63,138,147.09375,2,0
running,2021,2,3,2021-02-03T23:38:28Z,804.67,7.60272108843537,228.099,143,151.6875,0,2
running,2021,2,3,2021-02-03T23:42:30Z,804.67,8.04752475247525,241.421,147,145.625,2,0
running,2021,2,3,2021-02-03T23:46:42Z,804.67,8.39511737089202,251.876,152,150.015625,9,7
running,2021,2,3,2021-02-03T23:51:37Z,804.67,7.92389955686854,294.982,146,144.78125,0,5
running,2021,2,3,2021-02-03T23:55:29Z,804.67,7.73871898442008,232.165,149,144.390625,0,0
running,2021,2,3,2021-02-03T23:59:13Z,804.67,7.46934001670844,224.102,157,144.546875,0,2
running,2021,2,4,2021-02-04T00:02:51Z,804.67,7.2610720086627,217.845,161,151.75,2,0
running,2021,2,4,2021-02-04T00:06:28Z,804.67,7.22780921584479,216.854,160,149.328125,0,2
running,2021,2,4,2021-02-04T00:08:43Z,19.35,6.46322891566265,4.662,161,152,0,0
running,2021,2,4,2021-02-04T00:43:20Z,804.67,8.24290104486786,247.271,135,145.75,0,0
running,2021,2,4,2021-02-04T00:47:16Z,804.67,7.84051446945338,235.2,147,149.53125,2,0
running,2021,2,4,2021-02-04T00:51:41Z,804.67,8.58591549295775,265.032,147,144.3125,9,7
running,2021,2,4,2021-02-04T00:55:38Z,804.67,7.905216622458,237.186,152,153.609375,0,2
running,2021,2,4,2021-02-04T00:59:53Z,804.67,7.87042253521127,255.05,155,146.515625,2,0
running,2021,2,4,2021-02-04T01:03:51Z,804.67,7.94267100977199,238.276,158,150.78125,0,0
running,2021,2,4,2021-02-04T01:08:03Z,804.67,7.87504403992954,251.389,148,147.1875,0,0
running,2021,2,4,2021-02-04T01:10:13Z,15.98,6.69221556886228,3.987,153,151,0,0
running,2021,2,5,2021-02-05T00:20:38Z,804.67,7.45273687135315,229.324,141,150.03125,0,0
running,2021,2,5,2021-02-05T00:24:07Z,804.67,6.96504803947027,208.944,155,151.734375,2,0
running,2021,2,5,2021-02-05T00:27:37Z,804.67,6.98863991662324,209.647,157,151.3125,2,0
running,2021,2,5,2021-02-05T00:29:31Z,454.26,6.71063297473105,113.642,156,150.625,0,0
running,2021,2,5,2021-02-05T00:32:21Z,804.67,5.66710331713501,170.005,167,163.859375,0,0
running,2021,2,5,2021-02-05T00:35:11Z,804.67,5.69235993208829,170.755,175,161.890625,2,0
running,2021,2,5,2021-02-05T00:38:00Z,804.67,5.63259134817304,168.976,182,162.234375,0,2
running,2021,2,5,2021-02-05T00:40:48Z,804.67,5.5856726364015,167.582,185,162.515625,0,0
running,2021,2,5,2021-02-05T00:43:35Z,804.67,5.55559237779619,166.675,186,163,0,2
running,2021,2,5,2021-02-05T00:49:07Z,804.67,10.0949943545352,332.15,147,127.515625,0,0
running,2021,2,5,2021-02-05T00:53:43Z,804.67,7.42591362126246,276.561,157,147.75,0,0
running,2021,2,5,2021-02-05T00:57:06Z,414.58,9.07695431472081,199.435,139,143.140625,0,0
running,2021,2,6,2021-02-06T00:52:02Z,804.67,8.22773006134969,302.775,125,131.125,0,0
running,2021,2,6,2021-02-06T00:55:42Z,804.67,7.34457831325301,220.332,141,149.15625,2,0
running,2021,2,6,2021-02-06T00:59:18Z,804.67,7.18521296544334,215.553,146,152.25,0,0
running,2021,2,6,2021-02-06T01:02:57Z,804.67,7.31054783319706,219.314,146,150.5625,2,0
running,2021,2,6,2021-02-06T01:07:04Z,804.67,8.25050753614273,247.519,149,149.125,8,6
running,2021,2,6,2021-02-06T01:11:13Z,804.67,7.61135073779796,248.875,143,146.125,0,2
running,2021,2,6,2021-02-06T01:14:54Z,804.67,7.36474464579901,220.952,144,145.53125,0,2
running,2021,2,6,2021-02-06T01:18:38Z,804.67,7.47350236834773,224.182,152,150.1875,2,0
running,2021,2,6,2021-02-06T01:22:41Z,804.67,7.53649901657769,242.663,145,144.984375,0,0
running,2021,2,6,2021-02-06T01:30:48Z,15.45,6.97047817047817,4.015,136,153.5,0,0
running,2021,2,6,2021-02-06T01:44:34Z,804.67,8.02585278276481,256.483,127,142.78125,2,0
running,2021,2,6,2021-02-06T01:50:59Z,804.67,7.93327417923691,384.631,134,149.15625,2,0
running,2021,2,6,2021-02-06T01:55:01Z,804.67,8.04269865067466,241.264,140,138.828125,10,10
running,2021,2,6,2021-02-06T01:58:48Z,804.67,7.58766619519095,227.658,143,152.296875,0,2
running,2021,2,6,2021-02-06T02:02:39Z,804.67,7.70315910396324,231.068,145,150.671875,2,0
running,2021,2,6,2021-02-06T02:06:35Z,804.67,7.58552036199095,235.574,149,148.484375,0,0
running,2021,2,6,2021-02-06T02:10:52Z,804.67,8.21010101010101,257.025,143,147.6875,0,0
running,2021,2,6,2021-02-06T02:11:38Z,6.65,11.9476169265033,2.964,154,150.671875,0,0
running,2021,2,6,2021-02-06T18:42:13Z,804.67,8.69445705024311,260.848,121,133.53125,2,0
running,2021,2,6,2021-02-06T18:46:15Z,804.67,8.0499399759904,241.532,132,154.015625,2,0
running,2021,2,6,2021-02-06T18:50:09Z,804.67,7.80855895196507,234.226,139,151.453125,0,0
running,2021,2,6,2021-02-06T18:54:00Z,804.67,7.68329991406474,230.483,140,149.546875,2,0
running,2021,2,6,2021-02-06T18:58:09Z,804.67,8.31960297766749,249.587,145,147.453125,8,9
running,2021,2,6,2021-02-06T19:02:43Z,804.67,8.15022789425706,273.59,146,144.890625,0,2
running,2021,2,6,2021-02-06T19:06:38Z,804.67,7.84280701754386,235.296,154,149.734375,0,0
running,2021,2,6,2021-02-06T19:10:34Z,804.67,7.83364485981308,236.254,151,145.328125,0,0
running,2021,2,6,2021-02-06T19:14:24Z,804.67,7.66135389888603,229.836,159,143.984375,2,0
running,2021,2,6,2021-02-06T19:18:07Z,804.67,7.41155015197568,222.372,162,143.28125,0,0
running,2021,2,6,2021-02-06T19:21:52Z,804.67,7.50276923076923,225.059,162,145.9375,0,0
running,2021,2,6,2021-02-06T19:25:36Z,804.67,7.49647847959754,224.91,162,152.078125,0,0
running,2021,2,6,2021-02-06T19:29:11Z,804.67,7.13741351782863,214.099,162,145.671875,0,0
running,2021,2,6,2021-02-06T19:32:49Z,804.67,7.28275862068966,218.491,161,154.265625,0,0
running,2021,2,6,2021-02-06T19:35:34Z,522.51,8.17257769652651,159.21,160,143.421875,0,0
running,2021,2,7,2021-02-07T18:20:59Z,804.67,8.37676452217364,251.338,134,151.03125,26,10
running,2021,2,7,2021-02-07T18:27:28Z,804.67,9.09233898305085,388.18,135,150.71875,32,35
running,2021,2,7,2021-02-07T18:31:52Z,804.67,8.79422950819672,263.836,142,154.59375,38,0
running,2021,2,7,2021-02-07T18:35:55Z,804.67,8.11079528273359,243.3,148,153.09375,7,20
running,2021,2,7,2021-02-07T18:39:57Z,804.67,8.07417218543046,242.211,146,153.390625,20,7
running,2021,2,7,2021-02-07T18:44:30Z,804.67,9.11086956521739,273.337,137,152.265625,18,38
running,2021,2,7,2021-02-07T18:49:10Z,804.67,9.32628650904033,279.811,139,154.5,34,16
running,2021,2,7,2021-02-07T18:54:44Z,804.67,9.73589836660617,334.248,144,144.734375,23,19
running,2021,2,7,2021-02-07T18:59:30Z,804.67,9.50474840538625,285.109,141,155.09375,14,27
running,2021,2,7,2021-02-07T19:04:17Z,804.67,8.54488690665817,287.089,141,152.171875,20,21
running,2021,2,7,2021-02-07T19:08:39Z,804.67,8.46132492113565,262.133,144,152.34375,20,30
running,2021,2,7,2021-02-07T19:13:19Z,804.67,9.35230125523013,280.561,153,166.765625,42,54
running,2021,2,7,2021-02-07T19:20:17Z,804.67,10.6017391304348,418.003,134,150.6875,37,33
running,2021,2,7,2021-02-07T19:25:00Z,804.67,9.20150943396226,282.273,160,153.4375,36,28
running,2021,2,7,2021-02-07T19:28:34Z,804.67,7.16218958611482,214.87,155,152.5625,14,18
running,2021,2,7,2021-02-07T19:29:11Z,21.4,7.3809576224546,5.888,157,150.328125,0,4
running,2021,2,8,2021-02-08T23:48:02Z,804.67,8.16262933657943,244.853,127,139.796875,2,0
running,2021,2,8,2021-02-08T23:51:58Z,804.67,7.88894117647059,236.696,139,143.234375,2,0
running,2021,2,8,2021-02-08T23:55:44Z,804.67,7.53649901657769,226.102,137,147.6875,0,0
running,2021,2,8,2021-02-08T23:59:33Z,804.67,7.62,228.589,149,146.21875,2,2
running,2021,2,9,2021-02-09T00:03:22Z,804.67,7.62866894197952,228.866,146,148.578125,0,0
running,2021,2,9,2021-02-09T00:07:27Z,804.67,8.00668656716418,245.229,146,141.96875,10,0
running,2021,2,9,2021-02-09T00:11:40Z,804.67,7.74766031195841,252.54,141,144.4375,6,20
running,2021,2,9,2021-02-09T00:15:24Z,804.67,7.46726057906459,224.021,141,150.875,2,5
running,2021,2,9,2021-02-09T00:19:07Z,804.67,7.44859761177451,223.47,148,148.984375,14,4
running,2021,2,9,2021-02-09T00:22:53Z,804.67,7.54285714285714,226.298,148,141.015625,4,2
running,2021,2,9,2021-02-09T00:26:24Z,804.67,7.0326166754064,210.966,150,152.21875,2,4
running,2021,2,9,2021-02-09T00:29:58Z,804.67,7.1336170212766,213.997,150,145.015625,0,0
running,2021,2,9,2021-02-09T00:32:09Z,17.85,6.75117040020136,4.493,153,153.203125,0,0
running,2021,2,9,2021-02-09T00:48:59Z,804.67,7.35263157894737,220.574,135,152.5,6,9
running,2021,2,9,2021-02-09T00:52:28Z,804.67,6.96504803947027,208.953,150,153.4375,2,0
running,2021,2,9,2021-02-09T00:56:08Z,804.67,7.33854993160055,220.15,145,154.015625,10,10
running,2021,2,9,2021-02-09T00:59:53Z,804.67,7.50486849468383,225.168,149,143.59375,0,0
running,2021,2,9,2021-02-09T01:01:28Z,247.73,7.47350236834773,69.016,153,144.375,0,0
running,2021,2,9,2021-02-09T01:25:17Z,804.67,8.2759642085776,248.25,130,146.4375,2,2
running,2021,2,9,2021-02-09T01:29:15Z,804.67,7.93327417923691,238.024,139,148.09375,0,0
running,2021,2,9,2021-02-09T01:31:07Z,385.96,7.57267080745342,108.975,144,152.53125,0,0
running,2021,2,10,2021-02-10T01:29:23Z,804.67,7.31453504226889,219.421,128,150.875,2,0
running,2021,2,10,2021-02-10T01:32:40Z,804.67,6.59351032448378,197.828,134,152.484375,2,2
running,2021,2,10,2021-02-10T01:36:56Z,804.67,6.7072768192048,255.225,134,150.828125,2,0
running,2021,2,10,2021-02-10T01:40:18Z,804.67,6.74947156517363,202.481,140,152.078125,11,0
running,2021,2,10,2021-02-10T01:43:40Z,804.67,6.7190380761523,201.555,144,151.25,0,9
running,2021,2,10,2021-02-10T01:46:40Z,804.67,5.41210653753027,162.371,144,165.0625,0,2
running,2021,2,10,2021-02-10T01:49:23Z,804.67,5.46503667481663,163.945,152,163.484375,0,0
running,2021,2,10,2021-02-10T01:52:01Z,804.67,5.26445534838077,157.941,162,163.796875,0,0
running,2021,2,10,2021-02-10T01:54:45Z,804.67,5.46503667481663,163.966,168,162.71875,3,0
running,2021,2,10,2021-02-10T01:57:28Z,804.67,5.43734036083519,163.119,170,163.0625,0,2
running,2021,2,10,2021-02-10T02:00:16Z,804.67,5.58450968144909,167.52,167,164,0,0
running,2021,2,10,2021-02-10T02:00:53Z,186.7,5.38062186559679,37.452,168,164.921875,0,0
running,2021,2,10,2021-02-10T02:06:05Z,291.24,20.1975903614458,311.715,124,96.5625,0,2
running,2021,2,10,2021-02-10T02:10:07Z,804.67,8.05961538461538,241.783,151,150.15625,8,0
running,2021,2,10,2021-02-10T02:14:06Z,804.67,7.95680806882231,238.688,153,150.4375,0,10
running,2021,2,10,2021-02-10T02:17:47Z,804.67,7.36879120879121,221.038,156,151.140625,2,0
running,2021,2,10,2021-02-10T02:21:25Z,804.67,7.29067681435173,218.732,156,151.921875,0,2
running,2021,2,10,2021-02-10T02:23:20Z,405.79,7.39112703224029,111.812,154,152.140625,0,0
running,2021,2,10,2021-02-10T23:54:18Z,804.67,8.25812807881773,259.003,120,138.046875,0,0
running,2021,2,10,2021-02-10T23:58:09Z,804.67,7.70758620689655,231.198,128,140.21875,2,0
running,2021,2,11,2021-02-11T00:01:55Z,804.67,7.51959629941127,225.564,140,150.84375,0,2
running,2021,2,11,2021-02-11T00:05:41Z,804.67,7.53015160022459,225.874,145,147.65625,2,0
running,2021,2,11,2021-02-11T00:09:48Z,804.67,8.21261481935089,246.376,142,148.625,10,8
running,2021,2,11,2021-02-11T00:14:44Z,804.67,7.94737777777778,295.645,131,142.40625,0,2
running,2021,2,11,2021-02-11T00:18:43Z,804.67,7.98048199940494,239.393,135,147.03125,7,6
running,2021,2,11,2021-02-11T00:22:37Z,804.67,7.78589259796807,233.578,136,147.953125,2,5
running,2021,2,11,2021-02-11T00:26:22Z,804.67,7.51538246007285,225.439,136,144.1875,8,10
running,2021,2,11,2021-02-11T00:29:55Z,804.67,7.09024583663759,212.721,143,151.3125,12,13
running,2021,2,11,2021-02-11T00:31:09Z,177.12,7.13741351782863,47.137,143,152.359375,6,3
running,2021,2,11,2021-02-11T01:14:27Z,804.67,8.00907733651836,310.035,105,133.875,2,0
running,2021,2,11,2021-02-11T01:18:34Z,804.67,8.04511097780444,247.084,124,141.234375,4,0
running,2021,2,11,2021-02-11T01:22:46Z,804.67,8.38724202626642,251.621,134,152.046875,7,8
running,2021,2,11,2021-02-11T01:26:45Z,804.67,7.96626076626077,238.983,137,148.390625,0,0
running,2021,2,11,2021-02-11T01:30:39Z,804.67,7.81766248907024,234.516,144,151,2,0
running,2021,2,11,2021-02-11T01:34:29Z,804.67,7.66354285714286,229.886,144,149.859375,3,5
running,2021,2,11,2021-02-11T01:38:43Z,804.67,7.92389955686854,254.223,138,143.546875,3,0
running,2021,2,11,2021-02-11T01:39:03Z,52.74,8.9887399463807,17.675,148,119.28125,0,0
running,2021,2,12,2021-02-12T00:03:22Z,804.67,7.43208645054032,222.943,131,150.15625,0,39
running,2021,2,12,2021-02-12T00:07:02Z,804.67,7.33854993160055,220.185,141,153.328125,2,0
running,2021,2,12,2021-02-12T00:10:34Z,804.67,7.04925098554533,211.462,141,152.34375,0,4
running,2021,2,12,2021-02-12T00:15:32Z,804.67,7.07341772151899,297.813,130,151.203125,2,0
running,2021,2,12,2021-02-12T00:19:01Z,804.67,6.97954722872756,209.409,148,152.0625,0,0
running,2021,2,12,2021-02-12T00:22:31Z,804.67,7.01422594142259,210.416,146,152.859375,12,0
running,2021,2,12,2021-02-12T00:27:06Z,804.67,7.22780921584479,275.057,140,148.28125,0,8
running,2021,2,12,2021-02-12T00:28:17Z,397.8,4.77947255880257,70.885,144,180.171875,5,5
running,2021,2,12,2021-02-12T00:29:24Z,212.12,8.37938144329897,66.275,149,151.375,0,0
running,2021,2,12,2021-02-12T00:30:39Z,397.48,5.10222560395663,75.609,153,176.40625,3,0
running,2021,2,12,2021-02-12T00:31:52Z,255.68,7.65479452054795,72.971,148,146.421875,0,3
running,2021,2,12,2021-02-12T00:33:08Z,404.47,5.0560603204524,76.24,154,173.703125,14,0
running,2021,2,12,2021-02-12T00:34:14Z,226.02,7.74989887315805,65.313,154,152.359375,0,21
running,2021,2,12,2021-02-12T00:35:27Z,394.42,5.00978707508405,73.67,152,176.234375,14,0
running,2021,2,12,2021-02-12T00:36:39Z,238.27,8.05719435265845,71.582,150,151.515625,4,3
running,2021,2,12,2021-02-12T00:37:54Z,403.68,4.96711111111111,74.756,151,176,0,8
running,2021,2,12,2021-02-12T00:38:58Z,185.07,9.37190775681342,64.66,152,151.4375,0,2
running,2021,2,12,2021-02-12T00:40:13Z,396.06,5.04559819413093,74.5,150,171.640625,7,5
running,2021,2,12,2021-02-12T00:44:27Z,804.67,8.3221843003413,254.418,143,144.03125,5,4
running,2021,2,12,2021-02-12T00:48:11Z,804.67,7.45273687135315,223.583,146,150.828125,0,2
running,2021,2,12,2021-02-12T00:52:22Z,804.67,7.57267080745342,250.705,142,148.109375,9,10
running,2021,2,12,2021-02-12T00:56:06Z,804.67,7.49019826864004,224.736,148,151.84375,7,2
running,2021,2,12,2021-02-12T00:57:16Z,125.12,8.57767828589703,65.498,142,137.671875,0,3
running,2021,2,13,2021-02-13T00:53:25Z,804.67,8.11324863883847,243.412,127,132.796875,2,0
running,2021,2,13,2021-02-13T00:57:12Z,804.67,7.58981324278438,227.725,136,153.1875,2,0
running,2021,2,13,2021-02-13T01:00:53Z,804.67,7.34457831325301,220.354,139,143.1875,0,0
running,2021,2,13,2021-02-13T01:04:40Z,804.67,7.57909013845719,227.365,145,150.375,2,0
running,2021,2,13,2021-02-13T01:08:20Z,804.67,7.32652280797596,219.769,145,146.796875,0,2
running,2021,2,13,2021-02-13T01:11:59Z,804.67,7.28671556642217,218.591,146,148.921875,2,2
running,2021,2,13,2021-02-13T01:15:45Z,804.67,7.53861720067454,226.155,149,146.796875,2,2
running,2021,2,13,2021-02-13T01:19:59Z,804.67,7.57909013845719,254.563,134,146.96875,0,0
running,2021,2,13,2021-02-13T01:26:03Z,804.67,7.62216538789429,364.077,129,148.921875,3,0
running,2021,2,13,2021-02-13T01:29:36Z,804.67,7.0827567995775,212.468,138,150.859375,0,2
running,2021,2,13,2021-02-13T01:33:05Z,804.67,6.97954722872756,209.374,140,151.03125,0,2
running,2021,2,13,2021-02-13T01:36:30Z,804.67,6.8407039020658,205.21,146,150.59375,2,0
running,2021,2,13,2021-02-13T01:38:08Z,330.37,7.12414342629482,87.751,145,151.15625,0,0
running,2021,2,13,2021-02-13T01:48:07Z,804.67,8.40037582211087,252.039,133,148.71875,10,5
running,2021,2,13,2021-02-13T01:52:09Z,804.67,8.07903614457831,242.393,141,152.9375,5,2
running,2021,2,13,2021-02-13T01:56:48Z,804.67,8.19254734270006,278.385,132,147.515625,2,0
running,2021,2,13,2021-02-13T01:56:58Z,22.68,9.25868139454608,7.826,136,151.625,2,0
running,2021,2,13,2021-02-13T19:08:40Z,804.67,7.57480937588252,227.256,150,151.015625,5,4
running,2021,2,13,2021-02-13T19:12:44Z,804.67,7.35061660728967,243.301,158,147.5625,0,0
running,2021,2,13,2021-02-13T19:16:17Z,804.67,7.12036102999735,213.636,160,151.828125,0,0
running,2021,2,13,2021-02-13T19:19:19Z,804.67,6.05608489501016,181.685,172,157.484375,4,0
running,2021,2,13,2021-02-13T19:22:19Z,804.67,6.02209250112259,180.669,175,157.90625,4,0
running,2021,2,13,2021-02-13T19:25:18Z,804.67,5.95127579321056,178.532,178,157.984375,0,3
running,2021,2,13,2021-02-13T19:28:17Z,804.67,5.94995563442768,178.483,179,157.984375,0,2
running,2021,2,13,2021-02-13T19:31:05Z,804.67,5.6184331797235,168.557,182,157.34375,2,0
running,2021,2,13,2021-02-13T19:34:06Z,804.67,6.01668909825034,180.505,181,157.484375,2,2
running,2021,2,13,2021-02-13T19:36:59Z,804.67,5.78193576201768,173.449,187,159.015625,0,0
running,2021,2,13,2021-02-13T19:39:52Z,804.67,5.75587982832618,172.682,187,159.234375,0,0
running,2021,2,13,2021-02-13T19:42:47Z,804.67,5.83857205050065,175.162,189,158.65625,2,3
running,2021,2,13,2021-02-13T19:45:39Z,804.67,5.75341055341055,172.588,190,158.96875,0,4
running,2021,2,13,2021-02-13T19:48:37Z,804.67,5.92760220994475,177.825,191,158.46875,6,9
running,2021,2,13,2021-02-13T19:51:29Z,804.67,5.70932311621967,171.288,192,159.640625,0,0
running,2021,2,13,2021-02-13T19:52:56Z,415.69,5.64206983592764,87.433,193,160.484375,0,2
running,2021,2,13,2021-02-13T19:54:10Z,63.37,16.345155393053,71.348,183,115.546875,0,0
running,2021,2,13,2021-02-13T20:20:35Z,804.67,8.45865657521287,253.794,139,150.03125,2,0
running,2021,2,13,2021-02-13T20:24:30Z,804.67,7.82678727750219,234.797,146,148.1875,0,0
running,2021,2,13,2021-02-13T20:31:41Z,804.67,8.20507800550627,431.244,152,150.75,4,0
running,2021,2,13,2021-02-13T20:36:01Z,804.67,8.27341147439852,260.186,142,147.3125,5,2
running,2021,2,13,2021-02-13T20:37:40Z,319.88,8.05235664965476,96.024,151,153.21875,2,4
running,2021,2,14,2021-02-14T19:21:01Z,804.67,8.63289346636627,308.603,141,135.3125,0,0
running,2021,2,14,2021-02-14T19:24:56Z,804.67,7.8199416909621,234.58,144,144.0625,4,0
running,2021,2,14,2021-02-14T19:28:42Z,804.67,7.53015160022459,225.885,149,148.6875,0,2
running,2021,2,14,2021-02-14T19:32:29Z,804.67,7.59411098527746,227.811,149,147.65625,2,0
running,2021,2,14,2021-02-14T19:36:41Z,804.67,8.37153558052434,251.173,143,149.6875,9,7
running,2021,2,14,2021-02-14T19:41:56Z,804.67,8.10344410876133,315.256,133,142.328125,0,0
running,2021,2,14,2021-02-14T19:45:41Z,804.67,7.50696893366919,225.222,139,146.421875,2,2
running,2021,2,14,2021-02-14T19:49:24Z,804.67,7.43002770083102,222.926,147,148.28125,0,0
running,2021,2,14,2021-02-14T19:53:07Z,804.67,7.42591362126246,222.753,149,152.40625,2,2
running,2021,2,14,2021-02-14T19:56:45Z,804.67,7.26894308943089,218.052,152,149.09375,0,0
running,2021,2,14,2021-02-14T20:00:32Z,804.67,7.58123233465235,227.463,151,152.84375,0,2
running,2021,2,14,2021-02-14T20:02:20Z,198.6,7.54710185706247,55.876,144,141.515625,0,0
running,2021,2,15,2021-02-15T23:26:57Z,804.67,8.23025467934949,266.749,138,144.78125,2,0
running,2021,2,15,2021-02-15T23:30:54Z,804.67,7.91454706403069,237.442,145,138.875,0,0
running,2021,2,15,2021-02-15T23:34:56Z,804.67,8.04511097780444,241.348,153,151,2,0
running,2021,2,15,2021-02-15T23:39:31Z,804.67,8.15766423357664,274.919,153,141.890625,0,0
running,2021,2,15,2021-02-15T23:43:33Z,804.67,8.06688721804511,242.041,155,146.796875,2,2
running,2021,2,15,2021-02-15T23:47:31Z,804.67,7.93327417923691,237.972,159,150.03125,0,2
running,2021,2,15,2021-02-15T23:51:36Z,804.67,8.0019093078759,245.799,162,147.546875,2,0
running,2021,2,15,2021-02-15T23:55:47Z,804.67,8.33770593720858,250.112,161,148.78125,9,7
running,2021,2,16,2021-02-16T00:00:31Z,804.67,8.08878166465621,284.778,152,143.703125,2,10
running,2021,2,16,2021-02-16T00:04:20Z,804.67,7.63518360375747,229.069,155,151.8125,5,0
running,2021,2,16,2021-02-16T00:08:00Z,804.67,7.31254089422028,219.405,156,150.03125,2,5
running,2021,2,16,2021-02-16T00:11:45Z,804.67,7.52170499158721,225.639,157,152.484375,3,2
running,2021,2,16,2021-02-16T00:15:31Z,804.67,7.50696893366919,225.228,154,153.4375,2,4
running,2021,2,16,2021-02-16T00:19:28Z,804.67,7.89590815425375,236.852,154,151.765625,3,5
running,2021,2,16,2021-02-16T00:19:51Z,18.91,7.99475409836066,5.637,149,151.796875,0,0
running,2021,2,16,2021-02-16T01:06:32Z,804.67,8.49616724738676,254.88,139,148.859375,0,0
running,2021,2,16,2021-02-16T01:11:00Z,804.67,8.25558633425669,267.331,152,145.21875,2,0
running,2021,2,16,2021-02-16T01:15:34Z,804.67,8.48810126582279,274.641,156,145.8125,9,9
running,2021,2,16,2021-02-16T01:20:36Z,804.67,8.61902313624679,302.031,159,140.625,9,0
running,2021,2,16,2021-02-16T01:25:19Z,804.67,8.20758873929009,282.515,159,143.8125,0,8
running,2021,2,16,2021-02-16T01:29:22Z,804.67,7.77460869565217,243.408,157,147.296875,0,2
running,2021,2,16,2021-02-16T01:33:17Z,804.67,7.80855895196507,234.227,165,152.5,2,0
running,2021,2,16,2021-02-16T01:37:16Z,804.67,7.98999106344951,239.7,162,151.625,2,2
running,2021,2,16,2021-02-16T01:41:04Z,804.67,7.59626168224299,227.89,162,150.4375,0,0
running,2021,2,16,2021-02-16T01:45:25Z,804.67,7.64824636441403,260.966,157,137.171875,0,0
running,2021,2,16,2021-02-16T01:45:34Z,10.62,7.94267100977199,3.144,158,152,0,0
running,2021,2,17,2021-02-17T00:41:38Z,804.67,7.62,266.322,117,143.265625,0,0
running,2021,2,17,2021-02-17T00:45:13Z,804.67,7.14692246203038,214.389,131,151.640625,2,0
running,2021,2,17,2021-02-17T00:48:40Z,804.67,6.89521850899743,206.842,134,150.75,0,0
running,2021,2,17,2021-02-17T00:52:14Z,804.67,7.14121405750799,214.24,138,150.953125,6,0
running,2021,2,17,2021-02-17T00:55:51Z,804.67,7.24733855714672,217.435,138,150.296875,5,9
running,2021,2,17,2021-02-17T00:58:20Z,244.81,7.60703346568349,148.777,121,123.390625,0,2
running,2021,2,17,2021-02-17T01:00:55Z,804.67,5.1760710150521,155.286,146,169.625,0,2
running,2021,2,17,2021-02-17T01:03:38Z,804.67,5.43073496659243,162.913,154,165.984375,2,0
running,2021,2,17,2021-02-17T01:05:39Z,195.64,16.5980198019802,121.098,126,102.90625,0,0
running,2021,2,17,2021-02-17T01:08:17Z,804.67,5.25723245785966,157.704,135,158.640625,0,0
running,2021,2,17,2021-02-17T01:10:56Z,804.67,5.30926365795725,159.282,149,166.609375,0,0
running,2021,2,17,2021-02-17T01:13:06Z,200.9,17.2936170212766,129.539,136,103.046875,0,2
running,2021,2,17,2021-02-17T01:15:39Z,804.67,5.10028522532801,153.02,140,162.796875,2,0
running,2021,2,17,2021-02-17T01:18:12Z,804.67,5.10805560845553,153.239,153,164.15625,2,2
running,2021,2,17,2021-02-17T01:20:17Z,204.37,16.4252296387018,125.165,137,109.109375,0,2
running,2021,2,17,2021-02-17T01:24:30Z,804.67,7.47975460122699,253.189,135,145.34375,0,0
running,2021,2,17,2021-02-17T01:28:32Z,804.67,7.70537201953462,241.209,148,145.640625,7,7
running,2021,2,17,2021-02-17T01:31:50Z,544.51,7.53649901657769,176.333,148,146.09375,0,0
running,2021,2,17,2021-02-17T01:48:12Z,804.67,9.41136842105263,282.35,129,148.78125,2,0
running,2021,2,17,2021-02-17T01:53:01Z,804.67,8.52316491897045,288.392,139,145.15625,0,0
running,2021,2,17,2021-02-17T01:54:24Z,260.66,8.21513016845329,79.828,140,146.6875,0,0
running,2021,2,17,2021-02-17T23:24:54Z,804.67,8.10099667774086,290.573,124,128.3125,4,2
running,2021,2,17,2021-02-17T23:28:38Z,804.67,7.48392857142857,224.487,144,149.1875,7,10
running,2021,2,17,2021-02-17T23:32:26Z,804.67,7.59841359773371,227.949,144,150.203125,0,3
running,2021,2,17,2021-02-17T23:36:16Z,804.67,7.67011724335144,230.088,150,152.890625,12,8
running,2021,2,17,2021-02-17T23:40:57Z,804.67,8.60795892169448,280.559,144,145.421875,15,15
running,2021,2,17,2021-02-17T23:52:06Z,804.67,8.01865470852018,669.708,132,134.796875,0,11
running,2021,2,17,2021-02-17T23:55:57Z,804.67,7.70315910396324,231.127,138,144.765625,0,2
running,2021,2,17,2021-02-17T23:59:43Z,804.67,7.51748878923767,225.538,144,151.03125,0,0
running,2021,2,18,2021-02-18T00:03:28Z,804.67,7.48810720268007,224.654,146,147.890625,2,0
running,2021,2,18,2021-02-18T00:07:14Z,804.67,7.55560563380282,226.658,146,152,0,2
running,2021,2,18,2021-02-18T00:11:06Z,804.67,7.71867625899281,231.588,151,152.703125,0,0
running,2021,2,18,2021-02-18T00:14:58Z,804.67,7.65042783799201,232.429,150,147.3125,4,0
running,2021,2,18,2021-02-18T00:19:08Z,804.67,8.31702325581395,249.497,150,150.015625,10,9
running,2021,2,18,2021-02-18T00:23:03Z,804.67,7.62433200682206,235.239,151,149.46875,2,4
running,2021,2,18,2021-02-18T00:26:49Z,804.67,7.54073657576609,226.198,152,153.53125,2,5
running,2021,2,18,2021-02-18T00:27:41Z,33.86,8.25558633425669,10.421,155,154.640625,0,0
running,2021,2,18,2021-02-18T00:59:34Z,804.67,8.28875154511743,248.685,124,146.484375,2,0
running,2021,2,18,2021-02-18T01:04:10Z,804.67,7.905216622458,276.212,137,147.234375,4,5
running,2021,2,18,2021-02-18T01:06:54Z,496.69,7.95209012748295,154.281,135,144.078125,0,0
running,2021,2,18,2021-02-18T18:27:15Z,804.67,8.90517928286853,275.104,133,134.421875,0,0
running,2021,2,18,2021-02-18T18:31:26Z,804.67,8.36892355694228,251.096,147,154.25,2,0
running,2021,2,18,2021-02-18T18:35:25Z,804.67,7.95680806882231,238.722,144,154.21875,0,0
running,2021,2,18,2021-02-18T18:39:22Z,804.67,7.92155936207915,237.651,148,153.1875,2,0
running,2021,2,18,2021-02-18T18:43:42Z,804.67,8.65797288573273,259.758,145,152.765625,10,9
running,2021,2,18,2021-02-18T18:47:39Z,804.67,7.89358446144791,236.776,144,152.078125,0,2
running,2021,2,18,2021-02-18T18:51:28Z,804.67,7.62866894197952,228.863,146,151.703125,0,2
running,2021,2,18,2021-02-18T18:55:09Z,804.67,7.37081615828524,221.101,154,151.125,0,0
running,2021,2,18,2021-02-18T18:58:50Z,804.67,7.37486939785538,221.258,152,154.625,0,0
running,2021,2,18,2021-02-18T18:59:47Z,17.48,6.97229009617884,4.543,149,153.59375,0,0
running,2021,2,18,2021-02-18T19:58:33Z,804.67,8.0499399759904,241.529,135,148.421875,4,0
running,2021,2,18,2021-02-18T20:03:19Z,804.67,8.26321626617375,286.001,146,151.5625,10,0
running,2021,2,18,2021-02-18T20:07:39Z,804.67,8.14280510018215,260.016,142,147.890625,0,7
running,2021,2,18,2021-02-18T20:11:29Z,804.67,7.68990825688073,230.668,145,153.375,0,0
running,2021,2,18,2021-02-18T20:15:19Z,804.67,7.6460661345496,229.391,147,150.328125,2,0
running,2021,2,18,2021-02-18T20:19:14Z,804.67,7.57053344623201,235.097,143,151.203125,0,0
running,2021,2,18,2021-02-18T20:23:33Z,804.67,7.77010428736964,258.728,140,146.28125,2,0
running,2021,2,18,2021-02-18T20:23:54Z,61.77,7.57267080745342,17.441,142,154.296875,0,0
running,2021,2,20,2021-02-20T00:44:04Z,804.67,8.23278084714549,287.9,131,143.921875,2,0
running,2021,2,20,2021-02-20T00:47:49Z,804.67,7.48601730393525,224.567,133,147.6875,2,0
running,2021,2,20,2021-02-20T00:51:28Z,804.67,7.31453504226889,219.437,139,151.921875,2,2
running,2021,2,20,2021-02-20T00:55:07Z,804.67,7.270913526701,218.119,142,152.109375,2,0
running,2021,2,20,2021-02-20T00:58:51Z,804.67,7.45480822679266,223.644,141,150.171875,0,2
running,2021,2,20,2021-02-20T01:02:33Z,804.67,7.41359867330017,222.403,145,150.125,5,8
running,2021,2,20,2021-02-20T01:06:14Z,804.67,7.36272303046939,220.887,144,151.859375,6,5
running,2021,2,20,2021-02-20T01:09:50Z,804.67,7.20644814615798,216.183,152,146.5625,7,3
running,2021,2,20,2021-02-20T01:13:31Z,804.67,7.33854993160055,220.176,146,150.15625,2,8
running,2021,2,20,2021-02-20T01:17:08Z,804.67,7.25910690121786,217.746,152,150.046875,10,7
running,2021,2,20,2021-02-20T01:20:53Z,804.67,7.4776693615835,224.336,152,148.046875,11,12
running,2021,2,20,2021-02-20T01:24:25Z,804.67,7.0827567995775,212.462,151,152.921875,9,4
running,2021,2,20,2021-02-20T01:27:59Z,804.67,7.12792984321021,213.816,153,149.1875,5,5
running,2021,2,20,2021-02-20T01:29:18Z,85.67,7.4197510373444,23.696,151,151.953125,0,0
running,2021,2,20,2021-02-20T01:58:09Z,804.67,8.84935664797097,265.439,140,148.328125,2,0
running,2021,2,20,2021-02-20T02:02:30Z,804.67,8.20758873929009,261.017,153,146.734375,0,0
running,2021,2,20,2021-02-20T02:03:15Z,120.44,8.47737041719343,38.064,155,151.796875,0,0
running,2021,2,20,2021-02-20T19:05:03Z,804.67,7.80174520069808,234.076,126,147.625,2,0
running,2021,2,20,2021-02-20T19:09:44Z,804.67,7.48392857142857,281.142,133,151.890625,0,4
running,2021,2,20,2021-02-20T19:13:44Z,804.67,8.00668656716418,240.227,143,150.21875,8,2
running,2021,2,20,2021-02-20T19:21:01Z,698.36,7.91221238938053,206.009,144,152.765625,0,2
running,2021,2,20,2021-02-20T19:41:13Z,804.67,8.2226854690374,299.533,111,141.859375,0,2
running,2021,2,20,2021-02-20T19:45:13Z,804.67,7.9852337005061,239.532,125,151.328125,2,2
running,2021,2,20,2021-02-20T19:49:14Z,758.4,7.89358446144791,223.162,134,153.515625,0,0
running,2021,2,20,2021-02-20T19:57:18Z,58.81,8.62456591639871,18.913,137,86.796875,0,0
running,2021,2,20,2021-02-20T19:57:52Z,194.98,4.6647652173913,33.91,138,180.359375,0,0
running,2021,2,20,2021-02-20T19:58:56Z,211.03,8.12061762034514,63.897,135,152.578125,0,0
running,2021,2,20,2021-02-20T19:59:29Z,201.56,4.37988242978445,32.915,138,183.875,2,2
running,2021,2,20,2021-02-20T20:00:35Z,207.41,8.52858505564388,65.939,139,146.34375,0,0
running,2021,2,20,2021-02-20T20:01:08Z,201.61,4.38202908021565,32.94,139,187.03125,2,0
running,2021,2,20,2021-02-20T20:01:52Z,100.7,11.0699133305819,41.563,153,146.671875,0,2
running,2021,2,20,2021-02-20T20:11:48Z,191.04,8.12553771584368,57.871,123,150.671875,0,0
running,2021,2,20,2021-02-20T20:12:20Z,199.96,4.28130885873903,31.918,138,187.125,0,0
running,2021,2,20,2021-02-20T20:13:28Z,209,8.66356589147287,67.515,146,152.921875,0,0
running,2021,2,20,2021-02-20T20:14:02Z,208.24,4.37274209325073,33.949,147,179.796875,0,0
running,2021,2,20,2021-02-20T20:15:07Z,207.13,8.49885931558935,65.634,151,152.953125,0,0
running,2021,2,20,2021-02-20T20:15:40Z,200.98,4.37773788150808,32.8,153,184.09375,0,3
running,2021,2,20,2021-02-20T20:16:47Z,212.74,8.45598991172762,67.059,149,153.15625,0,0
running,2021,2,20,2021-02-20T20:17:21Z,208.25,4.30605233584845,33.435,148,183.296875,0,0
running,2021,2,20,2021-02-20T20:18:02Z,47.88,14.3129135538954,25.548,155,129.265625,0,0
running,2021,2,20,2021-02-20T20:25:15Z,804.67,8.14775212636695,244.396,137,149.109375,0,0
running,2021,2,20,2021-02-20T20:29:17Z,804.67,8.0499399759904,241.47,147,149.203125,2,2
running,2021,2,20,2021-02-20T20:32:56Z,804.67,7.31852660300136,219.583,154,155,5,4
running,2021,2,20,2021-02-20T20:33:25Z,75.77,8.59967938441808,24.29,160,155.328125,0,0
running,2021,2,21,2021-02-21T18:36:37Z,804.67,7.31254089422028,220.642,138,150.46875,2,0
running,2021,2,21,2021-02-21T18:40:53Z,804.67,7.25125709651257,255.381,151,143.671875,2,0
running,2021,2,21,2021-02-21T18:44:20Z,804.67,6.89344641480339,206.82,150,152.1875,0,0
running,2021,2,21,2021-02-21T18:47:46Z,804.67,6.86345957011259,205.879,163,151.484375,2,0
running,2021,2,21,2021-02-21T18:51:17Z,804.67,7.0436974789916,211.292,157,151.484375,0,0
running,2021,2,21,2021-02-21T18:54:41Z,804.67,6.80426179604262,204.136,156,151.984375,2,2
running,2021,2,21,2021-02-21T18:58:21Z,804.67,7.33453650533224,220.06,161,151.609375,2,0
running,2021,2,21,2021-02-21T19:01:42Z,804.67,6.7156735102654,201.456,165,151.734375,0,2
running,2021,2,21,2021-02-21T19:05:20Z,804.67,7.26500541711809,217.973,163,153.015625,8,8
running,2021,2,21,2021-02-21T19:08:41Z,804.67,6.6955566650025,200.852,161,152.765625,0,0
running,2021,2,21,2021-02-21T19:12:05Z,804.67,6.79908745247148,203.968,163,153.03125,0,0
running,2021,2,21,2021-02-21T19:15:26Z,804.67,6.70057456907319,201.032,166,152.734375,2,0
running,2021,2,21,2021-02-21T19:18:44Z,804.67,6.58218404907975,197.453,162,152.203125,0,0
running,2021,2,21,2021-02-21T19:22:04Z,804.67,6.68054794520548,200.425,163,153,2,0
running,2021,2,21,2021-02-21T19:25:23Z,804.67,6.62608695652174,198.767,159,153.03125,0,0
running,2021,2,21,2021-02-21T19:28:47Z,600.85,6.73422043685664,203.238,163,145.640625,0,0
running,2021,2,21,2021-02-21T19:32:20Z,804.67,7.07901821060966,212.396,152,151.46875,2,0
running,2021,2,21,2021-02-21T19:35:48Z,804.67,6.93264409408116,208.003,160,149.71875,2,0
running,2021,2,21,2021-02-21T19:39:11Z,804.67,6.76479192938209,202.955,159,155.265625,0,4
running,2021,2,21,2021-02-21T19:42:44Z,804.67,7.10715421303657,213.186,165,154.609375,5,0
running,2021,2,21,2021-02-21T19:46:20Z,804.67,7.19871175523349,215.958,163,155.296875,7,8
running,2021,2,21,2021-02-21T19:48:59Z,528.45,7.2414686825054,142.678,158,152.578125,2,2
running,2021,2,23,2021-02-23T00:13:58Z,804.67,7.78137510879025,272.16,138,144.296875,0,0
running,2021,2,23,2021-02-23T00:17:22Z,804.67,6.80081135902637,204.044,162,150.5625,2,0
running,2021,2,23,2021-02-23T00:20:53Z,804.67,7.04554767533491,211.39,154,149.828125,0,0
running,2021,2,23,2021-02-23T00:24:43Z,534.33,7.40132450331126,230.126,158,142.765625,2,0
running,2021,2,23,2021-02-23T00:27:19Z,804.67,5.17207867335133,155.161,162,169.125,0,3
running,2021,2,23,2021-02-23T00:30:01Z,804.67,5.39794727309318,161.951,177,164.765625,0,0
running,2021,2,23,2021-02-23T00:32:15Z,210.3,17.1170389278877,134.187,148,111.59375,0,0
running,2021,2,23,2021-02-23T00:34:49Z,804.67,5.12758554769643,153.827,149,168.9375,2,2
running,2021,2,23,2021-02-23T00:37:19Z,804.67,4.99951537744641,149.994,163,165.4375,0,0
running,2021,2,23,2021-02-23T00:39:20Z,186.06,17.5195297191378,121.502,141,107.15625,0,0
running,2021,2,23,2021-02-23T00:44:32Z,804.67,8.67196896217265,311.856,141,144.3125,2,0
running,2021,2,23,2021-02-23T00:48:42Z,804.67,8.17257769652651,249.867,160,147.515625,2,2
running,2021,2,23,2021-02-23T00:53:48Z,804.67,8.24036866359447,306.354,156,145.65625,2,0
running,2021,2,23,2021-02-23T00:58:20Z,804.67,8.39774577332498,271.901,153,142.9375,0,0
running,2021,2,23,2021-02-23T00:58:59Z,101.26,8.38986549890522,31.674,161,137.65625,0,0
running,2021,2,24,2021-02-24T00:46:13Z,804.67,8.19254734270006,274.958,125,125.1875,0,0
running,2021,2,24,2021-02-24T00:50:01Z,804.67,7.43208645054032,227.742,135,145.515625,2,0
running,2021,2,24,2021-02-24T00:53:38Z,804.67,7.21808396124865,216.541,135,150.984375,0,0
running,2021,2,24,2021-02-24T00:57:21Z,804.67,7.4197510373444,222.567,139,149.1875,4,0
running,2021,2,24,2021-02-24T01:01:13Z,804.67,7.72089810017271,231.634,146,149.078125,7,2
running,2021,2,24,2021-02-24T01:05:03Z,804.67,7.66354285714286,229.921,148,147.65625,3,11
running,2021,2,24,2021-02-24T01:08:51Z,804.67,7.52803817008139,227.973,148,149.46875,0,3
running,2021,2,24,2021-02-24T01:12:43Z,804.67,7.73202652061113,231.96,156,147.421875,0,3
running,2021,2,24,2021-02-24T01:16:22Z,804.67,7.31054783319706,219.323,156,147.34375,19,17
running,2021,2,24,2021-02-24T01:19:57Z,804.67,7.18521296544334,215.553,158,152.203125,8,4
running,2021,2,24,2021-02-24T01:25:40Z,804.67,7.22391597091301,342.137,150,144.75,11,8
running,2021,2,24,2021-02-24T01:29:29Z,804.67,7.63301081388731,229.004,160,149.609375,13,9
running,2021,2,24,2021-02-24T01:33:00Z,804.67,7.04925098554533,211.459,162,153.921875,6,7
running,2021,2,24,2021-02-24T01:34:35Z,264.93,7.2122613605808,71.228,167,153.78125,3,3
running,2021,2,24,2021-02-24T01:55:00Z,804.67,8.41883239171375,252.567,143,149.640625,0,9
running,2021,2,24,2021-02-24T01:58:58Z,804.67,7.92624113475177,237.8,154,152.296875,2,0
running,2021,2,24,2021-02-24T02:02:45Z,601.6,8.09610624811349,224.744,147,131.046875,0,0
running,2021,2,26,2021-02-26T00:16:08Z,804.67,8.2759642085776,253.464,130,143.53125,2,0
running,2021,2,26,2021-02-26T00:20:05Z,804.67,7.88430335097002,236.542,139,148.78125,2,0
running,2021,2,26,2021-02-26T00:23:51Z,804.67,7.54285714285714,226.297,147,149.453125,0,0
running,2021,2,26,2021-02-26T00:27:35Z,804.67,7.4776693615835,224.313,149,150.65625,2,0
running,2021,2,26,2021-02-26T00:31:21Z,804.67,7.50907054871221,225.298,154,150.609375,0,2
running,2021,2,26,2021-02-26T00:35:21Z,804.67,8.0019093078759,240.063,153,149.828125,2,0
running,2021,2,26,2021-02-26T00:39:06Z,804.67,7.51327731092437,225.42,147,146.140625,0,2
running,2021,2,26,2021-02-26T00:42:56Z,804.67,7.66792452830189,230.016,151,149.953125,2,0
running,2021,2,26,2021-02-26T00:46:56Z,804.67,7.91454706403069,240.022,155,148.1875,2,4
running,2021,2,26,2021-02-26T00:51:47Z,804.67,7.54710185706247,290.527,152,147.71875,0,0
running,2021,2,26,2021-02-26T00:55:21Z,804.67,7.15645677694771,214.693,160,151.15625,0,0
running,2021,2,26,2021-02-26T01:00:07Z,604.06,7.15264,161.101,153,150.984375,0,0
running,2021,2,26,2021-02-26T22:21:40Z,804.67,7.72979827089337,252.237,138,143.296875,0,0
running,2021,2,26,2021-02-26T22:25:18Z,804.67,7.27288503253796,218.196,151,150.90625,0,0
running,2021,2,26,2021-02-26T22:28:53Z,804.67,7.17368280288847,215.235,152,150.8125,5,0
running,2021,2,26,2021-02-26T22:31:54Z,669.37,7.24342425060762,180.776,149,150.765625,0,0
running,2021,2,26,2021-02-26T22:34:45Z,804.67,5.7044661846023,171.145,159,158.15625,0,0
running,2021,2,26,2021-02-26T22:37:43Z,804.67,5.92498343273691,177.732,169,158.9375,0,2
running,2021,2,26,2021-02-26T22:40:31Z,804.67,5.60434600919348,168.135,173,159.515625,0,0
running,2021,2,26,2021-02-26T22:43:23Z,804.67,5.7398673229189,172.214,182,160.40625,0,0
running,2021,2,26,2021-02-26T22:46:08Z,804.67,5.48627531192473,164.585,183,160.890625,0,2
running,2021,2,26,2021-02-26T22:48:58Z,804.67,5.67669841269841,170.314,185,159.25,2,0
running,2021,2,26,2021-02-26T22:51:00Z,166.84,19.6789435069699,122.394,147,100.46875,0,0
running,2021,2,26,2021-02-26T22:53:44Z,804.67,5.44727863525589,163.402,168,162.921875,0,6
running,2021,2,26,2021-02-26T22:56:31Z,804.67,5.58916440925193,167.677,189,164.21875,8,0
running,2021,2,26,2021-02-26T22:58:31Z,160.44,19.9423048327138,119.275,155,92.296875,0,2
running,2021,2,26,2021-02-26T23:01:07Z,804.67,5.21430793157076,156.433,161,159,23,9
running,2021,2,26,2021-02-26T23:03:46Z,804.67,5.30926365795725,159.281,192,163.46875,15,8
running,2021,2,26,2021-02-26T23:05:24Z,153.35,17.1389137380192,97.984,163,104.3125,0,0
running,2021,2,26,2021-02-26T23:09:12Z,804.67,7.58123233465235,227.424,159,146.875,0,2
running,2021,2,26,2021-02-26T23:13:24Z,804.67,7.66792452830189,252.052,171,146.921875,2,2
running,2021,2,26,2021-02-26T23:18:12Z,804.67,7.89590815425375,287.127,163,147.46875,4,0
running,2021,2,26,2021-02-26T23:20:17Z,449.48,7.32652280797596,122.787,166,151.65625,2,4
running,2021,2,27,2021-02-27T18:52:08Z,804.67,9.01593277310924,270.463,145,144.859375,28,13
running,2021,2,27,2021-02-27T18:55:53Z,804.67,7.49857422421023,224.974,151,151.078125,2,7
running,2021,2,27,2021-02-27T18:59:30Z,804.67,7.24538087520259,217.34,157,152.28125,4,2
running,2021,2,27,2021-02-27T19:03:08Z,804.67,7.23951417004049,217.165,165,153.078125,2,2
running,2021,2,27,2021-02-27T19:06:55Z,804.67,7.58123233465235,227.416,165,152.78125,6,0
running,2021,2,27,2021-02-27T19:10:40Z,804.67,7.51327731092437,225.387,157,151.6875,2,2
running,2021,2,27,2021-02-27T19:14:29Z,804.67,7.60487666572158,228.131,159,151.078125,7,4
running,2021,2,27,2021-02-27T19:18:18Z,804.67,7.63083926031294,228.942,153,151.234375,2,11
running,2021,2,27,2021-02-27T19:22:04Z,804.67,7.55986471251409,226.789,156,148.5,0,2
running,2021,2,27,2021-02-27T19:25:57Z,804.67,7.7431870669746,232.273,160,149.890625,11,2
running,2021,2,27,2021-02-27T19:29:43Z,804.67,7.55347789355111,226.58,154,151.15625,0,7
running,2021,2,27,2021-02-27T19:33:27Z,804.67,7.45066666666667,223.522,154,152.5,0,0
running,2021,2,27,2021-02-27T19:37:02Z,804.67,7.16601656425327,214.999,159,153.515625,0,5
running,2021,2,27,2021-02-27T19:40:50Z,804.67,7.61783584209032,228.564,159,150.984375,5,3
running,2021,2,27,2021-02-27T19:44:33Z,804.67,7.4238582895101,222.7,156,151.65625,0,0
running,2021,2,27,2021-02-27T19:48:41Z,804.67,8.25304615384615,247.608,163,155.265625,19,10
running,2021,2,27,2021-02-27T19:51:19Z,402.56,7.54710185706247,113.268,151,153.140625,0,14
running,2021,2,28,2021-02-28T18:55:23Z,804.67,7.99475409836066,245.558,134,145.5,0,0
running,2021,2,28,2021-02-28T18:59:01Z,804.67,7.26500541711809,217.945,142,151.125,2,0
running,2021,2,28,2021-02-28T19:02:40Z,804.67,7.31254089422028,219.362,149,150.234375,2,2
running,2021,2,28,2021-02-28T19:06:21Z,804.67,7.34860273972603,220.432,155,150.390625,2,0
running,2021,2,28,2021-02-28T19:09:53Z,804.67,7.06410323939953,211.897,157,150.5625,0,2
running,2021,2,28,2021-02-28T19:13:19Z,804.67,6.87049180327869,206.098,162,151.109375,0,0
running,2021,2,28,2021-02-28T19:17:05Z,804.67,7.53438202247191,226.045,161,150.25,9,3
running,2021,2,28,2021-02-28T19:20:49Z,804.67,7.33052746652091,224.245,149,147.28125,0,6
running,2021,2,28,2021-02-28T19:24:24Z,804.67,7.15836669335468,214.778,154,150.765625,2,2
running,2021,2,28,2021-02-28T19:27:47Z,804.67,6.78361153262519,203.525,159,150.265625,0,0
running,2021,2,28,2021-02-28T19:31:11Z,804.67,6.80253613999493,204.057,160,151.125,2,2
running,2021,2,28,2021-02-28T19:34:33Z,804.67,6.73422043685664,202.049,161,150.890625,0,0
running,2021,2,28,2021-02-28T19:38:12Z,804.67,7.21032258064516,218.326,161,150.546875,0,2
running,2021,2,28,2021-02-28T19:41:36Z,695.98,7.30855585831063,189.63,157,151.515625,0,0
running,2021,2,28,2021-02-28T20:00:08Z,804.67,7.62649985783338,228.77,134,149.53125,2,2
running,2021,2,28,2021-02-28T20:03:32Z,804.67,6.80944402132521,204.282,148,151.625,0,0
running,2021,2,28,2021-02-28T20:06:57Z,804.67,6.84594180704441,205.357,153,151.421875,0,0
running,2021,2,28,2021-02-28T20:10:35Z,804.67,7.09775072770574,217.577,159,149.109375,4,0
running,2021,2,28,2021-02-28T20:14:04Z,804.67,6.96504803947027,208.94,162,151.046875,9,0
running,2021,2,28,2021-02-28T20:17:32Z,804.67,6.92012383900929,207.616,161,150.21875,0,8
running,2021,2,28,2021-02-28T20:20:57Z,804.67,6.85819483508054,205.753,166,151.140625,0,2
running,2021,2,28,2021-02-28T20:24:19Z,804.67,6.71231231231231,201.356,167,150.96875,2,0
running,2021,2,28,2021-02-28T20:27:36Z,804.67,6.59351032448378,197.788,167,150.53125,0,2
running,2021,2,28,2021-02-28T20:31:08Z,804.67,7.01422594142259,210.417,170,150.8125,0,0
running,2021,2,28,2021-02-28T20:32:07Z,216.42,7.02893081761006,56.72,169,150.9375,0,0
running,2021,3,2,2021-03-02T00:37:58Z,1000,8.37938144329897,351.759,128,137,6,0
running,2021,3,2,2021-03-02T00:42:50Z,1000,7.824504084014,291.713,146,147.875,2,11
running,2021,3,2,2021-03-02T00:47:41Z,1000,7.81310806874454,291.25,152,149.671875,2,2
running,2021,3,2,2021-03-02T00:52:40Z,1000,7.96389548693587,298.767,150,145.921875,2,0
running,2021,3,2,2021-03-02T00:57:53Z,1000,8.382,312.472,149,149.1875,7,7
running,2021,3,2,2021-03-02T01:03:04Z,1000,8.1378640776699,311.001,148,147.375,0,2
running,2021,3,2,2021-03-02T01:08:17Z,1000,8.39774577332498,313.052,145,151.609375,2,0
running,2021,3,2,2021-03-02T01:13:15Z,1000,8.00907733651836,298.633,150,148.59375,0,0
running,2021,3,2,2021-03-02T01:19:10Z,1000,7.86811381636844,353.168,143,142.25,0,2
running,2021,3,2,2021-03-02T01:24:54Z,1000,8.22016549187864,344.897,136,148.421875,10,9
running,2021,3,2,2021-03-02T01:30:03Z,994.17,8.19505041246563,306.078,142,147.28125,0,0
running,2021,3,2,2021-03-02T01:43:12Z,1000,8.19254734270006,305.469,135,149.1875,2,0
running,2021,3,2,2021-03-02T01:48:30Z,1000,8.00668656716418,317.575,143,143.6875,0,0
running,2021,3,2,2021-03-02T01:48:42Z,29.39,8.82025649457415,9.664,143,151.78125,0,0
running,2021,3,3,2021-03-03T00:47:21Z,1000,8.01625821876868,388.829,133,135.546875,0,0
running,2021,3,3,2021-03-03T00:51:58Z,1000,7.41155015197568,276.353,148,148.953125,4,0
running,2021,3,3,2021-03-03T00:57:35Z,1000,7.84969271290606,337.117,138,146.203125,0,0
running,2021,3,3,2021-03-03T01:02:18Z,1000,7.59841359773371,283.302,141,148.5625,0,0
running,2021,3,3,2021-03-03T01:07:01Z,1000,7.57909013845719,282.563,143,147.953125,2,2
running,2021,3,3,2021-03-03T01:11:45Z,1000,7.61783584209032,284.016,142,151.03125,2,0
running,2021,3,3,2021-03-03T01:16:27Z,1000,7.56839729119639,282.138,145,144.96875,0,2
running,2021,3,3,2021-03-03T01:21:08Z,1000,7.54073657576609,281.132,146,145.75,0,0
running,2021,3,3,2021-03-03T01:23:19Z,454.05,7.61783584209032,128.943,139,147.484375,0,0
running,2021,3,3,2021-03-03T01:48:59Z,1000,8.60519730510106,320.773,130,148.234375,0,0
running,2021,3,3,2021-03-03T01:54:51Z,1000,8.71706207344816,351.329,132,145.078125,2,0
running,2021,3,3,2021-03-03T01:55:01Z,28.01,8.36109725685786,8.732,133,151.375,0,0
running,2021,3,4,2021-03-04T01:05:01Z,1000,7.69652797704448,305.305,123,147.609375,2,0
running,2021,3,4,2021-03-04T01:09:27Z,1000,7.14882729211087,266.491,150,151.34375,0,0
running,2021,3,4,2021-03-04T01:13:53Z,1000,7.11847133757962,265.419,159,151.171875,2,2
running,2021,3,4,2021-03-04T01:14:24Z,102.87,8.15766423357664,31.284,160,150.59375,0,0
running,2021,3,4,2021-03-04T01:17:40Z,1000,5.26962671905698,196.445,166,167.625,0,0
running,2021,3,4,2021-03-04T01:19:38Z,599.84,5.2675569520817,117.79,183,166.96875,2,0
running,2021,3,4,2021-03-04T01:22:42Z,258.22,19.1315263908702,184.232,134,101.03125,0,0
running,2021,3,4,2021-03-04T01:25:55Z,1000,5.15716208421457,192.287,156,166.71875,0,3
running,2021,3,4,2021-03-04T01:27:58Z,601.53,5.50090237899918,123.355,166,166.625,0,0
running,2021,3,4,2021-03-04T01:31:00Z,258.77,18.875721323012,182.102,140,99.828125,0,0
running,2021,3,4,2021-03-04T01:34:06Z,1000,4.99579065002794,186.254,163,161.4375,0,2
running,2021,3,4,2021-03-04T01:36:00Z,603.1,5.04559819413093,113.454,180,165.1875,0,0
running,2021,3,4,2021-03-04T01:37:52Z,146.83,18.0258064516129,112.424,162,108.65625,0,0
running,2021,3,4,2021-03-04T01:42:48Z,1000,7.92858409695536,295.609,156,149.109375,8,10
running,2021,3,4,2021-03-04T01:47:58Z,1000,7.44446294754371,310.342,164,148.46875,0,2
running,2021,3,4,2021-03-04T01:52:23Z,1000,7.10338983050847,264.852,168,151.828125,0,2
running,2021,3,4,2021-03-04T01:55:21Z,650.47,7.2492972972973,175.787,166,151.71875,0,0
running,2021,3,5,2021-03-05T00:23:03Z,1000,8.13046377690209,346.85,129,139.765625,2,0
running,2021,3,5,2021-03-05T00:27:56Z,1000,7.86811381636844,293.376,150,149.984375,2,0
running,2021,3,5,2021-03-05T00:32:43Z,1000,7.68990825688073,286.671,140,149.125,2,2
running,2021,3,5,2021-03-05T00:37:52Z,1000,8.29387755102041,309.216,141,148.859375,8,0
running,2021,3,5,2021-03-05T00:43:47Z,1000,7.99475409836066,355.123,129,144.890625,0,10
running,2021,3,5,2021-03-05T00:47:46Z,662.83,8.07174240144448,199.46,142,147.0625,0,0
running,2021,3,5,2021-03-05T01:23:51Z,1000,8.67758007117438,323.485,123,143.765625,2,0
running,2021,3,5,2021-03-05T01:29:06Z,1000,8.4294154619736,314.285,141,151.078125,12,4
running,2021,3,5,2021-03-05T01:34:36Z,1000,8.04269865067466,329.579,145,149.453125,0,5
running,2021,3,5,2021-03-05T01:40:02Z,1000,8.10589301903898,325.48,135,142,0,0
running,2021,3,5,2021-03-05T01:46:46Z,1000,8.19004580152672,404.715,129,140.234375,0,0
running,2021,3,5,2021-03-05T01:48:55Z,11.91,7.27288503253796,3.228,140,150.75,0,0
running,2021,3,6,2021-03-06T01:17:51Z,1000,7.69432013769363,339.063,141,144.625,2,0
running,2021,3,6,2021-03-06T01:22:13Z,1000,7.04184825413494,262.531,169,150.96875,2,0
running,2021,3,6,2021-03-06T01:30:34Z,1000,7.270913526701,501.122,138,143.875,2,0
running,2021,3,6,2021-03-06T01:34:19Z,1000,6.03836109860423,225.126,162,157.625,11,9
running,2021,3,6,2021-03-06T01:37:57Z,1000,5.82842242503259,217.298,173,159.171875,0,4
running,2021,3,6,2021-03-06T01:41:38Z,1000,5.93678618857902,221.361,177,158.09375,2,0
running,2021,3,6,2021-03-06T01:45:17Z,1000,5.8846862659061,219.389,180,159.96875,0,2
running,2021,3,6,2021-03-06T01:48:54Z,1000,5.80822867042009,216.544,184,159.359375,2,0
running,2021,3,6,2021-03-06T01:50:56Z,548.14,5.95523978685613,121.691,185,157.59375,2,0
running,2021,3,6,2021-03-06T01:52:13Z,109.41,19.05,77.731,151,99.0625,0,0
running,2021,3,6,2021-03-06T01:57:12Z,1000,7.45688073394495,298.091,150,146.90625,10,19
running,2021,3,6,2021-03-06T02:01:34Z,1000,7.03446105428796,262.262,163,151.015625,10,3
running,2021,3,6,2021-03-06T02:06:32Z,1000,7.47142061281337,297.702,155,148.375,14,17
running,2021,3,6,2021-03-06T02:06:42Z,15.78,6.97229009617884,4.103,153,148.75,0,0
running,2021,3,6,2021-03-06T19:10:04Z,1000,8.08390596745027,301.366,141,144.3125,4,9
running,2021,3,6,2021-03-06T19:14:54Z,1000,7.7656050955414,289.541,151,151.65625,2,2
running,2021,3,6,2021-03-06T19:19:42Z,1000,7.7431870669746,288.683,151,147.875,2,0
running,2021,3,6,2021-03-06T19:24:21Z,1000,7.45895439377086,278.056,153,150.28125,4,2
running,2021,3,6,2021-03-06T19:29:15Z,1000,7.8982332155477,294.45,154,151.1875,7,0
running,2021,3,6,2021-03-06T19:31:13Z,321.07,8.13539581437671,115.979,141,139.15625,0,0
running,2021,3,7,2021-03-07T17:49:23Z,1000,7.34055829228243,303.932,138,145.40625,2,0
running,2021,3,7,2021-03-07T17:54:10Z,1000,7.30457516339869,287.206,151,147.328125,2,0
running,2021,3,7,2021-03-07T17:58:31Z,1000,7.00506659702272,261.173,156,152.0625,2,0
running,2021,3,7,2021-03-07T18:03:01Z,1000,7.13931328187384,269.575,154,151.84375,0,0
running,2021,3,7,2021-03-07T18:07:24Z,1000,7.05852631578947,263.139,154,153.265625,2,0
running,2021,3,7,2021-03-07T18:11:56Z,1000,7.16601656425327,272.327,153,149.4375,0,0
running,2021,3,7,2021-03-07T18:16:21Z,1000,7.09962943356273,264.709,156,151.46875,19,23
running,2021,3,7,2021-03-07T18:20:37Z,1000,6.88636713735558,256.707,159,153.109375,10,12
running,2021,3,7,2021-03-07T18:24:52Z,1000,6.81463414634146,254.034,162,153.015625,10,4
running,2021,3,7,2021-03-07T18:29:06Z,1000,6.83199184921039,254.692,161,152.375,25,32
running,2021,3,7,2021-03-07T18:33:21Z,1000,6.83895971443141,254.994,162,152.921875,20,18
running,2021,3,7,2021-03-07T18:37:35Z,1000,6.79736441966548,253.406,163,152.5625,13,9
running,2021,3,7,2021-03-07T18:41:46Z,1000,6.73253012048193,251.033,165,153.328125,16,14
running,2021,3,7,2021-03-07T18:45:53Z,1000,6.62281481481482,246.932,168,153.890625,5,7
running,2021,3,7,2021-03-07T18:49:52Z,1000,6.42298850574713,239.443,169,154.265625,13,15
running,2021,3,7,2021-03-07T18:54:08Z,1000,6.85994884910486,255.734,171,153.390625,28,10
running,2021,3,7,2021-03-07T18:58:19Z,1000,6.74099019854235,251.34,167,153.078125,17,17
running,2021,3,7,2021-03-07T19:02:32Z,1000,6.79392097264438,253.298,172,154.46875,15,28
running,2021,3,7,2021-03-07T19:06:40Z,1000,6.6441416893733,247.686,173,154.0625,11,15
running,2021,3,7,2021-03-07T19:10:53Z,1000,6.78361153262519,252.921,171,153.75,19,11
running,2021,3,7,2021-03-07T19:15:12Z,1000,6.95060896605338,259.157,169,153.5,18,22
running,2021,3,7,2021-03-07T19:17:01Z,10.4,7.39520264681555,2.867,164,151,0,0
running,2021,3,10,2021-03-10T00:52:59Z,1000,7.89590815425375,329.124,125,129.03125,4,0
running,2021,3,10,2021-03-10T00:57:54Z,1000,7.905216622458,294.688,152,144.609375,2,0
running,2021,3,10,2021-03-10T01:02:38Z,1000,7.6373576309795,284.714,153,148.890625,2,2
running,2021,3,10,2021-03-10T01:07:17Z,1000,7.48392857142857,279.004,152,147.390625,0,0
running,2021,3,10,2021-03-10T01:13:09Z,1000,7.93327417923691,351.636,151,146.234375,4,2
running,2021,3,10,2021-03-10T01:18:25Z,1000,8.39774577332498,316.296,145,144.515625,9,8
running,2021,3,10,2021-03-10T01:25:17Z,1000,8.08147032238626,412.144,140,141.203125,0,2
running,2021,3,10,2021-03-10T01:30:16Z,1000,8.01146953405018,298.714,154,151.109375,4,0
running,2021,3,10,2021-03-10T01:35:29Z,1000,8.07903614457831,312.522,159,143.84375,0,11
running,2021,3,10,2021-03-10T01:40:19Z,1000,7.78363319791062,290.186,166,151.578125,5,3
running,2021,3,10,2021-03-10T01:45:25Z,1000,7.92624113475177,305.757,167,148.3125,13,3
running,2021,3,10,2021-03-10T01:50:21Z,1000,7.94737777777778,296.256,169,151.734375,5,0
running,2021,3,10,2021-03-10T01:56:10Z,1000,8.66636510500808,349.314,158,146.15625,14,8
running,2021,3,10,2021-03-10T02:01:03Z,1000,7.86811381636844,293.361,167,150.859375,7,5
running,2021,3,10,2021-03-10T02:06:43Z,1000,8.08390596745027,339.288,160,144.46875,5,0
running,2021,3,10,2021-03-10T02:07:04Z,67.69,7.67450643776824,19.368,166,151.734375,0,2
running,2021,3,11,2021-03-11T00:52:25Z,1000,8.00429722470904,298.445,137,147,5,2
running,2021,3,11,2021-03-11T00:57:38Z,1000,7.89590815425375,313.19,149,143.40625,0,0
running,2021,3,11,2021-03-11T01:02:37Z,1000,8.01386316103974,298.743,143,150.515625,2,0
running,2021,3,11,2021-03-11T01:07:32Z,1000,7.905216622458,294.695,153,145.84375,4,0
running,2021,3,11,2021-03-11T01:13:41Z,1000,7.77686285879965,368.841,151,141.65625,2,5
running,2021,3,11,2021-03-11T01:18:52Z,1000,8.03547034152187,310.989,151,146.234375,6,10
running,2021,3,11,2021-03-11T01:23:38Z,1000,7.67231121281465,286.062,149,148.515625,7,2
running,2021,3,11,2021-03-11T01:29:20Z,1000,8.0499399759904,341.907,145,144.59375,5,2
running,2021,3,11,2021-03-11T01:34:18Z,1000,8.01625821876868,298.863,154,147.84375,3,8
running,2021,3,11,2021-03-11T01:39:12Z,1000,7.86350043975374,293.211,169,150.109375,7,0
running,2021,3,11,2021-03-11T01:45:02Z,1000,8.48541600759253,349.983,165,145.765625,12,5
running,2021,3,11,2021-03-11T01:50:01Z,1000,8.02825501346902,299.352,165,151.5625,0,19
running,2021,3,11,2021-03-11T01:54:49Z,1000,7.73202652061113,288.302,170,145.65625,0,0
running,2021,3,11,2021-03-11T01:59:34Z,867.88,7.91688311688312,271.326,161,142.890625,0,0
running,2021,3,11,2021-03-11T22:22:43Z,1000,7.56839729119639,282.158,127,151.328125,2,0
running,2021,3,11,2021-03-11T22:27:09Z,1000,7.14501864677677,266.38,147,151.96875,0,0
running,2021,3,11,2021-03-11T22:30:45Z,803.25,7.18713826366559,215.227,156,151.59375,2,0
running,2021,3,11,2021-03-11T22:34:01Z,1000,5.2675569520817,196.393,158,166.5625,0,2
running,2021,3,11,2021-03-11T22:37:07Z,1000,4.98464969336555,185.847,168,165.203125,0,0
running,2021,3,11,2021-03-11T22:40:26Z,1000,5.34097968936679,199.116,181,163.390625,0,0
running,2021,3,11,2021-03-11T22:44:30Z,344.47,18.9825902335456,243.773,136,107.59375,0,0
running,2021,3,11,2021-03-11T22:47:40Z,1000,5.09544072948328,189.961,162,166.78125,0,0
running,2021,3,11,2021-03-11T22:50:56Z,1000,5.25929411764706,196.073,192,165.515625,2,0
running,2021,3,11,2021-03-11T22:53:18Z,215.07,17.7279576999339,142.135,166,97.15625,0,0
running,2021,3,11,2021-03-11T22:57:53Z,1000,7.39112703224029,275.574,151,148.484375,0,4
running,2021,3,11,2021-03-11T23:02:22Z,1000,7.19099195710456,268.067,171,151.796875,8,10
running,2021,3,11,2021-03-11T23:07:30Z,1000,7.25714285714286,308.693,166,149.015625,9,11
running,2021,3,11,2021-03-11T23:10:55Z,7.93,7.9995228153892,2.365,167,150.671875,0,0
running,2021,3,12,2021-03-12T23:57:38Z,1000,8.09366324683162,353.148,133,134.609375,0,0
running,2021,3,13,2021-03-13T00:02:20Z,1000,7.55560563380282,281.679,160,143.984375,2,0
running,2021,3,13,2021-03-13T00:06:59Z,1000,7.47558528428094,278.672,171,147.84375,2,0
running,2021,3,13,2021-03-13T00:14:13Z,1000,8.33252562907735,434.424,150,139.203125,6,7
running,2021,3,13,2021-03-13T00:20:10Z,1000,7.75886606884582,357.017,128,143.25,0,0
running,2021,3,13,2021-03-13T00:24:58Z,1000,7.72089810017271,287.857,141,150.015625,0,2
running,2021,3,13,2021-03-13T00:29:35Z,1000,7.43002770083102,276.981,143,143.046875,2,2
running,2021,3,13,2021-03-13T00:34:18Z,1000,7.59626168224299,283.166,157,144.84375,0,0
running,2021,3,13,2021-03-13T00:59:58Z,1000,7.56412859560068,281.974,132,150.953125,0,30
running,2021,3,13,2021-03-13T01:04:34Z,1000,7.37892709766162,275.103,164,150.640625,0,0
running,2021,3,13,2021-03-13T01:09:22Z,1000,7.72979827089337,288.195,177,150.078125,2,0
running,2021,3,13,2021-03-13T01:17:14Z,1000,7.89358446144791,471.108,147,146.125,8,0
running,2021,3,13,2021-03-13T01:21:59Z,1000,7.63953289661065,284.859,165,150.296875,2,8
running,2021,3,13,2021-03-13T01:26:31Z,1000,7.30258644160087,272.274,160,151.015625,0,2
running,2021,3,13,2021-03-13T01:30:57Z,1000,7.12414342629482,265.614,165,150.96875,0,0
running,2021,3,13,2021-03-13T01:36:09Z,1000,7.16027762947144,312.195,162,144.109375,0,0
running,2021,3,13,2021-03-13T01:36:19Z,12.54,9.07081501521813,4.239,166,148.5,0,0
running,2021,3,13,2021-03-13T18:56:36Z,1000,7.36879120879121,274.729,137,149.5625,7,13
running,2021,3,13,2021-03-13T19:01:08Z,1000,7.31254089422028,272.635,153,152,2,7
running,2021,3,13,2021-03-13T19:08:06Z,1000,8.71989596879064,417.852,144,140.40625,14,19
running,2021,3,13,2021-03-13T19:12:37Z,1000,7.25910690121786,270.623,168,151.953125,0,2
running,2021,3,13,2021-03-13T19:17:03Z,1000,7.14121405750799,266.244,173,151.625,9,11
running,2021,3,13,2021-03-13T19:22:21Z,1000,7.66135389888603,318.133,169,150.484375,40,5
running,2021,3,13,2021-03-13T19:26:45Z,1000,7.07341772151899,263.744,169,152.5625,18,34
running,2021,3,13,2021-03-13T19:31:16Z,1000,7.27683125339121,271.279,174,151.8125,28,43
running,2021,3,13,2021-03-13T19:35:44Z,1000,7.17752207653198,267.569,175,154.4375,44,25
running,2021,3,13,2021-03-13T19:40:36Z,1000,6.77162332744257,292.776,167,155.359375,30,33
running,2021,3,13,2021-03-13T19:46:28Z,1000,9.04329062710721,351.271,167,126.984375,27,52
running,2021,3,13,2021-03-13T19:47:08Z,96.41,9.00685023505709,32.372,176,150.875,0,5
running,2021,3,14,2021-03-14T17:38:52Z,1000,7.25125709651257,270.327,134,151.875,5,0
running,2021,3,14,2021-03-14T17:43:21Z,1000,7.20064429530201,268.439,150,152.640625,2,0
running,2021,3,14,2021-03-14T17:47:53Z,1000,7.29861224489796,272.116,154,151.546875,4,4
running,2021,3,14,2021-03-14T17:52:27Z,1000,7.34658997534922,273.861,153,151.359375,0,2
running,2021,3,14,2021-03-14T17:57:02Z,1000,7.38909090909091,275.488,173,148.96875,14,7
running,2021,3,14,2021-03-14T17:59:57Z,643.65,7.29067681435173,174.955,175,151.21875,0,4
running,2021,3,14,2021-03-14T18:01:57Z,174.54,18.4473177441541,120.067,149,73.0625,0,0
running,2021,3,14,2021-03-14T18:05:04Z,1000,5.01446999439147,186.952,163,167.359375,0,2
running,2021,3,14,2021-03-14T18:08:13Z,1000,5.06656592368719,188.906,185,165.71875,2,0
running,2021,3,14,2021-03-14T18:11:17Z,1000,4.92334801762114,183.543,190,164.671875,0,3
running,2021,3,14,2021-03-14T18:14:24Z,1000,5.01072295908836,186.795,187,164.734375,3,0
running,2021,3,14,2021-03-14T18:17:39Z,1000,5.25620223398001,195.945,185,164.6875,0,0
running,2021,3,14,2021-03-14T18:19:18Z,142.77,18.5879417879418,98.939,166,90.9375,0,2
running,2021,3,14,2021-03-14T18:20:07Z,127.68,9.13258426966292,43.474,112,142.4375,0,0
running,2021,3,14,2021-03-14T18:32:11Z,1000,7.32852459016393,273.206,143,148.859375,0,0
running,2021,3,14,2021-03-14T18:36:50Z,1000,7.48601730393525,279.12,150,152.40625,4,0
running,2021,3,14,2021-03-14T18:41:50Z,1000,7.39112703224029,299.653,157,145.453125,0,0
running,2021,3,14,2021-03-14T18:43:06Z,252.77,7.87042253521127,74.163,147,152.109375,0,0
running,2021,3,16,2021-03-16T00:45:08Z,1000,7.31054783319706,296.84,130,143.375,2,0
running,2021,3,16,2021-03-16T00:49:27Z,1000,6.94520973588814,258.924,155,151.578125,0,0
running,2021,3,16,2021-03-16T00:53:45Z,1000,6.92012383900929,257.978,164,151.5625,2,0
running,2021,3,16,2021-03-16T00:57:58Z,1000,6.77675593734209,252.642,166,151.796875,0,2
running,2021,3,16,2021-03-16T01:02:13Z,1000,6.86521627847453,255.962,167,151.265625,2,2
running,2021,3,16,2021-03-16T01:06:32Z,1000,6.94341185607041,258.863,171,152.015625,4,2
running,2021,3,16,2021-03-16T01:10:48Z,1000,6.80081135902637,255.775,170,151.53125,2,4
running,2021,3,16,2021-03-16T01:12:47Z,331.7,7.87273260933372,106.337,166,149.046875,0,0
running,2021,3,17,2021-03-17T00:09:18Z,1000,7.73202652061113,298.632,128,136.5,2,0
running,2021,3,17,2021-03-17T00:14:45Z,1000,7.78589259796807,326.396,138,136.25,0,0
running,2021,3,17,2021-03-17T00:19:23Z,1000,7.47142061281337,278.55,159,147.265625,2,0
running,2021,3,17,2021-03-17T00:23:42Z,1000,6.94341185607041,258.868,162,150.609375,0,0
running,2021,3,17,2021-03-17T00:28:20Z,1000,7.46310517529215,278.274,167,149.1875,2,7
running,2021,3,17,2021-03-17T00:32:49Z,1000,7.19484978540772,268.217,161,140.125,10,9
running,2021,3,17,2021-03-17T00:37:21Z,1000,7.2946423714985,271.962,162,148.96875,14,7
running,2021,3,17,2021-03-17T00:39:04Z,213.91,7.39112703224029,58.939,157,130.171875,10,11
running,2021,3,17,2021-03-17T01:12:43Z,1000,7.9757359500446,297.328,142,145.390625,2,0
running,2021,3,17,2021-03-17T01:18:12Z,1000,8.20006114338123,328.646,147,148.390625,0,0
running,2021,3,17,2021-03-17T01:23:17Z,1000,8.17506857665346,304.827,163,146.546875,10,9
running,2021,3,17,2021-03-17T01:28:06Z,1000,7.75886606884582,289.238,170,148.21875,0,2
running,2021,3,17,2021-03-17T01:32:48Z,1000,7.55135135135135,281.494,169,149.53125,13,10
running,2021,3,17,2021-03-17T01:37:46Z,1000,7.54073657576609,297.997,167,145.03125,21,21
running,2021,3,17,2021-03-17T01:38:37Z,153.84,7.55347789355111,43.329,165,151.578125,3,0
running,2021,3,17,2021-03-17T23:50:46Z,1609.34,7.33453650533224,492.758,133,147.0625,2,0
running,2021,3,17,2021-03-17T23:58:01Z,1609.34,7.23756071235834,434.282,156,150.390625,2,0
running,2021,3,18,2021-03-18T00:00:04Z,56.45,10.2453781512605,122.908,140,133,2,0
running,2021,3,18,2021-03-18T00:01:05Z,316.91,5.16809248554913,61.059,119,166.296875,2,3
running,2021,3,18,2021-03-18T00:02:06Z,180.45,9.06774847870182,61.004,151,151.5625,6,0
running,2021,3,18,2021-03-18T00:04:06Z,637.36,5.06560906515581,120.378,154,173.3125,5,9
running,2021,3,18,2021-03-18T00:05:09Z,199.51,8.39774577332498,62.473,161,150.3125,0,8
running,2021,3,18,2021-03-18T00:08:09Z,955.33,5.06656592368719,180.465,186,167.046875,26,17
running,2021,3,18,2021-03-18T00:11:10Z,253.8,19.145182012848,181.093,142,88.8125,0,3
running,2021,3,18,2021-03-18T00:12:11Z,310.69,5.24900195694716,60.795,129,164.375,5,2
running,2021,3,18,2021-03-18T00:13:12Z,165.58,9.96374442793462,61.505,153,149.609375,0,2
running,2021,3,18,2021-03-18T00:15:13Z,653.74,4.96068059922323,120.914,173,166.578125,11,6
running,2021,3,18,2021-03-18T00:16:16Z,167.97,9.97857142857143,62.487,172,150.328125,0,2
running,2021,3,18,2021-03-18T00:19:17Z,928.26,5.22446435527854,180.809,175,165.59375,14,4
running,2021,3,18,2021-03-18T00:22:45Z,294.11,18.9960339943343,208.366,139,99.828125,0,6
running,2021,3,18,2021-03-18T00:30:35Z,1609.34,7.83593339176161,470.121,158,149.5,31,37
running,2021,3,18,2021-03-18T00:38:01Z,1609.34,7.43620737454949,446.134,168,150.921875,45,53
running,2021,3,18,2021-03-18T00:39:02Z,196.82,7.92624113475177,58.16,169,151.1875,9,16
running,2021,3,19,2021-03-19T00:00:58Z,1609.34,8.30672034685661,512.954,129,142.6875,4,0
running,2021,3,19,2021-03-19T00:10:16Z,1609.34,8.26576271186441,558.568,146,143.109375,2,2
running,2021,3,19,2021-03-19T00:19:51Z,1609.34,8.56945686900959,574.753,157,145.546875,23,34
running,2021,3,19,2021-03-19T00:28:57Z,1609.34,8.36892355694228,545.441,148,136.203125,14,19
running,2021,3,19,2021-03-19T00:37:43Z,1609.34,7.9852337005061,526.832,151,144.1875,21,11
running,2021,3,19,2021-03-19T00:42:03Z,785.43,8.34548848786559,244.35,168,146.78125,13,15
running,2021,3,19,2021-03-19T00:50:15Z,1609.34,7.75437987857762,476.44,166,144.84375,7,7
running,2021,3,19,2021-03-19T00:53:06Z,367.99,8.20006114338123,112.504,171,147.5,0,5
running,2021,3,19,2021-03-19T01:06:29Z,1213.62,8.180054894785,391.302,157,144.734375,41,49
running,2021,3,19,2021-03-19T23:29:59Z,1609.34,6.90231600617602,414.151,134,150.578125,4,0
running,2021,3,19,2021-03-19T23:36:40Z,441.85,6.44149855907781,106.102,144,150.984375,0,0
running,2021,3,19,2021-03-19T23:42:08Z,324.21,7.32452211906062,88.525,124,145.40625,0,0
running,2021,3,19,2021-03-19T23:47:16Z,1609.34,5.1236676217765,307.421,158,170.21875,3,2
running,2021,3,19,2021-03-19T23:51:02Z,293.03,20.7443155452436,226.576,122,108,0,0
running,2021,3,19,2021-03-19T23:53:32Z,802.35,5.01259577649038,149.951,147,164.1875,0,0
running,2021,3,19,2021-03-19T23:55:32Z,158.57,20.3354056103108,120.252,136,101.578125,2,0
running,2021,3,19,2021-03-19T23:58:02Z,797.91,5.03612467142321,149.823,146,164.828125,0,2
running,2021,3,19,2021-03-19T23:59:23Z,102.42,21.220253164557,81,145,97.875,0,0
running,2021,3,20,2021-03-20T00:00:36Z,403.75,4.83025391680173,72.709,139,155.59375,2,6
running,2021,3,20,2021-03-20T00:01:53Z,96.41,21.3724302788845,76.806,152,86.8125,0,2
running,2021,3,20,2021-03-20T00:03:11Z,396.09,5.32190476190476,78.582,157,157.8125,11,0
running,2021,3,20,2021-03-20T00:04:40Z,129.33,18.421978021978,88.822,164,101.5,0,6
running,2021,3,20,2021-03-20T00:05:52Z,399.88,4.82504047490556,71.935,152,148.265625,8,4
running,2021,3,20,2021-03-20T00:07:14Z,114.42,19.1042735042735,81.515,156,107.75,0,5
running,2021,3,20,2021-03-20T00:08:30Z,398.05,5.13249138920781,76.173,158,170.171875,6,4
running,2021,3,20,2021-03-20T00:17:09Z,1609.34,8.25304615384615,519.093,158,140.015625,2,13
running,2021,3,20,2021-03-20T00:25:20Z,1609.34,7.58766619519095,491.591,161,145.359375,21,21
running,2021,3,20,2021-03-20T00:28:09Z,115.81,7.57909013845719,32.722,161,150.21875,0,15
running,2021,3,20,2021-03-20T17:29:19Z,1609.34,8.50964467005076,510.61,147,142.59375,56,17
running,2021,3,20,2021-03-20T17:36:52Z,1609.34,7.54285714285714,452.573,168,149.21875,0,0
running,2021,3,20,2021-03-20T17:45:22Z,1609.34,7.87042253521127,510.192,170,145.203125,22,25
running,2021,3,20,2021-03-20T17:55:09Z,1609.34,7.63301081388731,586.706,165,147.875,22,23
running,2021,3,20,2021-03-20T18:02:04Z,1609.34,6.92012383900929,415.187,165,153.8125,26,22
running,2021,3,20,2021-03-20T18:08:48Z,1609.34,6.73422043685664,404.041,165,152.375,17,34
running,2021,3,20,2021-03-20T18:15:41Z,1609.34,6.89167523124358,413.494,167,151.78125,22,17
running,2021,3,20,2021-03-20T18:22:59Z,1609.34,7.2946423714985,437.684,161,152.921875,33,39
running,2021,3,20,2021-03-20T18:23:10Z,26.16,8.9408,8.717,154,150.671875,0,0
running,2021,3,21,2021-03-21T16:50:20Z,1609.34,7.17176470588235,430.289,132,151.671875,7,0
running,2021,3,21,2021-03-21T16:57:10Z,1609.34,6.83547400611621,410.146,149,151.6875,2,0
running,2021,3,21,2021-03-21T17:04:37Z,1609.34,7.43620737454949,446.188,159,140.265625,0,0
running,2021,3,21,2021-03-21T17:11:42Z,1609.34,7.0827567995775,424.952,161,149.03125,2,0
running,2021,3,21,2021-03-21T17:18:39Z,1609.34,6.96504803947027,417.954,171,152.296875,8,7
running,2021,3,21,2021-03-21T17:25:18Z,1609.34,6.64908279623203,398.993,171,152.8125,0,2
running,2021,3,21,2021-03-21T17:31:51Z,1609.34,6.53567251461988,392.171,169,153.46875,2,7
running,2021,3,21,2021-03-21T17:38:38Z,1609.34,6.79736441966548,407.825,162,153.171875,13,10
running,2021,3,21,2021-03-21T17:45:14Z,1609.34,6.58865143699337,395.359,167,154.125,2,9
running,2021,3,21,2021-03-21T17:51:47Z,1609.34,6.5484375,392.912,166,153.734375,26,26
running,2021,3,21,2021-03-21T17:58:17Z,1609.34,6.51029126213592,390.611,164,153.890625,9,14
running,2021,3,21,2021-03-21T18:05:19Z,1609.34,7.03077326343381,421.896,164,153.5625,7,3
running,2021,3,21,2021-03-21T18:07:01Z,399.3,6.69221556886228,99.626,164,151.703125,0,0
running,2021,3,23,2021-03-23T00:12:05Z,1609.34,7.48601730393525,458.678,150,147.84375,7,15
running,2021,3,23,2021-03-23T00:19:27Z,1609.34,7.36272303046939,441.768,168,150.40625,2,0
running,2021,3,23,2021-03-23T00:26:47Z,1609.34,7.33453650533224,440.016,175,150.09375,2,2
running,2021,3,23,2021-03-23T00:34:24Z,1609.34,7.49019826864004,456.577,157,147.4375,4,3
running,2021,3,23,2021-03-23T00:34:48Z,21.9,8.21261481935089,6.707,139,147.171875,0,0
running,2021,3,24,2021-03-24T00:04:45Z,1609.34,7.86119577960141,471.625,129,145.15625,2,0
running,2021,3,24,2021-03-24T00:12:32Z,1609.34,7.78137510879025,466.918,142,145.046875,9,5
running,2021,3,24,2021-03-24T00:22:51Z,1609.34,8.35588785046729,619.767,139,140.328125,10,12
running,2021,3,24,2021-03-24T00:30:40Z,1609.34,7.81083284799068,468.624,130,146.6875,2,2
running,2021,3,24,2021-03-24T00:37:27Z,1333.05,7.79947659203257,387.583,147,149.078125,0,2
running,2021,3,24,2021-03-24T01:20:27Z,1609.34,9.19520054850874,621.692,129,124.21875,4,0
running,2021,3,24,2021-03-24T01:28:54Z,1609.34,8.45865657521287,507.491,156,149.59375,9,8
running,2021,3,24,2021-03-24T01:36:58Z,1609.34,8.06446181599519,483.913,152,151.75,2,2
running,2021,3,24,2021-03-24T01:41:02Z,778.23,7.71645569620253,239.361,148,145.296875,0,0
running,2021,3,24,2021-03-24T23:49:05Z,1609.34,7.29067681435173,452.999,119,145.90625,2,0
running,2021,3,24,2021-03-24T23:56:22Z,1609.34,7.28078175895765,436.885,148,150.28125,13,10
running,2021,3,25,2021-03-25T00:01:59Z,1609.34,5.6255033557047,337.498,168,161.109375,0,2
running,2021,3,25,2021-03-25T00:07:31Z,1609.34,5.52925170068027,331.723,180,161.140625,0,5
running,2021,3,25,2021-03-25T00:13:02Z,1609.34,5.52014817863758,331.238,184,161.96875,2,0
running,2021,3,25,2021-03-25T00:16:28Z,973.33,5.67549724925942,205.942,186,162.046875,0,2
running,2021,3,25,2021-03-25T00:21:54Z,684.38,8.7913470993117,277.17,150,147.328125,0,7
running,2021,3,25,2021-03-25T00:56:45Z,1609.34,8.77122302158273,547.25,136,148.671875,2,0
running,2021,3,25,2021-03-25T01:05:46Z,1609.34,8.8992700729927,540.35,133,146.03125,2,0
running,2021,3,25,2021-03-25T01:06:41Z,164.62,7.81766248907024,47.982,134,149.671875,0,0
running,2021,3,26,2021-03-26T00:39:46Z,1609.34,8.2990099009901,497.918,138,142.65625,2,0
running,2021,3,26,2021-03-26T00:47:40Z,1609.34,7.89590815425375,473.705,141,147.9375,2,0
running,2021,3,26,2021-03-26T00:59:03Z,1609.34,8.12061762034514,683.205,134,146.734375,9,9
running,2021,3,26,2021-03-26T01:07:01Z,1609.34,7.96626076626077,477.904,143,149.0625,0,0
running,2021,3,26,2021-03-26T01:14:45Z,1609.34,7.72979827089337,463.747,144,148.453125,0,0
running,2021,3,26,2021-03-26T01:22:30Z,1609.34,7.54710185706247,465.096,151,147.234375,9,8
running,2021,3,26,2021-03-26T01:30:16Z,1609.34,7.76335745296671,465.817,152,151.03125,24,27
running,2021,3,26,2021-03-26T01:36:25Z,1290.81,7.61135073779796,366.296,153,146.859375,15,10
running,2021,3,26,2021-03-26T22:15:24Z,1609.34,7.13741351782863,428.289,141,150.03125,0,2
running,2021,3,26,2021-03-26T22:22:21Z,1609.34,6.95060896605338,417.028,161,150.296875,4,0
running,2021,3,26,2021-03-26T22:29:58Z,1609.34,7.31852660300136,456.509,152,147.703125,14,22
running,2021,3,26,2021-03-26T22:37:04Z,1609.34,7.10715421303657,426.441,157,150.65625,22,21
running,2021,3,26,2021-03-26T22:44:04Z,1609.34,6.99046129788898,419.376,159,150.6875,19,10
running,2021,3,26,2021-03-26T22:45:03Z,22.29,7.85659050966608,6.53,158,148.671875,0,0
running,2021,3,27,2021-03-27T17:50:59Z,1609.34,8.23530856616518,519.103,138,143.65625,2,0
running,2021,3,27,2021-03-27T17:58:41Z,1609.34,7.69873708381171,461.954,153,148.359375,2,0
running,2021,3,27,2021-03-27T18:07:46Z,1609.34,8.42412060301508,544.178,145,148.390625,6,8
running,2021,3,27,2021-03-27T18:15:32Z,1609.34,7.75886606884582,465.569,153,151.59375,8,13
running,2021,3,27,2021-03-27T18:23:17Z,1609.34,7.76111111111111,465.684,156,150.71875,19,11
running,2021,3,27,2021-03-27T18:31:32Z,1609.34,8.25304615384615,495.134,152,147.1875,9,7
running,2021,3,27,2021-03-27T18:31:40Z,12.42,10.5683215130024,4.894,148,151.203125,0,0
running,2021,3,28,2021-03-28T18:12:02Z,1609.34,7.33453650533224,440.027,132,150.796875,3,2
running,2021,3,28,2021-03-28T18:18:53Z,1609.34,6.84419494769074,410.614,156,152.28125,7,0
running,2021,3,28,2021-03-28T18:25:44Z,1609.34,6.8511877394636,411.108,166,151.015625,33,35
running,2021,3,28,2021-03-28T18:32:29Z,1609.34,6.55644096797849,405.29,166,149.5625,2,9
running,2021,3,28,2021-03-28T18:38:42Z,1609.34,6.20458015267175,372.274,174,155.421875,25,34
running,2021,3,28,2021-03-28T18:44:40Z,1609.34,5.96318363717208,357.799,180,156.5625,34,35
running,2021,3,28,2021-03-28T18:55:00Z,1609.34,6.38172733761599,620.717,171,152.71875,15,2
running,2021,3,28,2021-03-28T19:02:27Z,1609.34,6.61954590325765,446.624,172,155.046875,9,18
running,2021,3,28,2021-03-28T19:06:36Z,505.01,6.60487564639251,124.37,177,154.265625,4,3
running,2021,3,30,2021-03-30T00:39:11Z,1609.34,7.94267100977199,512.836,131,142.75,5,5
running,2021,3,30,2021-03-30T00:46:59Z,1609.34,7.74095238095238,468.732,146,146.125,0,0
running,2021,3,30,2021-03-30T00:54:16Z,1609.34,7.26894308943089,436.136,149,147.4375,8,2
running,2021,3,30,2021-03-30T01:01:37Z,1609.34,7.34256775253216,440.524,149,148.1875,3,8
running,2021,3,30,2021-03-30T01:08:42Z,1609.34,7.0827567995775,424.918,157,148.421875,20,7
running,2021,3,30,2021-03-30T01:16:20Z,1609.34,7.39724214009928,457.768,154,144.359375,15,25
running,2021,3,30,2021-03-30T01:16:45Z,25.3,9.00685023505709,8.494,135,151.125,0,0
running,2021,3,30,2021-03-30T01:43:13Z,1609.34,7.6460661345496,458.714,142,144.4375,4,0
running,2021,3,30,2021-03-30T01:51:05Z,1609.34,7.66573306659045,470.734,156,147.015625,15,19
running,2021,3,30,2021-03-30T01:59:16Z,1609.34,7.93327417923691,491.657,153,145.546875,25,20
running,2021,3,30,2021-03-30T01:59:29Z,10.75,10.376170212766,4.158,149,147.5,0,2
running,2021,3,31,2021-03-31T00:07:37Z,1609.34,7.31054783319706,477.555,124,148.890625,2,0
running,2021,3,31,2021-03-31T00:14:39Z,1609.34,7.0197330541743,421.144,141,150.71875,7,4
running,2021,3,31,2021-03-31T00:22:01Z,1353.22,7.4818410041841,442.716,147,145.453125,9,14
running,2021,3,31,2021-03-31T00:27:28Z,1609.34,5.4505994716521,327.036,162,163.46875,4,2
running,2021,3,31,2021-03-31T00:30:27Z,741.18,6.45545126353791,178.382,176,154.34375,0,2
running,2021,3,31,2021-03-31T00:35:45Z,1609.34,5.313470681458,318.807,186,162.21875,5,5
running,2021,3,31,2021-03-31T00:38:40Z,738.47,6.35300805305542,174.893,184,152.34375,0,2
running,2021,3,31,2021-03-31T00:44:03Z,1609.34,5.38278145695364,322.961,191,162.625,5,7
running,2021,3,31,2021-03-31T00:44:40Z,60.73,16.2363196125908,36.762,190,104.078125,0,0
running,2021,3,31,2021-03-31T00:45:39Z,229.56,6.8511877394636,58.632,175,145.046875,0,0
running,2021,3,31,2021-03-31T00:46:01Z,9.96,10.8945572705118,4.045,178,155,0,0
running,2021,3,31,2021-03-31T00:58:13Z,1609.34,7.76785403996525,485.734,161,148.375,15,8
running,2021,3,31,2021-03-31T01:06:20Z,1609.34,7.76335745296671,487.04,160,149.734375,32,36
running,2021,3,31,2021-03-31T01:13:26Z,1256,7.50696893366919,417.118,157,144.75,25,12
running,2021,4,1,2021-04-01T00:05:39Z,1609.34,8.21010101010101,512.533,138,142.046875,0,0
running,2021,4,1,2021-04-01T00:13:20Z,1609.34,7.68550143266476,461.092,146,146.84375,4,2
running,2021,4,1,2021-04-01T00:22:08Z,1609.34,8.20256880733945,527.164,142,143.59375,7,10
running,2021,4,1,2021-04-01T00:29:36Z,1609.34,7.46518229891456,447.91,150,146.703125,0,2
running,2021,4,1,2021-04-01T00:31:54Z,399.01,7.77911832946636,123.057,147,143.40625,0,3
running,2021,4,1,2021-04-01T01:05:13Z,1609.34,8.12307692307692,487.335,133,148.1875,2,0
running,2021,4,1,2021-04-01T01:13:39Z,1609.34,8.14280510018215,506.218,144,143.34375,18,12
running,2021,4,1,2021-04-01T01:15:36Z,354.97,8.36631316281971,114.822,140,140.03125,3,2
running,2021,4,1,2021-04-01T23:37:43Z,1609.34,7.95916913946588,496.469,131,141.0625,2,0
running,2021,4,1,2021-04-01T23:45:15Z,1609.34,7.53226621735468,451.883,149,149.03125,2,2
running,2021,4,1,2021-04-01T23:52:41Z,1609.34,7.43414634146341,446.08,152,148.53125,4,2
running,2021,4,1,2021-04-01T23:53:09Z,40.07,6.96685714285714,10.408,154,150.40625,0,0
running,2021,4,2,2021-04-02T00:01:22Z,1609.34,7.98999106344951,479.46,148,145.28125,32,30
running,2021,4,2,2021-04-02T00:10:18Z,1609.34,7.56412859560068,535.537,148,147.203125,13,7
running,2021,4,2,2021-04-02T00:18:56Z,1609.34,7.62433200682206,518.739,149,148.6875,24,21
running,2021,4,2,2021-04-02T00:26:07Z,1609.34,7.18521296544334,431.072,155,150.375,12,6
running,2021,4,2,2021-04-02T00:31:08Z,1029.93,7.30258644160087,296.284,154,147.34375,4,13
running,2021,4,2,2021-04-02T01:10:57Z,1609.34,8.50964467005076,522.329,142,149.71875,7,13
running,2021,4,2,2021-04-02T01:13:28Z,288.71,9.525,129.294,145,142.84375,2,0
running,2021,4,3,2021-04-03T18:43:04Z,1609.34,7.16218958611482,435.885,130,147.59375,2,2
running,2021,4,3,2021-04-03T18:49:00Z,1609.34,5.94468085106383,356.677,168,157.265625,4,0
running,2021,4,3,2021-04-03T18:54:53Z,1609.34,5.88081561061171,352.825,177,157.75,2,4
running,2021,4,3,2021-04-03T19:00:56Z,1609.34,6.04244199143951,362.563,178,155.671875,10,11
running,2021,4,3,2021-04-03T19:06:39Z,1609.34,5.71784267746749,343.06,183,158.375,0,3
running,2021,4,3,2021-04-03T19:09:18Z,266.91,6.77675593734209,67.428,177,150.875,0,0
running,2021,4,3,2021-04-03T19:47:31Z,1609.34,7.43620737454949,446.177,142,148.515625,0,0
running,2021,4,3,2021-04-03T19:50:10Z,575.32,7.38705590746351,158.445,159,151.578125,2,0
running,2021,4,3,2021-04-03T19:59:22Z,1332.44,8.23783783783784,549.582,143,143.21875,3,3
running,2021,4,4,2021-04-04T17:15:39Z,1609.34,7.59411098527746,471.18,140,145.9375,4,0
running,2021,4,4,2021-04-04T17:22:32Z,1609.34,6.88636713735558,413.186,154,149.625,2,0
running,2021,4,4,2021-04-04T17:29:38Z,1609.34,7.10527152317881,426.275,155,150.75,9,14
running,2021,4,4,2021-04-04T17:38:17Z,1609.34,7.2532179556517,518.124,137,146.875,25,28
running,2021,4,4,2021-04-04T17:45:20Z,1609.34,7.04925098554533,422.975,143,151.125,17,15
running,2021,4,4,2021-04-04T17:52:18Z,1609.34,6.98318146316063,418.943,158,150.875,13,5
running,2021,4,4,2021-04-04T17:59:19Z,1609.34,7.01789638932496,421.023,157,151.109375,29,31
running,2021,4,4,2021-04-04T18:08:21Z,1609.34,7.07155286053256,541.551,144,150.40625,13,24
running,2021,4,4,2021-04-04T18:15:23Z,1609.34,7.03077326343381,421.792,153,150.765625,9,4
running,2021,4,4,2021-04-04T18:22:25Z,1609.34,7.03630640083945,422.149,155,150.890625,21,10
running,2021,4,4,2021-04-04T18:29:36Z,1609.34,7.18713826366559,431.181,149,150.921875,23,40
running,2021,4,4,2021-04-04T18:38:37Z,1609.34,7.09962943356273,540.528,152,148.890625,20,18
running,2021,4,4,2021-04-04T18:45:38Z,1609.34,7.02708933717579,421.652,151,151.109375,10,4
running,2021,4,4,2021-04-04T18:54:39Z,1609.34,7.01239215686274,540.201,150,148.921875,14,11
running,2021,4,4,2021-04-04T19:01:39Z,1609.34,7.00689655172414,420.386,157,151.53125,28,16
running,2021,4,4,2021-04-04T19:08:45Z,1609.34,7.09587301587302,425.758,157,150.90625,8,25
running,2021,4,4,2021-04-04T19:16:33Z,1609.34,7.06596417281349,468.706,155,149.90625,7,4
running,2021,4,4,2021-04-04T19:23:38Z,1609.34,7.08462757527734,425.09,165,151.5,18,13
running,2021,4,4,2021-04-04T19:26:24Z,209.52,7.28473655621945,108.529,146,146.234375,0,0
running,2021,4,4,2021-04-04T19:41:56Z,1609.34,8.53401209035953,511.972,155,148.484375,49,19
running,2021,4,4,2021-04-04T19:42:07Z,10.3,8.89042094796155,3.414,173,156,0,0
running,2021,4,6,2021-04-06T00:17:41Z,1609.34,7.79267867518884,470.997,124,146.5,6,0
running,2021,4,6,2021-04-06T00:25:09Z,1609.34,7.45688073394495,447.43,145,149.59375,2,2
running,2021,4,6,2021-04-06T00:32:50Z,1609.34,7.46102920723227,461.258,140,147.609375,9,12
running,2021,4,6,2021-04-06T00:40:03Z,1609.34,7.21420118343195,432.845,142,149.625,0,0
running,2021,4,6,2021-04-06T00:40:57Z,13.45,6.34249231496808,3.18,142,150,0,0
running,2021,4,6,2021-04-06T21:10:19Z,1609.34,7.63953289661065,480.833,131,146.96875,0,0
running,2021,4,6,2021-04-06T21:19:23Z,1609.34,7.64824636441403,543.61,149,147.828125,2,2
running,2021,4,6,2021-04-06T21:26:39Z,1609.34,7.270913526701,436.309,151,149.671875,5,3
running,2021,4,6,2021-04-06T21:34:53Z,1609.34,7.16027762947144,494.073,147,147.734375,24,7
running,2021,4,6,2021-04-06T21:42:29Z,1609.34,6.89167523124358,455.539,151,148.1875,18,20
running,2021,4,6,2021-04-06T21:50:05Z,1609.34,7.13551476456504,456.943,152,149.09375,19,20
running,2021,4,6,2021-04-06T21:50:49Z,152.66,7.01422594142259,39.919,161,152.453125,0,0
running,2021,4,8,2021-04-08T01:35:42Z,1609.34,7.97336504161712,495.151,125,145.515625,4,0
running,2021,4,8,2021-04-08T01:43:49Z,1609.34,7.74989887315805,487.227,135,147.640625,2,0
running,2021,4,8,2021-04-08T01:51:37Z,1609.34,7.74542304360381,467.352,137,148.3125,2,2
running,2021,4,8,2021-04-08T01:59:54Z,1609.34,7.8199416909621,497.197,140,147.8125,6,4
running,2021,4,8,2021-04-08T02:01:59Z,4.1,13.9120331950207,2.127,151,142,0,0
running,2021,4,9,2021-04-09T00:26:25Z,1609.34,7.42797009138743,445.698,149,150.171875,2,7
running,2021,4,9,2021-04-09T00:29:03Z,606.5,6.99410691003911,158.151,170,149.5,0,0
running,2021,4,9,2021-04-09T00:34:25Z,1609.34,5.35377245508982,321.202,181,166.75,2,2
running,2021,4,9,2021-04-09T00:36:31Z,368.21,9.2459152016546,126.934,165,133.59375,0,0
running,2021,4,9,2021-04-09T00:41:52Z,1609.34,5.34523714627342,320.709,182,165.1875,2,2
running,2021,4,9,2021-04-09T00:43:00Z,111.28,16.2363196125908,67.373,168,113.578125,0,0
running,2021,4,9,2021-04-09T00:50:41Z,1609.34,7.68770421324162,461.212,153,146.828125,7,11
running,2021,4,9,2021-04-09T00:54:42Z,692.98,7.69432013769363,233.706,153,141.1875,0,6
running,2021,4,10,2021-04-10T00:53:25Z,1609.34,7.78589259796807,471.963,138,146.265625,0,0
running,2021,4,10,2021-04-10T01:00:57Z,1609.34,7.52803817008139,451.619,154,149.609375,9,5
running,2021,4,10,2021-04-10T01:08:17Z,1609.34,7.33854993160055,440.278,157,149.78125,0,2
running,2021,4,10,2021-04-10T01:16:42Z,1609.34,7.55560563380282,505.385,151,148.234375,19,17
running,2021,4,10,2021-04-10T01:17:03Z,60.13,7.41769911504425,16.631,157,149.703125,0,0
running,2021,4,10,2021-04-10T17:13:55Z,1609.34,6.91655492521918,428.556,140,150.734375,2,0
running,2021,4,10,2021-04-10T17:20:42Z,1609.34,6.78018200202225,406.794,158,151.875,2,15
running,2021,4,10,2021-04-10T17:27:51Z,1609.34,7.14121405750799,428.517,162,151.5,15,10
running,2021,4,10,2021-04-10T17:35:01Z,1609.34,7.17944325481799,430.713,155,150.6875,14,13
running,2021,4,10,2021-04-10T17:42:07Z,1609.34,7.09775072770574,425.833,164,151.5,17,13
running,2021,4,10,2021-04-10T17:48:59Z,1609.34,6.85644171779141,411.377,167,151.71875,21,14
running,2021,4,10,2021-04-10T17:56:19Z,1609.34,7.17176470588235,439.925,167,149.375,20,17
running,2021,4,10,2021-04-10T18:02:21Z,1243.33,7.17176470588235,334.837,168,151.328125,11,10
running,2021,4,11,2021-04-11T18:37:43Z,1609.34,7.69873708381171,482.935,131,147.46875,2,2
running,2021,4,11,2021-04-11T18:45:23Z,1609.34,7.50907054871221,460.051,149,149.515625,4,0
running,2021,4,11,2021-04-11T18:53:01Z,1609.34,7.63083926031294,457.896,150,150.203125,17,13
running,2021,4,11,2021-04-11T19:00:31Z,1609.34,7.50907054871221,450.543,153,149.84375,29,27
running,2021,4,11,2021-04-11T19:07:50Z,1609.34,7.31254089422028,438.715,151,150.046875,19,23
running,2021,4,11,2021-04-11T19:16:43Z,1609.34,7.16793158738642,533.397,150,148.515625,25,15
running,2021,4,11,2021-04-11T19:23:54Z,1609.34,7.17944325481799,430.814,156,150.734375,31,36
running,2021,4,11,2021-04-11T19:31:00Z,1609.34,7.08837209302326,425.266,161,150.515625,55,46
running,2021,4,11,2021-04-11T19:37:54Z,1609.34,6.90054026241317,414.069,166,151,30,29
running,2021,4,11,2021-04-11T19:45:01Z,1609.34,7.12036102999735,427.271,168,150.875,21,18
running,2021,4,11,2021-04-11T19:54:58Z,1609.34,6.88636713735558,597.576,166,150.96875,15,16
running,2021,4,11,2021-04-11T20:02:16Z,1609.34,7.2946423714985,437.634,172,150.90625,21,30
running,2021,4,11,2021-04-11T20:05:55Z,268.83,7.78815331010453,143.081,151,142.296875,5,0
running,2021,4,12,2021-04-12T23:56:10Z,1609.34,7.88430335097002,518.365,129,142.40625,2,0
running,2021,4,13,2021-04-13T00:03:56Z,1609.34,7.75437987857762,465.261,142,149.1875,2,2
running,2021,4,13,2021-04-13T00:11:47Z,1609.34,7.86350043975374,471.821,148,150.21875,7,2
running,2021,4,13,2021-04-13T00:20:07Z,1609.34,7.824504084014,500.123,149,144.640625,18,23
running,2021,4,13,2021-04-13T00:27:38Z,1609.34,7.51327731092437,450.852,154,151.015625,14,14
running,2021,4,13,2021-04-13T00:29:58Z,39.22,11.6366160520607,17.017,147,150.703125,0,0
running,2021,4,13,2021-04-13T01:06:45Z,1609.34,8.35068493150685,523.306,136,144,2,0
running,2021,4,13,2021-04-13T01:16:41Z,1609.34,8.34289269051322,595.499,144,143.78125,9,16
running,2021,4,13,2021-04-13T01:24:49Z,1609.34,8.128,487.698,142,151.15625,23,25
running,2021,4,13,2021-04-13T01:32:48Z,1609.34,7.99237187127533,479.597,150,150.40625,27,22
running,2021,4,13,2021-04-13T01:34:44Z,40.16,8.22520699172033,12.314,154,150.578125,0,3
running,2021,4,14,2021-04-14T00:02:47Z,1609.34,8.16262933657943,615.455,130,137.5,2,2
running,2021,4,14,2021-04-14T00:10:35Z,1609.34,7.79720930232558,467.899,158,148.84375,5,4
running,2021,4,14,2021-04-14T00:18:37Z,1609.34,8.04752475247525,482.907,146,150.671875,7,2
running,2021,4,14,2021-04-14T00:27:17Z,1609.34,8.16760048721072,519.839,141,147.796875,6,12
running,2021,4,14,2021-04-14T00:35:15Z,1609.34,7.81083284799068,477.384,145,148.875,6,5
running,2021,4,14,2021-04-14T00:42:51Z,1609.34,7.6091914893617,456.576,150,150.84375,0,2
running,2021,4,14,2021-04-14T00:43:46Z,13.33,7.71645569620253,3.835,145,150,0,0
running,2021,4,14,2021-04-14T01:00:44Z,1609.34,8.170088333841,490.18,144,148.5625,2,2
running,2021,4,14,2021-04-14T01:09:25Z,1609.34,8.1378640776699,521.248,161,146.78125,14,14
running,2021,4,14,2021-04-14T01:15:36Z,1207.13,7.75886606884582,349.15,168,150.578125,23,17
running,2021,4,15,2021-04-15T00:11:13Z,1609.34,7.53861720067454,467.824,136,148.1875,2,0
running,2021,4,15,2021-04-15T00:18:27Z,1609.34,7.23170665947695,433.897,160,149.546875,2,2
running,2021,4,15,2021-04-15T00:28:10Z,1597.62,7.62866894197952,583.218,158,146.0625,8,8
running,2021,4,15,2021-04-15T00:33:26Z,1609.34,5.27169811320755,316.323,156,166.78125,14,9
running,2021,4,15,2021-04-15T00:36:26Z,215.99,22.3893155258765,180.295,132,83.453125,0,2
running,2021,4,15,2021-04-15T00:41:30Z,1609.34,5.06083018867925,303.647,160,163.421875,8,16
running,2021,4,15,2021-04-15T00:44:32Z,267.17,18.2217391304348,181.458,132,108.328125,0,2
running,2021,4,15,2021-04-15T00:49:45Z,1609.34,5.22446435527854,313.49,178,167.15625,18,12
running,2021,4,15,2021-04-15T00:52:22Z,221.8,19.0229787234043,157.324,138,100.484375,4,6
running,2021,4,15,2021-04-15T01:00:03Z,1609.34,7.54285714285714,460.538,153,148.953125,7,7
running,2021,4,15,2021-04-15T01:08:54Z,1609.34,7.55560563380282,530.6,152,147.953125,40,28
running,2021,4,15,2021-04-15T01:09:05Z,17.46,6.36204933586338,4.142,152,150,0,0
running,2021,4,16,2021-04-16T00:18:30Z,1609.34,7.94031971580817,476.377,130,143.765625,2,2
running,2021,4,16,2021-04-16T00:26:13Z,1609.34,7.7120184013801,462.756,145,149.265625,4,0
running,2021,4,16,2021-04-16T00:34:11Z,1609.34,7.88894117647059,478.417,147,146.28125,10,10
running,2021,4,16,2021-04-16T00:42:36Z,1609.34,7.73202652061113,504.477,144,145.96875,31,30
running,2021,4,16,2021-04-16T00:44:46Z,333.27,7.09962943356273,88.219,146,142.828125,0,3
running,2021,4,16,2021-04-16T01:14:37Z,1609.34,7.98285714285714,480.28,132,145.671875,2,0
running,2021,4,16,2021-04-16T01:23:27Z,1609.34,8.00429722470904,529.826,141,146.25,0,0
running,2021,4,16,2021-04-16T01:28:09Z,873.57,7.91221238938053,279.815,138,140,14,16
running,2021,4,17,2021-04-17T00:22:42Z,1609.34,7.55347789355111,488.907,123,144.109375,4,2
running,2021,4,17,2021-04-17T00:29:47Z,1609.34,7.08462757527734,425.124,143,149.5625,5,0
running,2021,4,17,2021-04-17T00:35:48Z,1609.34,6.01533976227854,360.922,168,156.46875,6,3
running,2021,4,17,2021-04-17T00:41:41Z,1609.34,5.87823800131493,352.667,179,157.375,3,2
running,2021,4,17,2021-04-17T00:47:42Z,1609.34,6.01668909825034,361.022,183,156.703125,13,12
running,2021,4,17,2021-04-17T00:53:33Z,1609.34,5.85897771952818,351.534,185,156.5,23,18
running,2021,4,17,2021-04-17T00:54:47Z,322.79,6.0987721691678,73.394,187,156.515625,5,11
running,2021,4,17,2021-04-17T01:02:11Z,1609.34,7.40132450331126,444.087,174,149.859375,41,54
running,2021,4,17,2021-04-17T01:03:58Z,342.74,6.85468949654996,87.597,175,151.03125,15,2
running,2021,4,17,2021-04-17T16:15:35Z,1609.34,8.29387755102041,540.637,142,146.65625,2,0
running,2021,4,17,2021-04-17T16:23:44Z,1609.34,8.16262933657943,489.728,145,149.203125,2,0
running,2021,4,17,2021-04-17T16:34:17Z,1609.34,8.67758007117438,632.477,144,147.796875,27,26
running,2021,4,17,2021-04-17T16:42:44Z,1609.34,8.26067138897444,507.018,137,146.40625,22,29
running,2021,4,17,2021-04-17T16:44:59Z,43.81,7.05852631578947,11.53,131,152.453125,0,0
running,2021,4,17,2021-04-17T18:04:29Z,1609.34,8.12307692307692,487.323,131,147.0625,4,0
running,2021,4,17,2021-04-17T18:12:41Z,1609.34,8.18504729935917,491.121,140,146.796875,2,0
running,2021,4,17,2021-04-17T18:16:24Z,747.86,7.80855895196507,217.717,145,146.625,5,4
running,2021,4,18,2021-04-18T13:11:46Z,1609.34,7.88198648251543,472.849,134,149.015625,6,0
running,2021,4,18,2021-04-18T13:19:04Z,1609.34,7.30457516339869,438.242,164,150.296875,2,0
running,2021,4,18,2021-04-18T13:26:13Z,1609.34,7.14882729211087,428.97,168,150.6875,2,2
running,2021,4,18,2021-04-18T13:33:54Z,1609.34,7.68770421324162,461.266,168,150.625,9,9
running,2021,4,18,2021-04-18T13:41:08Z,1609.34,7.23560830860534,434.119,162,151.234375,5,7
running,2021,4,18,2021-04-18T13:48:22Z,1609.34,7.22975741239892,433.772,169,151.65625,9,4
running,2021,4,18,2021-04-18T13:55:22Z,1609.34,6.99958246346555,419.933,173,151.75,7,2
running,2021,4,18,2021-04-18T14:02:20Z,1609.34,6.96685714285714,418.025,170,151.734375,8,10
running,2021,4,18,2021-04-18T14:09:10Z,1609.34,6.83895971443141,410.288,173,152.953125,13,10
running,2021,4,18,2021-04-18T14:16:00Z,1609.34,6.83373248407643,410.039,161,152.796875,8,10
running,2021,4,18,2021-04-18T14:22:51Z,1609.34,6.8407039020658,410.43,164,152.625,15,18
running,2021,4,18,2021-04-18T14:30:10Z,1609.34,7.31653027823241,439.007,167,152.125,15,5
running,2021,4,18,2021-04-18T14:30:26Z,20.62,8.29387755102041,6.376,170,151.671875,0,0
running,2021,4,20,2021-04-20T13:25:20Z,1609.34,7.83593339176161,470.136,127,149.25,9,21
running,2021,4,20,2021-04-20T13:32:52Z,1609.34,7.54497890295359,452.728,148,148.9375,2,2
running,2021,4,20,2021-04-20T13:39:10Z,1044.75,8.09366324683162,378.162,149,144.8125,10,7
running,2021,4,20,2021-04-20T13:40:11Z,331.07,4.91973587674248,60.724,142,172.34375,0,2
running,2021,4,20,2021-04-20T13:41:11Z,180.17,8.96470588235294,60.225,161,151.546875,0,0
running,2021,4,20,2021-04-20T13:43:12Z,600.48,5.38818802732021,120.615,153,165.390625,2,0
running,2021,4,20,2021-04-20T13:44:12Z,205.36,7.88198648251543,60.34,166,150.828125,0,0
running,2021,4,20,2021-04-20T13:47:16Z,928.64,5.30506329113924,183.663,170,167.5,0,2
running,2021,4,20,2021-04-20T13:48:20Z,212.66,8.05235664965476,63.837,177,149.078125,0,0
running,2021,4,20,2021-04-20T13:49:20Z,303.7,5.34736842105263,60.541,168,168.140625,0,0
running,2021,4,20,2021-04-20T13:50:21Z,174.87,9.34578397212544,60.934,173,148.890625,0,0
running,2021,4,20,2021-04-20T13:52:25Z,623.62,5.30716264345073,123.387,171,164.8125,0,0
running,2021,4,20,2021-04-20T13:53:27Z,195.89,8.45865657521287,61.77,174,150.828125,0,2
running,2021,4,20,2021-04-20T13:56:28Z,914.86,5.32613185067514,181.658,168,165.125,5,2
running,2021,4,20,2021-04-20T13:57:02Z,56.99,16.0709406830437,34.14,166,116.203125,2,2
running,2021,4,20,2021-04-20T14:04:33Z,1609.34,7.51748878923767,451.017,170,148.921875,10,23
running,2021,4,20,2021-04-20T14:11:59Z,1609.34,7.31254089422028,445.341,166,149.765625,7,6
running,2021,4,20,2021-04-20T14:12:11Z,30.5,8.76835567178816,9.971,166,151.09375,0,0
running,2021,4,21,2021-04-21T23:27:22Z,1609.34,8.128,487.716,131,144.609375,2,2
running,2021,4,21,2021-04-21T23:35:19Z,1609.34,7.94502369668247,476.756,138,149.515625,5,2
running,2021,4,21,2021-04-21T23:44:18Z,1609.34,8.80577806959948,539.175,136,145.296875,8,9
running,2021,4,21,2021-04-21T23:52:16Z,1609.34,7.95444839857651,477.2,142,148.953125,10,14
running,2021,4,22,2021-04-22T00:00:03Z,1609.34,7.77460869565217,466.534,150,148.859375,50,44
running,2021,4,22,2021-04-22T00:07:54Z,1609.34,7.86119577960141,471.65,152,150.265625,34,30
running,2021,4,22,2021-04-22T00:15:42Z,1609.34,7.78815331010453,467.314,151,150.515625,29,29
running,2021,4,22,2021-04-22T00:33:21Z,868.34,8.19755501222494,323.902,140,142.5,34,32
running,2021,4,22,2021-04-22T01:04:43Z,1609.34,8.02585278276481,481.593,132,147.890625,0,0
running,2021,4,22,2021-04-22T01:12:42Z,1609.34,7.99713774597495,479.772,147,147.984375,7,0
running,2021,4,22,2021-04-22T01:14:29Z,347.71,7.85889246996777,101.887,156,149.734375,2,4
running,2021,4,23,2021-04-23T00:23:06Z,1609.34,7.2083848427842,432.449,139,149.625,2,0
running,2021,4,23,2021-04-23T00:30:04Z,1609.34,6.97047817047817,418.25,156,149.578125,5,12
running,2021,4,23,2021-04-23T00:40:22Z,1528.95,7.48601730393525,617.583,151,144.21875,24,23
running,2021,4,23,2021-04-23T00:45:33Z,1609.34,5.18307246376812,310.958,177,167.921875,26,28
running,2021,4,23,2021-04-23T00:48:32Z,236.2,20.3046177138531,178.751,137,102.34375,30,22
running,2021,4,23,2021-04-23T00:53:31Z,1609.34,4.97355831633599,298.391,181,164.34375,43,40
running,2021,4,23,2021-04-23T00:53:44Z,70.76,5.25826308566948,13.872,192,167.578125,0,3
running,2021,4,23,2021-04-23T00:56:46Z,256.21,19.0364797728886,181.874,146,101.390625,13,17
running,2021,4,23,2021-04-23T00:58:07Z,412.94,5.23057722308892,80.525,165,158.6875,10,3
running,2021,4,23,2021-04-23T00:59:08Z,80.39,20.2739229024943,60.785,175,92.21875,4,0
running,2021,4,23,2021-04-23T01:00:26Z,409.95,5.09544072948328,77.884,163,177.625,29,10
running,2021,4,23,2021-04-23T01:02:51Z,217.22,17.98953722334,145.643,152,97.53125,11,7
running,2021,4,23,2021-04-23T01:04:05Z,410.76,4.79656652360515,73.458,150,169.921875,7,2
running,2021,4,23,2021-04-23T01:06:13Z,140,24.675620975161,128.793,152,75.703125,5,5
running,2021,4,23,2021-04-23T01:07:28Z,409.45,4.88746355685131,74.607,167,165.640625,0,6
running,2021,4,23,2021-04-23T01:16:24Z,1609.34,7.95209012748295,536.052,166,145.8125,24,50
running,2021,4,23,2021-04-23T01:24:39Z,1552.47,7.2492972972973,478.206,168,148.28125,23,22
running,2021,4,24,2021-04-24T00:56:42Z,1609.34,7.27485760781123,436.44,135,149.578125,2,0
running,2021,4,24,2021-04-24T01:03:46Z,1609.34,7.06782608695652,424.088,153,149.90625,2,0
running,2021,4,24,2021-04-24T01:11:07Z,1609.34,7.35868312757202,441.468,144,149.765625,10,13
running,2021,4,24,2021-04-24T01:17:54Z,1609.34,6.78704453441296,407.201,151,151.078125,12,17
running,2021,4,24,2021-04-24T01:24:50Z,1609.34,6.92190967741936,415.345,153,150.375,27,29
running,2021,4,24,2021-04-24T01:30:26Z,1006.46,7.07715039577836,313.57,147,142.734375,18,11
running,2021,4,24,2021-04-24T23:57:06Z,1609.34,7.35868312757202,467.282,127,148.28125,99,51
running,2021,4,25,2021-04-25T00:04:15Z,1609.34,7.14311584553928,428.617,145,150.296875,68,133
running,2021,4,25,2021-04-25T00:11:35Z,1609.34,7.33453650533224,440.026,148,148.21875,27,20
running,2021,4,25,2021-04-25T00:18:33Z,1609.34,6.97773152965661,418.61,146,150.609375,22,21
running,2021,4,25,2021-04-25T00:25:42Z,1609.34,7.14311584553928,428.634,153,150.3125,14,13
running,2021,4,25,2021-04-25T00:33:18Z,1609.34,7.2122613605808,456.287,153,148.703125,12,11
running,2021,4,25,2021-04-25T00:34:20Z,176.25,7.63518360375747,50.176,154,152.125,4,4
running,2021,4,25,2021-04-25T17:50:28Z,1609.34,7.49019826864004,460.049,127,146.953125,5,4
running,2021,4,25,2021-04-25T17:57:57Z,1609.34,7.47350236834773,448.351,147,150.015625,6,0
running,2021,4,25,2021-04-25T18:05:22Z,1609.34,7.42591362126246,445.529,146,150.4375,14,29
running,2021,4,25,2021-04-25T18:13:15Z,1609.34,7.30258644160087,473.206,153,148.328125,28,22
running,2021,4,25,2021-04-25T18:20:15Z,1609.34,6.99228362877998,419.588,158,151.078125,15,9
running,2021,4,25,2021-04-25T18:27:12Z,1609.34,6.95782101167315,417.464,155,150.734375,14,13
running,2021,4,25,2021-04-25T18:35:23Z,1609.34,7.06782608695652,490.956,153,149.265625,22,25
running,2021,4,25,2021-04-25T18:42:12Z,1609.34,6.81983218916857,409.15,155,151.171875,10,11
running,2021,4,25,2021-04-25T18:48:57Z,1609.34,6.73760361718161,404.274,158,151.84375,30,34
running,2021,4,25,2021-04-25T18:55:42Z,1609.34,6.74947156517363,405.017,159,151.84375,18,26
running,2021,4,25,2021-04-25T19:02:49Z,1609.34,6.93443640124095,426.41,158,149.515625,18,43
running,2021,4,25,2021-04-25T19:12:09Z,1609.34,7.14882729211087,559.701,149,148.765625,15,9
running,2021,4,25,2021-04-25T19:19:13Z,1609.34,7.07715039577836,424.657,153,151.25,29,23
running,2021,4,25,2021-04-25T19:26:18Z,1609.34,7.07155286053256,424.278,157,151.53125,39,36
running,2021,4,25,2021-04-25T19:33:59Z,1609.34,7.28078175895765,461.366,151,149.46875,25,14
running,2021,4,25,2021-04-25T19:36:11Z,449.81,7.05110410094637,118.233,156,152.15625,8,8
running,2021,4,26,2021-04-26T23:47:19Z,1609.34,8.53672819859962,512.194,138,144.609375,2,0
running,2021,4,27,2021-04-27T00:02:46Z,33.53,10.2846625766871,12.857,129,149.15625,0,0
running,2021,4,27,2021-04-27T00:33:16Z,1609.34,8.49616724738676,538.109,118,145.234375,0,0
running,2021,4,27,2021-04-27T00:40:16Z,935.45,8.16511415525114,284.789,131,146.734375,2,0
running,2021,4,27,2021-04-27T00:58:24Z,1609.34,7.94737777777778,478.74,141,145.921875,0,0
running,2021,4,27,2021-04-27T01:11:52Z,1609.34,9.63448275862069,807.441,145,128.546875,4,2
running,2021,4,27,2021-04-27T01:13:47Z,74.02,8.22520699172033,22.7,160,150.859375,0,0
running,2021,4,29,2021-04-29T00:32:26Z,1609.34,7.84051446945338,470.469,136,144.71875,0,0
running,2021,4,29,2021-04-29T00:39:55Z,1609.34,7.48392857142857,449.058,144,149.828125,15,16
running,2021,4,29,2021-04-29T00:47:23Z,1609.34,7.47558528428094,448.489,145,150,65,51
running,2021,4,29,2021-04-29T00:55:22Z,1609.34,7.98285714285714,479.008,146,148.203125,105,111
running,2021,4,29,2021-04-29T01:06:07Z,1609.34,8.17506857665346,645.066,136,145.421875,70,66
running,2021,4,29,2021-04-29T01:08:05Z,34.01,7.58552036199095,9.618,144,148.5,0,0
running,2021,4,29,2021-04-29T01:47:51Z,1609.34,8.04511097780444,482.64,135,149.03125,2,0
running,2021,4,29,2021-04-29T01:56:11Z,1609.34,8.10834340991536,500.119,143,147.28125,46,44
running,2021,4,29,2021-04-29T01:56:38Z,81,8.08878166465621,24.428,150,150.171875,2,0
running,2021,4,30,2021-04-30T03:41:25Z,1609.34,8.16262933657943,551.742,126,145.515625,2,2
running,2021,4,30,2021-04-30T03:48:42Z,1609.34,7.27485760781123,436.513,139,148.3125,0,0
running,2021,4,30,2021-04-30T03:56:10Z,1609.34,7.46310517529215,447.735,133,148.203125,38,43
running,2021,4,30,2021-04-30T04:03:36Z,1609.34,7.43414634146341,446.078,136,149.125,34,32
running,2021,4,30,2021-04-30T04:11:28Z,1609.34,7.87504403992954,472.473,137,149.296875,28,26
running,2021,4,30,2021-04-30T04:11:38Z,15.15,7.56412859560068,4.273,126,148.25,0,0
running,2021,4,30,2021-04-30T23:40:26Z,1609.34,7.47142061281337,493.62,133,146.390625,3,3
running,2021,4,30,2021-04-30T23:48:02Z,1609.34,7.48601730393525,455.904,143,147.671875,0,0
running,2021,4,30,2021-04-30T23:56:02Z,1609.34,7.65261055634807,480.07,146,147.03125,13,20
running,2021,5,1,2021-05-01T00:03:26Z,1609.34,7.32452211906062,443.504,147,147.90625,34,19
running,2021,5,1,2021-05-01T00:03:55Z,100.65,6.86345957011259,25.757,152,147.65625,0,0
running,2021,5,1,2021-05-01T01:25:20Z,1609.34,7.22975741239892,463.525,140,147.859375,2,2
running,2021,5,1,2021-05-01T01:31:43Z,1609.34,6.38932825154836,383.368,166,152.609375,8,5
running,2021,5,1,2021-05-01T01:39:18Z,1609.34,6.73422043685664,454.673,160,149.484375,25,20
running,2021,5,1,2021-05-01T01:42:08Z,586.5,7.16218958611482,156.614,157,148.484375,5,5
running,2021,5,1,2021-05-01T17:05:27Z,1609.34,8.2479704797048,510.178,140,143.15625,0,0
running,2021,5,1,2021-05-01T17:14:24Z,1609.34,7.96389548693587,535.803,145,143.28125,16,16
running,2021,5,1,2021-05-01T17:22:47Z,1609.34,8.14280510018215,502.668,146,148.484375,40,28
running,2021,5,1,2021-05-01T17:32:24Z,1609.34,8.02825501346902,577.458,149,149.28125,30,36
running,2021,5,1,2021-05-01T17:41:36Z,1609.34,8.04511097780444,551.845,153,148.515625,27,35
running,2021,5,1,2021-05-01T17:45:29Z,580.98,7.78589259796807,168.666,151,151.953125,6,9
running,2021,5,1,2021-05-01T18:34:07Z,640.52,8.67758007117438,207.205,134,147.453125,2,0
running,2021,5,1,2021-05-01T18:46:48Z,1230.43,8.41619077502353,458.652,135,146.734375,0,0
running,2021,5,2,2021-05-02T16:36:08Z,1609.34,7.77686285879965,466.592,140,149.78125,5,5
running,2021,5,2,2021-05-02T16:44:48Z,1609.34,7.70980166714573,518.672,150,149.03125,14,26
running,2021,5,2,2021-05-02T16:52:13Z,1609.34,7.42797009138743,445.733,152,149.984375,32,20
running,2021,5,2,2021-05-02T16:59:29Z,1609.34,7.26500541711809,435.933,153,149.8125,18,25
running,2021,5,2,2021-05-02T17:06:30Z,1609.34,7.00872746276457,420.51,153,150.078125,7,12
running,2021,5,2,2021-05-02T17:13:30Z,1609.34,7.00506659702272,420.352,156,150.140625,29,22
running,2021,5,2,2021-05-02T17:20:35Z,1609.34,7.07901821060966,424.755,159,150.125,30,21
running,2021,5,2,2021-05-02T17:28:21Z,1609.34,7.05852631578947,466.57,159,148.375,16,11
running,2021,5,2,2021-05-02T17:35:20Z,1609.34,6.97773152965661,418.668,162,150.234375,23,18
running,2021,5,2,2021-05-02T17:42:19Z,1609.34,6.97410296411856,418.4,165,150.3125,16,18
running,2021,5,2,2021-05-02T17:57:52Z,1609.34,7.04184825413494,933.308,158,148.546875,10,11
running,2021,5,2,2021-05-02T18:05:03Z,1609.34,7.18521296544334,431.099,159,150.171875,12,21
running,2021,5,2,2021-05-02T18:12:06Z,1609.34,7.05110410094637,423.018,166,150.28125,38,37
running,2021,5,2,2021-05-02T18:13:36Z,344.74,6.59351032448378,84.735,170,150.96875,6,3
running,2021,5,4,2021-05-04T13:17:11Z,1609.34,8.10834340991536,486.548,142,148.953125,4,0
running,2021,5,4,2021-05-04T13:24:47Z,1609.34,7.60056673278549,456.095,147,149.84375,2,2
running,2021,5,4,2021-05-04T13:32:13Z,1609.34,7.42797009138743,445.717,142,151.125,9,0
running,2021,5,4,2021-05-04T13:40:40Z,1609.34,7.35061660728967,507.439,139,150.125,34,39
running,2021,5,4,2021-05-04T13:47:17Z,1609.34,6.60650246305419,396.434,154,152.9375,17,47
running,2021,5,4,2021-05-04T13:54:04Z,1609.34,6.79392097264438,407.603,160,153.28125,29,13
running,2021,5,4,2021-05-04T14:00:51Z,1609.34,6.77333333333333,406.436,160,153.046875,43,29
running,2021,5,4,2021-05-04T14:03:49Z,641.04,6.73929648241206,165.461,158,150.53125,15,31
running,2021,5,6,2021-05-06T00:41:18Z,1609.34,7.1336170212766,432.188,137,146.15625,0,0
running,2021,5,6,2021-05-06T00:45:31Z,978.85,6.93443640124095,253.045,154,149.375,0,0
running,2021,5,6,2021-05-06T00:50:39Z,1609.34,5.12954675846242,307.756,183,167.53125,2,2
running,2021,5,6,2021-05-06T00:53:29Z,250.51,18.2217391304348,170.194,138,109.4375,0,0
running,2021,5,6,2021-05-06T00:54:05Z,206.38,4.60786806390655,35.455,125,160.1875,0,0
running,2021,5,6,2021-05-06T00:55:09Z,82.06,20.8734630350195,63.861,159,97.859375,0,0
running,2021,5,6,2021-05-06T00:55:42Z,207.64,4.32340425531915,33.469,161,164.9375,0,0
running,2021,5,6,2021-05-06T00:56:43Z,87.69,18.6137404580153,60.857,176,102.5625,0,0
running,2021,5,6,2021-05-06T00:57:18Z,201.29,4.6157976251936,34.64,166,176.859375,0,0
running,2021,5,6,2021-05-06T00:58:19Z,91.38,18.050067294751,61.503,178,108.265625,0,0
running,2021,5,6,2021-05-06T00:58:52Z,202.94,4.39063676542806,33.22,164,146.609375,0,0
running,2021,5,6,2021-05-06T01:02:51Z,310.62,19.2,238.841,151,111.3125,9,27
running,2021,5,6,2021-05-06T01:10:17Z,1609.34,7.43826955074875,446.294,169,147.1875,19,16
running,2021,5,6,2021-05-06T01:10:40Z,86.65,6.985,22.563,177,148.09375,0,0
running,2021,5,6,2021-05-06T01:11:36Z,76.1,19.7951291512915,56.148,162,111.171875,3,0
running,2021,5,6,2021-05-06T01:18:51Z,1609.34,7.24733855714672,434.861,170,149.0625,6,8
running,2021,5,6,2021-05-06T01:22:09Z,726.43,7.17368280288847,194.294,174,149.359375,9,9
running,2021,5,6,2021-05-06T23:52:54Z,1609.34,8.09366324683162,492.825,136,145.265625,2,2
running,2021,5,7,2021-05-07T00:00:30Z,1609.34,7.60272108843537,456.106,145,148.171875,6,2
running,2021,5,7,2021-05-07T00:09:12Z,1609.34,8.15022789425706,522.484,145,147.65625,56,75
running,2021,5,7,2021-05-07T00:16:59Z,1609.34,7.77460869565217,466.537,143,149,37,34
running,2021,5,7,2021-05-07T00:24:23Z,1609.34,7.40745650372825,444.49,147,149.890625,20,17
running,2021,5,7,2021-05-07T00:38:34Z,84.47,7.74542304360381,24.39,147,150,0,3
running,2021,5,7,2021-05-07T01:25:55Z,1609.34,8.15022789425706,489.023,132,148.296875,0,0
running,2021,5,7,2021-05-07T01:34:21Z,1609.34,8.12061762034514,505.914,141,145.59375,18,20
running,2021,5,7,2021-05-07T01:35:52Z,304.88,7.7656050955414,88.266,138,149.640625,3,8
running,2021,5,8,2021-05-08T00:46:31Z,1609.34,8.06931407942238,521.031,126,144.203125,2,0
running,2021,5,8,2021-05-08T00:54:06Z,1609.34,7.58766619519095,455.308,143,148.890625,2,0
running,2021,5,8,2021-05-08T01:02:01Z,1609.34,7.91454706403069,474.843,148,148.4375,8,10
running,2021,5,8,2021-05-08T01:09:46Z,1609.34,7.75437987857762,465.204,147,149.578125,0,2
running,2021,5,8,2021-05-08T01:14:34Z,221.86,7.93092844470727,65.606,148,145.078125,0,0
running,2021,5,8,2021-05-08T01:39:54Z,1609.34,7.92389955686854,475.465,146,148.453125,2,0
running,2021,5,8,2021-05-08T01:48:03Z,1609.34,8.05961538461538,489.041,145,146.671875,2,0
running,2021,5,8,2021-05-08T01:50:47Z,547.18,7.67450643776824,156.577,148,149.09375,0,23
running,2021,5,8,2021-05-08T15:44:41Z,1609.34,7.40950276243094,444.536,149,149.28125,30,2
running,2021,5,8,2021-05-08T15:51:42Z,1609.34,7.0197330541743,421.203,156,149.984375,6,2
running,2021,5,8,2021-05-08T15:58:41Z,1609.34,6.98318146316063,418.941,156,150.375,11,8
running,2021,5,8,2021-05-08T16:05:34Z,1609.34,6.87577544219431,412.558,158,150.125,19,19
running,2021,5,8,2021-05-08T16:12:23Z,1609.34,6.82156663275687,409.251,161,150.265625,11,11
running,2021,5,8,2021-05-08T16:19:43Z,1609.34,7.33453650533224,440.071,161,150.390625,27,24
running,2021,5,8,2021-05-08T16:26:46Z,1609.34,7.05481325618096,423.327,163,150.84375,36,48
running,2021,5,8,2021-05-08T16:33:46Z,1609.34,6.98863991662324,419.363,163,151.6875,34,33
running,2021,5,8,2021-05-08T16:40:41Z,1609.34,6.92727272727273,415.626,166,151.671875,32,28
running,2021,5,8,2021-05-08T16:47:44Z,1609.34,7.04925098554533,422.971,168,151.265625,32,37
running,2021,5,8,2021-05-08T16:54:37Z,1609.34,6.87049180327869,412.244,167,151.5,34,26
running,2021,5,8,2021-05-08T17:01:32Z,1609.34,6.91833892184679,415.151,170,151.484375,24,45
running,2021,5,8,2021-05-08T17:08:34Z,1609.34,7.04184825413494,422.501,172,151.234375,43,50
running,2021,5,8,2021-05-08T17:15:30Z,1609.34,6.93622963537626,416.169,174,151.421875,46,36
running,2021,5,8,2021-05-08T17:17:56Z,523.91,7.20644814615798,140.757,175,151.375,13,10
running,2021,5,9,2021-05-09T17:13:47Z,1609.34,8.52316491897045,546.849,128,143.171875,2,0
running,2021,5,9,2021-05-09T17:21:50Z,1609.34,8.05235664965476,483.086,141,150.859375,4,0
running,2021,5,9,2021-05-09T17:30:44Z,1609.34,8.41355081555834,534.82,139,149.984375,10,9
running,2021,5,9,2021-05-09T17:38:41Z,1609.34,7.94973325429757,476.92,144,149.234375,16,23
running,2021,5,9,2021-05-09T17:39:36Z,15.5,7.31254089422028,4.225,141,151.796875,0,0
running,2021,5,9,2021-05-09T18:33:11Z,1609.34,9.17005128205128,576.208,133,135.359375,4,0
running,2021,5,9,2021-05-09T18:41:30Z,1609.34,8.31702325581395,499.034,139,151.984375,11,9
running,2021,5,9,2021-05-09T18:46:54Z,1048.16,8.02825501346902,313.681,142,152.65625,4,2
running,2021,5,11,2021-05-11T00:18:51Z,1609.34,7.45480822679266,493.304,126,148.84375,0,2
running,2021,5,11,2021-05-11T00:25:43Z,1609.34,6.86345957011259,411.84,147,149.5,2,2
running,2021,5,11,2021-05-11T00:32:44Z,1609.34,7.02708933717579,421.615,153,149.34375,16,11
running,2021,5,11,2021-05-11T00:39:39Z,1609.34,6.90409266409266,414.243,156,149.96875,28,32
running,2021,5,11,2021-05-11T00:46:52Z,1609.34,6.78018200202225,433.6,157,147.578125,38,36
running,2021,5,11,2021-05-11T00:48:09Z,30.07,6.83373248407643,7.661,158,148.5,0,0
running,2021,5,12,2021-05-12T03:01:09Z,1609.34,7.47350236834773,448.465,145,149.4375,2,2
running,2021,5,12,2021-05-12T03:02:55Z,368.38,7.67450643776824,105.393,147,149.078125,0,0
running,2021,5,12,2021-05-12T03:08:37Z,1609.34,5.71418832552194,342.858,177,160.59375,0,0
running,2021,5,12,2021-05-12T03:10:49Z,462.48,7.62866894197952,131.534,170,149.046875,0,4
running,2021,5,12,2021-05-12T03:16:35Z,1609.34,5.75958771741464,345.584,186,160.484375,41,40
running,2021,5,12,2021-05-12T03:18:45Z,449.25,7.77460869565217,130.227,176,147.578125,11,18
running,2021,5,12,2021-05-12T03:21:34Z,819.22,5.53039175257732,168.926,187,161.046875,33,27
running,2021,5,12,2021-05-12T03:22:34Z,87.83,18.421978021978,60.321,170,96.71875,0,9
running,2021,5,12,2021-05-12T03:22:51Z,73.7,6.08493647912886,16.721,141,160.296875,0,0
running,2021,5,12,2021-05-12T03:23:41Z,49.82,10.7461538461538,50.469,167,104.34375,0,0
running,2021,5,12,2021-05-12T03:24:00Z,82.18,6.11406428082973,18.731,147,115.6875,0,0
running,2021,5,12,2021-05-12T03:24:54Z,26.49,12.3151515151515,54.151,147,133.3125,0,0
running,2021,5,12,2021-05-12T03:25:10Z,71.89,6.03564356435644,16.176,143,75.875,2,0
running,2021,5,12,2021-05-12T03:26:12Z,43.67,10.9479183673469,61.521,151,126.15625,0,0
running,2021,5,12,2021-05-12T03:26:29Z,87.74,5.20823300970874,17.037,145,106.640625,0,0
running,2021,5,12,2021-05-12T03:28:00Z,154.8,15.8431187241583,91.41,156,118.171875,3,2
running,2021,5,12,2021-05-12T03:35:48Z,1609.34,7.78589259796807,467.212,162,147.453125,67,75
running,2021,5,12,2021-05-12T03:38:57Z,654.79,7.65261055634807,186.804,166,149.859375,14,14
running,2021,5,14,2021-05-14T00:57:54Z,1609.34,7.73871898442008,496.765,137,143.5625,4,2
running,2021,5,14,2021-05-14T01:05:14Z,1609.34,7.33854993160055,440.322,149,148.515625,2,2
running,2021,5,14,2021-05-14T01:13:29Z,1609.34,7.79041533546326,494.439,146,146.53125,14,18
running,2021,5,14,2021-05-14T01:20:54Z,1609.34,7.4238582895101,445.394,151,148.453125,6,7
running,2021,5,14,2021-05-14T01:28:29Z,1609.34,7.58123233465235,454.849,152,147.78125,10,4
running,2021,5,14,2021-05-14T01:33:15Z,948.42,7.55347789355111,279.757,153,145.671875,5,4
running,2021,5,15,2021-05-15T00:22:47Z,1609.34,7.46518229891456,447.972,129,150.28125,2,0
running,2021,5,15,2021-05-15T00:29:53Z,1609.34,7.10338983050847,426.189,153,149.96875,2,0
running,2021,5,15,2021-05-15T00:37:04Z,1609.34,7.17368280288847,430.452,158,150.28125,8,9
running,2021,5,15,2021-05-15T00:44:09Z,1609.34,7.08088701161563,424.887,159,150.046875,0,4
running,2021,5,15,2021-05-15T00:52:07Z,1609.34,7.39724214009928,478.099,159,148.734375,7,10
running,2021,5,15,2021-05-15T00:54:16Z,21.94,8.03547034152187,6.573,159,150.328125,0,0
running,2021,5,15,2021-05-15T18:44:43Z,1609.34,7.64824636441403,458.953,140,149.390625,14,6
running,2021,5,15,2021-05-15T18:53:26Z,1609.34,8.71423001949318,522.86,141,151.109375,9,20
running,2021,5,15,2021-05-15T19:01:05Z,1609.34,7.64824636441403,458.872,142,150.703125,32,19
running,2021,5,15,2021-05-15T19:09:39Z,1609.34,8.5639846743295,513.78,137,152.015625,21,14
running,2021,5,15,2021-05-15T19:17:41Z,1609.34,8.03787833383278,482.293,140,151.015625,28,30
running,2021,5,15,2021-05-15T19:25:14Z,1609.34,7.54710185706247,452.856,143,150.546875,17,18
running,2021,5,15,2021-05-15T19:32:51Z,1609.34,7.6135112120352,456.758,150,150.375,37,46
running,2021,5,15,2021-05-15T19:39:58Z,1609.34,7.11658264791722,426.986,146,150.046875,28,29
running,2021,5,15,2021-05-15T19:41:18Z,280.5,7.37081615828524,77.08,145,150.34375,0,0
running,2021,5,16,2021-05-16T16:03:18Z,1609.34,7.32652280797596,439.574,136,150.109375,4,2
running,2021,5,16,2021-05-16T16:10:20Z,1609.34,7.04184825413494,422.492,148,150.421875,2,0
running,2021,5,16,2021-05-16T16:18:06Z,1609.34,7.39724214009928,465.717,144,148.953125,62,57
running,2021,5,16,2021-05-16T16:25:08Z,1609.34,7.03077326343381,421.873,147,151.125,35,37
running,2021,5,16,2021-05-16T16:32:01Z,1609.34,6.88459958932238,413.092,157,151.015625,30,15
running,2021,5,16,2021-05-16T16:38:56Z,1609.34,6.91477184841454,414.892,156,151.1875,26,38
running,2021,5,16,2021-05-16T16:46:03Z,1609.34,7.1222517259692,427.383,154,151.625,28,31
running,2021,5,16,2021-05-16T16:52:40Z,1609.34,6.61464858199753,396.886,157,151.6875,21,29
running,2021,5,16,2021-05-16T16:59:36Z,1609.34,6.93622963537626,416.161,156,151.796875,39,26
running,2021,5,16,2021-05-16T17:06:40Z,1609.34,7.06968898260411,424.149,156,151.453125,33,25
running,2021,5,16,2021-05-16T17:13:44Z,1609.34,7.06038431166096,423.608,155,151.03125,39,32
running,2021,5,16,2021-05-16T17:20:41Z,1609.34,6.94880829015544,416.905,156,151.140625,30,50
running,2021,5,16,2021-05-16T17:21:21Z,21.24,7.04184825413494,5.577,153,150.203125,2,0
running,2021,5,18,2021-05-18T00:31:15Z,1609.34,8.180054894785,533.278,133,144.234375,3,0
running,2021,5,18,2021-05-18T00:39:16Z,1609.34,8.02585278276481,481.549,135,149.4375,5,2
running,2021,5,18,2021-05-18T00:48:21Z,1609.34,8.42412060301508,545.075,132,148.078125,8,10
running,2021,5,18,2021-05-18T00:56:18Z,1609.34,7.94267100977199,476.548,138,150.03125,2,4
running,2021,5,18,2021-05-18T00:58:38Z,54.02,8.26321626617375,16.64,138,149.59375,0,0
running,2021,5,18,2021-05-18T01:27:21Z,1323.7,8.18754578754579,424.993,128,143.890625,0,0
running,2021,5,20,2021-05-20T23:44:12Z,1609.34,7.27485760781123,436.522,129,150.703125,3,2
running,2021,5,20,2021-05-20T23:51:19Z,1609.34,7.11847133757962,427.069,147,149.8125,4,0
running,2021,5,20,2021-05-20T23:58:26Z,1609.34,7.12603613177471,427.507,148,150.234375,2,2
running,2021,5,21,2021-05-21T00:05:57Z,1609.34,7.51959629941127,451.131,146,149.5,8,11
running,2021,5,21,2021-05-21T00:13:13Z,1609.34,7.26697371985912,436.006,151,150.109375,2,2
running,2021,5,21,2021-05-21T00:20:05Z,1352.09,7.60272108843537,408.664,157,146.265625,3,2
running,2021,5,21,2021-05-21T22:33:06Z,1609.34,7.58337574215437,482.464,134,146.0625,0,0
running,2021,5,21,2021-05-21T22:40:10Z,1609.34,7.06224328593997,423.724,153,149.921875,0,0
running,2021,5,21,2021-05-21T22:48:46Z,1609.34,7.44859761177451,515.346,152,146.3125,12,12
running,2021,5,21,2021-05-21T22:55:41Z,1609.34,6.91120845143004,414.711,160,150.5,33,29
running,2021,5,21,2021-05-21T23:02:47Z,1609.34,7.04739884393064,426.193,161,150.125,16,13
running,2021,5,21,2021-05-21T23:10:39Z,1609.34,7.09399629727585,471.422,164,146.59375,13,18
running,2021,5,21,2021-05-21T23:11:12Z,89.85,7.22586206896552,24.206,159,150.625,0,6
running,2021,5,22,2021-05-22T19:13:16Z,1609.34,7.35061660728967,458.306,140,148.46875,0,0
running,2021,5,22,2021-05-22T19:20:12Z,1609.34,6.92548412083656,415.525,153,150.53125,2,2
running,2021,5,22,2021-05-22T19:27:07Z,1609.34,6.92727272727273,415.684,152,150.6875,18,18
running,2021,5,22,2021-05-22T19:35:36Z,1609.34,7.39316427783903,508.768,150,149.078125,21,24
running,2021,5,22,2021-05-22T19:42:37Z,1609.34,7.02157068062827,421.31,153,151.25,18,11
running,2021,5,22,2021-05-22T19:49:43Z,1609.34,7.08649933949802,425.215,153,151.265625,9,14
running,2021,5,22,2021-05-22T19:56:17Z,1609.34,6.56767874632713,394.083,159,151.859375,26,20
running,2021,5,22,2021-05-22T20:03:24Z,1609.34,7.11847133757962,427.162,161,151.171875,33,32
running,2021,5,22,2021-05-22T20:10:17Z,1609.34,6.89344641480339,413.618,161,151.703125,61,31
running,2021,5,22,2021-05-22T20:12:55Z,512.55,8.11079528273359,154.974,156,148.625,10,28
running,2021,5,23,2021-05-23T17:07:34Z,1609.34,7.37689768976898,442.608,134,149.453125,4,0
running,2021,5,23,2021-05-23T17:14:28Z,1609.34,6.89699151452816,413.837,157,150.90625,4,0
running,2021,5,23,2021-05-23T17:21:54Z,1609.34,7.19484978540772,446.241,154,147.703125,5,25
running,2021,5,23,2021-05-23T17:31:32Z,1609.34,7.51748878923767,578.366,148,148.34375,17,20
running,2021,5,23,2021-05-23T17:38:30Z,1609.34,6.95782101167315,417.419,159,152.078125,17,15
running,2021,5,23,2021-05-23T17:45:16Z,1609.34,6.77675593734209,406.572,166,152.65625,12,9
running,2021,5,23,2021-05-23T17:51:53Z,1609.34,6.60813008130081,396.464,167,153.21875,9,7
running,2021,5,23,2021-05-23T17:58:20Z,1609.34,6.44924260639577,386.978,172,154.359375,2,2
running,2021,5,23,2021-05-23T18:04:30Z,1609.34,6.16465180418295,369.903,179,156.125,16,12
running,2021,5,23,2021-05-23T18:10:42Z,1609.34,6.21032646445937,372.642,183,156.609375,40,26
running,2021,5,23,2021-05-23T18:18:16Z,1609.34,7.17944325481799,453.848,171,150.15625,18,29
running,2021,5,23,2021-05-23T18:26:47Z,1609.34,8.1378640776699,511.191,166,148.6875,30,33
running,2021,5,23,2021-05-23T18:31:15Z,438.08,9.04024266936299,260.154,157,153.953125,13,5
running,2021,5,25,2021-05-25T00:21:25Z,1609.34,8.00429722470904,480.221,145,147.21875,66,57
running,2021,5,25,2021-05-25T00:30:06Z,1609.34,8.68038834951456,520.847,143,150.984375,10,124
running,2021,5,25,2021-05-25T00:38:52Z,1609.34,8.09122171945701,525.863,148,147.0625,49,98
running,2021,5,25,2021-05-25T00:47:33Z,1609.34,8.69163966299417,521.425,182,151.71875,142,0
running,2021,5,25,2021-05-25T00:51:37Z,806.77,7.80401512947338,241.543,180,146.21875,44,3
running,2021,5,25,2021-05-25T21:48:32Z,1609.34,6.89167523124358,418.683,146,150.109375,2,0
running,2021,5,25,2021-05-25T21:55:04Z,1609.34,6.5308984660336,391.838,160,151.8125,0,5
running,2021,5,25,2021-05-25T22:01:37Z,1609.34,6.48353879622915,393.673,162,151.6875,7,6
running,2021,5,25,2021-05-25T22:08:08Z,1609.34,6.5024,390.114,168,151.609375,5,0
running,2021,5,25,2021-05-25T22:14:16Z,1609.34,6.13504117108875,368.079,173,152.453125,7,10
running,2021,5,25,2021-05-25T22:20:26Z,1609.34,6.18027649769585,370.806,176,154.09375,17,25
running,2021,5,25,2021-05-25T22:25:07Z,1113.06,6.66064067544077,276.429,173,151.1875,29,33
running,2021,5,27,2021-05-27T03:02:29Z,1609.34,8.03306379155436,481.914,123,147.9375,2,2
running,2021,5,27,2021-05-27T03:10:04Z,1609.34,7.58552036199095,455.085,137,149.8125,2,0
running,2021,5,27,2021-05-27T03:17:45Z,1609.34,7.67890065845978,460.709,146,149.5625,0,0
running,2021,5,27,2021-05-27T03:25:25Z,1609.34,7.67450643776824,460.485,138,149.09375,0,0
running,2021,5,27,2021-05-27T03:33:10Z,1609.34,7.74989887315805,464.984,137,150.1875,2,7
running,2021,5,27,2021-05-27T03:35:19Z,16.17,9.5283836589698,5.744,137,150.328125,0,0
running,2021,5,28,2021-05-28T13:14:50Z,1609.34,7.8199416909621,469.23,133,149.359375,9,2
running,2021,5,28,2021-05-28T13:22:07Z,1609.34,7.29067681435173,437.438,139,150.5625,4,2
running,2021,5,28,2021-05-28T13:29:27Z,1609.34,7.33854993160055,440.282,140,150.953125,8,10
running,2021,5,28,2021-05-28T13:30:57Z,43.67,11.7128384279476,90.127,135,124.71875,0,0
running,2021,5,28,2021-05-28T13:36:51Z,1609.34,5.89114869316934,353.492,143,158.65625,0,0
running,2021,5,28,2021-05-28T13:42:38Z,1609.34,5.78817436340095,347.323,171,160.1875,0,2
running,2021,5,28,2021-05-28T13:48:16Z,1609.34,5.63022670025189,337.811,178,162.28125,0,0
running,2021,5,28,2021-05-28T13:49:22Z,104.93,16.764,65.592,159,110.140625,0,0
running,2021,5,28,2021-05-28T13:56:40Z,1609.34,7.2414686825054,438.626,150,148.921875,5,16
running,2021,5,28,2021-05-28T14:03:48Z,1609.34,7.13172028715767,427.884,156,152.453125,31,29
running,2021,5,28,2021-05-28T14:05:29Z,20,8.01865470852018,5.979,151,152,0,0
running,2021,5,29,2021-05-29T15:57:49Z,1609.34,7.51327731092437,450.786,138,150.5625,4,2
running,2021,5,29,2021-05-29T16:04:55Z,1609.34,7.10903790087464,426.563,151,150.578125,5,2
running,2021,5,29,2021-05-29T16:11:54Z,1609.34,6.97410296411856,418.492,152,150.8125,3,2
running,2021,5,29,2021-05-29T16:18:52Z,1609.34,6.97229009617884,418.304,153,150.5625,2,5
running,2021,5,29,2021-05-29T16:25:58Z,1609.34,7.09962943356273,425.942,158,151.328125,2,2
running,2021,5,29,2021-05-29T16:32:59Z,1609.34,7.00689655172414,420.448,158,152.03125,2,2
running,2021,5,29,2021-05-29T16:39:55Z,1609.34,6.94520973588814,416.705,157,152.03125,0,2
running,2021,5,29,2021-05-29T16:47:00Z,1609.34,7.07901821060966,424.754,159,152.5,2,2
running,2021,5,29,2021-05-29T16:53:55Z,1609.34,6.92012383900929,415.177,157,151.4375,9,7
running,2021,5,29,2021-05-29T17:01:53Z,1609.34,7.16793158738642,476.704,152,150.390625,9,20
running,2021,5,29,2021-05-29T17:02:03Z,23.17,7.96626076626077,6.882,147,150.71875,0,0
running,2021,5,30,2021-05-30T13:32:25Z,1609.34,8.04511097780444,482.704,132,149.78125,6,0
running,2021,5,30,2021-05-30T13:39:54Z,1609.34,7.47558528428094,448.537,134,150.59375,2,0
running,2021,5,30,2021-05-30T13:47:52Z,1609.34,7.97336504161712,478.43,131,150.640625,8,10
running,2021,5,30,2021-05-30T13:56:42Z,1609.34,7.73871898442008,528.339,132,150.015625,2,2
running,2021,5,30,2021-05-30T14:04:23Z,1609.34,7.69211356466877,461.528,138,151.625,5,2
running,2021,5,30,2021-05-30T14:11:56Z,1609.34,7.55135135135135,453.138,138,151.796875,0,2
running,2021,5,30,2021-05-30T14:19:27Z,1609.34,7.50696893366919,450.434,140,151.609375,2,2
running,2021,5,30,2021-05-30T14:27:00Z,1609.34,7.55135135135135,453.131,139,151.796875,0,2
running,2021,5,30,2021-05-30T14:27:32Z,35.23,7.67231121281465,10.078,142,152,0,0
running,2021,6,3,2021-06-03T00:20:49Z,1609.34,7.64824636441403,458.899,136,148.25,5,7
running,2021,6,3,2021-06-03T00:28:25Z,1609.34,7.60703346568349,456.4,151,149.46875,4,2
running,2021,6,3,2021-06-03T00:36:10Z,1609.34,7.7364868762619,464.126,156,148.5625,16,16
running,2021,6,3,2021-06-03T00:44:10Z,1609.34,7.9995228153892,480.012,160,149.9375,18,19
running,2021,6,3,2021-06-03T00:45:06Z,180.21,7.92858409695536,53.262,157,148.421875,2,4
running,2021,6,4,2021-06-04T15:37:54Z,1609.34,7.43414634146341,468.226,134,146.625,2,2
running,2021,6,4,2021-06-04T15:45:19Z,1609.34,7.43208645054032,445.874,156,150.09375,0,0
running,2021,6,4,2021-06-04T15:53:04Z,1609.34,7.48392857142857,464.841,160,148.09375,2,2
running,2021,6,4,2021-06-04T15:53:36Z,88.45,7.74542304360381,25.544,160,150.421875,0,0
running,2021,6,5,2021-06-05T17:05:08Z,1609.34,7.44033287101248,446.427,140,149.171875,5,5
running,2021,6,5,2021-06-05T17:13:28Z,1609.34,7.53649901657769,499.532,146,147.796875,5,0
running,2021,6,5,2021-06-05T17:20:44Z,1609.34,7.27880597014925,436.726,155,150.46875,4,4
running,2021,6,5,2021-06-05T17:27:33Z,1609.34,6.81290322580645,408.825,159,149.90625,4,4
running,2021,6,5,2021-06-05T17:34:26Z,1609.34,6.87225211375865,412.365,165,149.703125,0,5
running,2021,6,5,2021-06-05T17:41:20Z,1609.34,6.91298969072165,414.787,165,149.796875,5,12
running,2021,6,5,2021-06-05T17:48:32Z,1609.34,7.20064429530201,432.049,165,149.5625,14,11
running,2021,6,5,2021-06-05T17:55:33Z,1609.34,7.01055933089388,420.65,169,149.859375,18,10
running,2021,6,5,2021-06-05T17:55:42Z,11.32,9.43454097784031,3.982,161,145,0,0
running,2021,6,6,2021-06-06T17:09:46Z,1609.34,7.76785403996525,521.474,128,148.484375,29,76
running,2021,6,6,2021-06-06T17:18:07Z,1609.34,8.33770593720858,500.242,148,150.0625,49,31
running,2021,6,6,2021-06-06T17:26:26Z,1609.34,8.22520699172033,499.402,138,149.046875,5,55
running,2021,6,6,2021-06-06T17:34:35Z,1609.34,8.14280510018215,488.549,154,152.015625,35,27
running,2021,6,6,2021-06-06T17:43:16Z,1609.34,8.69727626459144,521.789,156,151.984375,42,31
running,2021,6,6,2021-06-06T17:52:42Z,1609.34,8.10834340991536,565.726,150,150.6875,43,49
running,2021,6,6,2021-06-06T18:00:44Z,1609.34,8.02825501346902,481.685,158,152.234375,20,34
running,2021,6,6,2021-06-06T18:09:53Z,1609.34,7.71423641069888,548.732,154,152.203125,18,46
running,2021,6,6,2021-06-06T18:17:40Z,1609.34,7.79041533546326,467.381,168,152.515625,72,36
running,2021,6,6,2021-06-06T18:25:35Z,1609.34,7.91922054915855,475.152,176,150.09375,66,48
running,2021,6,6,2021-06-06T18:30:56Z,908.97,9.27789692148046,314.413,179,146.5625,74,24
running,2021,6,9,2021-06-09T01:44:33Z,1609.34,7.48601730393525,449.142,135,147.140625,4,0
running,2021,6,9,2021-06-09T01:52:02Z,1609.34,7.49438390611903,449.666,148,147.578125,4,2
running,2021,6,9,2021-06-09T02:01:24Z,1609.34,7.43002770083102,561.744,140,147.25,5,4
running,2021,6,9,2021-06-09T02:08:42Z,1609.34,7.29662676822633,437.753,153,149,2,5
running,2021,6,9,2021-06-09T02:10:56Z,441.34,7.05481325618096,116.084,150,149.8125,0,2
running,2021,6,9,2021-06-09T23:59:28Z,1609.34,7.55560563380282,462.883,137,146.59375,2,0
running,2021,6,10,2021-06-10T00:06:36Z,1609.34,7.12036102999735,427.216,150,149.4375,4,5
running,2021,6,10,2021-06-10T00:13:26Z,1609.34,6.83721641600816,410.203,159,149.75,4,2
running,2021,6,10,2021-06-10T00:20:26Z,1609.34,7.00140955364135,420.126,156,148.5625,2,5
running,2021,6,10,2021-06-10T00:27:34Z,1609.34,7.12792984321021,427.638,154,149.0625,5,3
running,2021,6,10,2021-06-10T00:35:34Z,1609.34,7.27880597014925,479.917,147,147,4,7
running,2021,6,10,2021-06-10T00:35:50Z,27.19,6.99410691003911,7.09,131,148.28125,0,0
running,2021,6,11,2021-06-11T00:22:53Z,1609.34,7.54073657576609,452.404,139,148.96875,0,0
running,2021,6,11,2021-06-11T00:30:08Z,1609.34,7.24733855714672,434.872,148,149.359375,4,2
running,2021,6,11,2021-06-11T00:34:10Z,1082.78,5.98714285714286,241.713,172,162.21875,0,0
running,2021,6,11,2021-06-11T00:36:41Z,806.21,5.02857142857143,151.155,163,170.90625,3,0
running,2021,6,11,2021-06-11T00:38:23Z,232.76,11.7745390693591,102.155,161,125.921875,0,2
running,2021,6,11,2021-06-11T00:40:54Z,800.44,5.0675231437748,151.221,178,169.765625,3,2
running,2021,6,11,2021-06-11T00:42:53Z,254.69,12.5279775805698,118.95,158,124.796875,0,0
running,2021,6,11,2021-06-11T00:45:27Z,804.4,5.1246465418418,153.692,179,169.140625,0,4
running,2021,6,11,2021-06-11T00:54:20Z,1609.34,8.63845410628019,533.361,154,141.90625,2,2
running,2021,6,11,2021-06-11T00:55:44Z,93.47,8.63011583011583,30.078,154,147.765625,0,0
running,2021,6,12,2021-06-12T00:02:09Z,1609.34,7.62866894197952,476.862,132,147.34375,2,4
running,2021,6,12,2021-06-12T00:09:33Z,1609.34,7.40132450331126,444.103,150,148.90625,2,5
running,2021,6,12,2021-06-12T00:16:57Z,1609.34,7.40132450331126,444.104,152,148.546875,0,5
running,2021,6,12,2021-06-12T00:24:35Z,1609.34,7.50486849468383,458.396,153,147.21875,10,2
running,2021,6,12,2021-06-12T00:29:31Z,970.66,7.42591362126246,279.816,157,145.28125,6,0
running,2021,6,12,2021-06-12T18:40:25Z,1609.34,8.12061762034514,558.612,135,143.21875,2,2
running,2021,6,12,2021-06-12T18:48:10Z,1609.34,7.76111111111111,465.732,150,150.09375,4,9
running,2021,6,12,2021-06-12T18:56:05Z,1609.34,7.91688311688312,475.015,156,146.359375,17,14
running,2021,6,12,2021-06-12T19:04:10Z,1609.34,7.99713774597495,484.603,157,148.328125,24,22
running,2021,6,12,2021-06-12T19:12:06Z,1609.34,7.92624113475177,475.548,161,150.375,25,24
running,2021,6,12,2021-06-12T19:12:19Z,16.37,8.75119086460033,5.341,164,144.796875,0,0
running,2021,6,14,2021-06-14T03:17:55Z,1609.34,7.55560563380282,453.328,139,148.546875,2,0
running,2021,6,14,2021-06-14T03:25:06Z,1553.41,7.43414634146341,430.587,150,147.03125,3,13
running,2021,6,14,2021-06-14T03:30:34Z,1609.34,5.46058631921824,327.624,178,162.921875,18,12
running,2021,6,14,2021-06-14T03:35:56Z,1609.34,5.37630787733013,322.577,188,161.609375,27,32
running,2021,6,14,2021-06-14T03:36:26Z,144.26,5.59032930387662,30.064,191,161,0,5
running,2021,6,14,2021-06-14T03:38:59Z,194.37,21.0371764705882,152.431,133,101.59375,5,0
running,2021,6,14,2021-06-14T03:46:31Z,1609.34,7.53438202247191,452.049,152,146.03125,2,2
running,2021,6,14,2021-06-14T03:52:31Z,1219.37,7.6460661345496,360.13,159,147.78125,2,2
running,2021,6,14,2021-06-14T03:52:36Z,4.45,15.4506912442396,2.563,159,146.328125,0,0
running,2021,6,15,2021-06-15T00:45:02Z,1609.34,7.4238582895101,445.409,139,148.375,0,0
running,2021,6,15,2021-06-15T00:52:17Z,1609.34,7.24342425060762,434.583,149,148.28125,5,17
running,2021,6,15,2021-06-15T00:59:27Z,1609.34,7.16601656425327,429.92,151,148.078125,15,12
running,2021,6,15,2021-06-15T01:06:33Z,1609.34,7.11092258748674,426.695,152,148.140625,19,15
running,2021,6,15,2021-06-15T01:13:35Z,1609.34,7.0326166754064,421.901,159,148.765625,20,25
running,2021,6,15,2021-06-15T01:13:53Z,21.71,7.30855585831063,5.916,161,146.328125,0,0
running,2021,6,17,2021-06-17T18:03:55Z,1609.34,7.0197330541743,421.199,147,149.1875,8,7
running,2021,6,17,2021-06-17T18:11:14Z,1609.34,7.31254089422028,438.748,152,149.5,3,10
running,2021,6,17,2021-06-17T18:19:54Z,1609.34,7.11280827366746,520.661,154,148.609375,23,13
running,2021,6,17,2021-06-17T18:26:46Z,1609.34,6.86170376055257,411.738,157,149.75,7,6
running,2021,6,17,2021-06-17T18:34:26Z,1609.34,7.18713826366559,459.778,163,148.28125,25,22
running,2021,6,17,2021-06-17T18:34:39Z,31.14,8.5069457659372,9.877,166,149.296875,2,0
running,2021,6,18,2021-06-18T17:56:31Z,1609.34,7.74766031195841,515.103,142,147.203125,7,12
running,2021,6,18,2021-06-18T18:06:21Z,1609.34,8.93186813186813,589.544,146,145.859375,32,26
running,2021,6,18,2021-06-18T18:14:12Z,1609.34,7.85659050966608,471.457,154,150.390625,15,15
running,2021,6,18,2021-06-18T18:21:58Z,1609.34,7.76335745296671,465.784,158,150.578125,11,16
running,2021,6,18,2021-06-18T18:29:59Z,1609.34,8.01865470852018,481.131,166,151.15625,25,17
running,2021,6,18,2021-06-18T18:30:05Z,11.22,10.2453781512605,4.286,167,150.5,0,0
running,2021,6,19,2021-06-19T16:20:23Z,1609.34,8.05961538461538,567.524,133,147.640625,0,2
running,2021,6,19,2021-06-19T16:27:51Z,1609.34,7.45895439377086,447.478,146,151.609375,6,6
running,2021,6,19,2021-06-19T16:35:37Z,1609.34,7.61567291311755,466.328,151,150.03125,12,17
running,2021,6,19,2021-06-19T16:44:16Z,1609.34,7.70537201953462,519.007,152,149.828125,32,16
running,2021,6,19,2021-06-19T16:51:38Z,1609.34,7.35868312757202,441.486,155,151.859375,25,34
running,2021,6,19,2021-06-19T16:59:10Z,1609.34,7.54285714285714,452.586,158,151.484375,22,25
running,2021,6,19,2021-06-19T17:06:58Z,1609.34,7.80401512947338,468.26,160,148.96875,30,23
running,2021,6,19,2021-06-19T17:07:10Z,14.61,8.66636510500808,4.719,158,147.796875,0,0
running,2021,6,20,2021-06-20T14:51:46Z,1609.34,7.78589259796807,474.964,133,148,4,2
running,2021,6,20,2021-06-20T14:59:17Z,1609.34,7.51327731092437,450.823,139,149.671875,8,8
running,2021,6,20,2021-06-20T15:06:42Z,1609.34,7.4238582895101,445.425,144,149.90625,13,15
running,2021,6,20,2021-06-20T15:13:47Z,1609.34,7.07341772151899,424.4,149,149.921875,9,9
running,2021,6,20,2021-06-20T15:20:35Z,1609.34,6.81463414634146,408.861,152,150.625,15,9
running,2021,6,20,2021-06-20T15:28:29Z,1609.34,6.82330195878911,474.122,152,149.53125,16,17
running,2021,6,20,2021-06-20T15:35:20Z,1609.34,6.83895971443141,410.315,157,151.375,25,23
running,2021,6,20,2021-06-20T15:42:07Z,1609.34,6.79220055710306,407.574,160,151.1875,32,34
running,2021,6,20,2021-06-20T15:49:13Z,1609.34,7.02524882137245,425.826,159,150.453125,42,30
running,2021,6,20,2021-06-20T15:56:04Z,1609.34,6.84768955833546,410.896,163,150.390625,31,51
running,2021,6,20,2021-06-20T15:57:58Z,13.21,8.22016549187864,4.047,161,145,0,0
running,2021,6,22,2021-06-22T01:36:37Z,1609.34,7.57909013845719,463.31,131,146.515625,3,2
running,2021,6,22,2021-06-22T01:44:22Z,1609.34,7.59626168224299,464.887,148,146.703125,0,0
running,2021,6,22,2021-06-22T01:52:08Z,1609.34,7.57480937588252,465.642,148,146.90625,15,22
running,2021,6,22,2021-06-22T01:59:39Z,1609.34,7.44652970571905,450.733,149,146,19,14
running,2021,6,22,2021-06-22T02:06:56Z,1609.34,7.28078175895765,436.829,156,148.609375,12,13
running,2021,6,22,2021-06-22T02:07:21Z,31.3,8.23783783783784,9.612,158,146.671875,0,0
running,2021,6,23,2021-06-23T01:11:04Z,1609.34,8.36892355694228,583.451,125,141.65625,2,0
running,2021,6,23,2021-06-23T01:18:51Z,1609.34,7.79267867518884,467.544,138,147.515625,0,0
running,2021,6,23,2021-06-23T01:26:55Z,1609.34,8.06688721804511,484.039,143,147.546875,10,12
running,2021,6,23,2021-06-23T01:36:17Z,1609.34,7.88662158188768,561.441,144,144.734375,4,2
running,2021,6,23,2021-06-23T01:43:51Z,1609.34,7.56626234132581,454.035,146,147.640625,13,23
running,2021,6,23,2021-06-23T01:44:22Z,18.17,8.24036866359447,5.582,145,150,3,0
running,2021,6,24,2021-06-24T00:37:02Z,1609.34,7.37689768976898,480.83,142,145.1875,0,2
running,2021,6,24,2021-06-24T00:44:48Z,1609.34,7.07341772151899,466.043,156,147.640625,2,0
running,2021,6,24,2021-06-24T00:50:35Z,1609.34,4.96711111111111,298.013,174,168.78125,2,16
running,2021,6,24,2021-06-24T00:55:23Z,409.49,16.4252296387018,287.696,130,106.109375,10,12
running,2021,6,24,2021-06-24T00:56:39Z,405.67,5.06848072562358,76.656,172,169.515625,7,5
running,2021,6,24,2021-06-24T00:57:41Z,82.15,20.1520661157025,61.736,168,110.171875,2,0
running,2021,6,24,2021-06-24T00:58:52Z,399.95,4.77862105825762,71.252,168,166.359375,5,3
running,2021,6,24,2021-06-24T00:59:53Z,87.57,18.7438155136268,61.194,175,95.421875,2,0
running,2021,6,24,2021-06-24T01:01:03Z,401.41,4.65666666666667,69.694,176,170.96875,9,9
running,2021,6,24,2021-06-24T01:02:06Z,91.59,18.3715068493151,62.752,178,105.21875,0,0
running,2021,6,24,2021-06-24T01:03:13Z,400.5,4.50720887245841,67.299,177,161.53125,2,2
running,2021,6,24,2021-06-24T01:05:56Z,208.19,16.9333333333333,162.54,156,100.6875,4,2
running,2021,6,24,2021-06-24T01:13:38Z,1609.34,7.70094745908699,462.091,164,144.34375,5,8
running,2021,6,24,2021-06-24T01:15:48Z,181.99,19.2275268817204,130.443,143,106.765625,0,0
running,2021,6,24,2021-06-24T01:21:30Z,1026.61,7.79267867518884,333.478,159,142.921875,2,2
running,2021,6,26,2021-06-26T01:22:58Z,1609.34,7.23170665947695,683.144,128,147.109375,0,0
running,2021,6,26,2021-06-26T01:30:40Z,1609.34,7.13741351782863,461.556,146,145.390625,0,0
running,2021,6,26,2021-06-26T01:37:45Z,1609.34,7.09399629727585,425.645,152,148.828125,2,15
running,2021,6,26,2021-06-26T01:44:35Z,1609.34,6.82677526088063,409.639,158,149.21875,10,9
running,2021,6,26,2021-06-26T01:51:31Z,1609.34,6.93085271317829,415.861,161,148.5625,10,9
running,2021,6,26,2021-06-26T01:51:39Z,8.61,11.1111847555924,3.567,157,146.328125,0,0
running,2021,6,27,2021-06-27T04:07:33Z,1609.34,7.49019826864004,449.383,135,146.59375,14,27
running,2021,6,27,2021-06-27T04:14:42Z,1609.34,7.14882729211087,428.929,146,147.671875,4,16
running,2021,6,27,2021-06-27T04:22:03Z,1609.34,7.35263157894737,441.173,154,148.5,19,10
running,2021,6,27,2021-06-27T04:29:38Z,1609.34,7.57909013845719,454.713,156,147.03125,26,17
running,2021,6,27,2021-06-27T04:30:20Z,100.19,7.84739613809245,29.313,154,144.828125,0,0
running,2021,6,27,2021-06-27T13:11:21Z,1609.34,7.72312122084653,463.448,136,146.171875,15,25
running,2021,6,27,2021-06-27T13:18:36Z,1609.34,7.25910690121786,435.492,144,149.03125,5,31
running,2021,6,27,2021-06-27T13:25:45Z,1609.34,7.14311584553928,428.562,150,149.84375,2,10
running,2021,6,27,2021-06-27T13:32:50Z,1609.34,7.08088701161563,424.89,154,150.390625,5,5
running,2021,6,27,2021-06-27T13:39:46Z,1609.34,6.94880829015544,416.897,159,150.25,3,0
running,2021,6,27,2021-06-27T13:47:45Z,1609.34,6.93981888745149,478.25,159,148.375,11,9
running,2021,6,27,2021-06-27T13:54:32Z,1609.34,6.78532759929168,407.068,166,150.546875,9,14
running,2021,6,27,2021-06-27T14:02:55Z,1609.34,7.02893081761006,503.393,165,150.125,19,6
running,2021,6,27,2021-06-27T14:09:45Z,1609.34,6.83547400611621,410.177,169,150.71875,19,23
running,2021,6,27,2021-06-27T14:17:57Z,1609.34,7.14692246203038,491.44,173,149.484375,27,8
running,2021,6,27,2021-06-27T14:23:26Z,1225.28,7.14882729211087,326.536,173,150.265625,17,23
running,2021,6,28,2021-06-28T13:11:20Z,1609.34,8.314445133292,498.836,130,147.890625,30,34
running,2021,6,28,2021-06-28T13:19:17Z,1609.34,7.94502369668247,476.705,139,149.671875,42,22
running,2021,6,28,2021-06-28T13:26:47Z,1609.34,7.5006711409396,450.003,137,149.296875,2,26
running,2021,6,28,2021-06-28T13:34:34Z,1609.34,7.73871898442008,466.89,145,148.453125,16,11
running,2021,6,28,2021-06-28T13:35:29Z,174.49,7.17368280288847,46.663,139,150.265625,0,2
running,2021,6,29,2021-06-29T13:11:47Z,1609.34,7.80401512947338,468.281,127,148.09375,11,14
running,2021,6,29,2021-06-29T13:19:37Z,1609.34,7.83593339176161,470.101,143,150.6875,46,34
running,2021,6,29,2021-06-29T13:27:15Z,1609.34,7.63518360375747,458.056,140,149.96875,22,39
running,2021,6,29,2021-06-29T13:34:50Z,1609.34,7.58123233465235,454.913,141,151.859375,27,44
running,2021,6,29,2021-06-29T13:42:28Z,1609.34,7.63518360375747,458.048,148,152.265625,36,12
running,2021,6,29,2021-06-29T13:43:43Z,251.8,7.66354285714286,71.949,149,151.421875,0,0
running,2021,6,30,2021-06-30T21:36:53Z,1609.34,7.63953289661065,458.346,136,150.34375,11,14
running,2021,6,30,2021-06-30T21:44:26Z,1609.34,7.54073657576609,452.437,134,149.46875,10,9
running,2021,6,30,2021-06-30T21:52:02Z,1609.34,7.60703346568349,456.395,139,149.015625,12,10
running,2021,6,30,2021-06-30T21:52:19Z,16.61,7.26500541711809,4.499,134,148,0,0
running,2021,7,2,2021-07-02T00:20:45Z,1609.34,9.92686898593634,595.539,119,151.703125,22,18
running,2021,7,2,2021-07-02T00:30:56Z,1609.34,10.1754172989378,610.514,119,152.078125,18,19
running,2021,7,2,2021-07-02T00:41:01Z,1609.34,10.0874012786762,605.254,121,147.25,13,18
running,2021,7,2,2021-07-02T00:42:40Z,218.08,9.96374442793462,81.026,127,151.859375,6,0
running,2021,7,2,2021-07-02T23:44:42Z,1609.34,7.8199416909621,469.204,127,148.5625,14,16
running,2021,7,2,2021-07-02T23:55:15Z,1609.34,8.12553771584368,633.338,137,147.21875,18,21
running,2021,7,3,2021-07-03T00:03:04Z,1609.34,7.80855895196507,468.493,139,148.484375,16,16
running,2021,7,3,2021-07-03T00:03:20Z,42.91,6.78018200202225,10.846,131,147.90625,0,0
running,2021,7,3,2021-07-03T23:08:40Z,1609.34,8.30414860681115,498.242,123,146.875,14,15
running,2021,7,3,2021-07-03T23:16:39Z,1609.34,7.98285714285714,479.009,133,148.34375,8,13
running,2021,7,3,2021-07-03T23:24:29Z,1609.34,7.84510090669786,470.661,137,147.890625,20,11
running,2021,7,3,2021-07-03T23:24:40Z,16.5,9.6172104697024,5.916,139,149.671875,0,2
running,2021,7,4,2021-07-04T22:31:12Z,1609.34,10.3361849710983,620.073,125,149.421875,30,48
running,2021,7,4,2021-07-04T22:41:39Z,1609.34,10.4530007794232,627.144,137,153.3125,96,68
running,2021,7,4,2021-07-04T22:50:12Z,1609.34,8.54488690665817,512.619,145,149.765625,55,65
running,2021,7,4,2021-07-04T22:59:12Z,1437.63,9.81427003293084,533.811,138,149.875,34,42
running,2021,7,5,2021-07-05T18:18:44Z,1609.34,8.48810126582279,509.32,129,148.625,5,3
running,2021,7,5,2021-07-05T18:26:46Z,1609.34,8.04028776978417,482.418,135,149.796875,2,10
running,2021,7,5,2021-07-05T18:34:54Z,1609.34,8.1181598062954,487.102,139,149.1875,9,3
running,2021,7,5,2021-07-05T18:37:06Z,321.92,8.14033383915023,120.072,140,148.671875,0,0
cycling,2021,7,5,2021-07-05T21:24:38Z,8046.72,7.94973325429757,2464.715,137,513.984375,148,125
cycling,2021,7,5,2021-07-05T21:51:09Z,4881.23,7.55773457311919,1467.608,140,513.984375,30,47
running,2021,7,7,2021-07-07T01:04:15Z,1609.34,10.9389885807504,656.399,120,151.421875,22,98
running,2021,7,7,2021-07-07T01:16:52Z,1609.34,12.6163687676388,757.099,132,149,72,80
running,2021,7,7,2021-07-07T01:30:38Z,1609.34,13.21951700345,826.078,137,148.890625,107,42
running,2021,7,7,2021-07-07T01:32:23Z,297.01,9.21731958762886,102.059,133,150.25,9,3
running,2021,7,7,2021-07-07T23:59:30Z,1609.34,7.79041533546326,467.388,133,150.859375,14,14
running,2021,7,8,2021-07-08T00:07:13Z,1609.34,7.71867625899281,463.173,138,147.84375,20,23
running,2021,7,8,2021-07-08T00:14:51Z,1609.34,7.6417094017094,458.477,142,148.984375,16,12
running,2021,7,8,2021-07-08T00:15:59Z,207.08,7.82678727750219,60.419,132,149.859375,0,2
cycling,2021,7,8,2021-07-08T03:46:28Z,8046.72,7.59626168224299,2278.665,138,513.984375,121,125
cycling,2021,7,8,2021-07-08T03:59:13Z,3151.78,5.98847957133289,703.616,156,513.984375,19,14
running,2021,7,9,2021-07-09T00:45:43Z,1609.34,7.6135112120352,456.782,133,147.8125,10,15
running,2021,7,9,2021-07-09T00:53:29Z,1609.34,7.7656050955414,465.92,140,148.421875,19,19
running,2021,7,9,2021-07-09T01:00:53Z,1609.34,7.41359867330017,444.816,142,148.84375,18,9
running,2021,7,9,2021-07-09T01:01:24Z,85.14,7.5006711409396,23.812,140,145.671875,0,0
running,2021,7,10,2021-07-10T00:39:35Z,1609.34,9.2746887966805,556.396,141,149.75,88,2
running,2021,7,10,2021-07-10T00:50:20Z,1609.34,10.1025988700565,645.46,130,149.953125,35,107
running,2021,7,10,2021-07-10T00:59:48Z,1609.34,9.45782792665726,567.499,154,150.671875,105,38
running,2021,7,10,2021-07-10T01:05:35Z,982.77,9.12326530612245,334.304,122,151.78125,7,77
cycling,2021,7,10,2021-07-10T14:10:10Z,8046.72,9.08925787868519,2726.991,129,513.984375,147,77
cycling,2021,7,10,2021-07-10T14:53:48Z,8046.72,8.72840872111943,2618.121,120,513.984375,74,140
cycling,2021,7,10,2021-07-10T14:53:53Z,64.36,1.07690207572168,2.584,91,513.984375,0,0
running,2021,7,11,2021-07-11T17:05:45Z,1609.34,9.92319644839068,595.456,130,148.734375,59,0
running,2021,7,11,2021-07-11T17:14:29Z,1609.34,8.14527786213179,524.046,130,149.734375,17,21
running,2021,7,11,2021-07-11T17:22:30Z,1609.34,8.01865470852018,481.143,132,151.015625,16,15
running,2021,7,11,2021-07-11T17:30:54Z,1609.34,8.40564086493262,504.356,138,151.765625,39,2
running,2021,7,11,2021-07-11T17:39:19Z,1609.34,8.40300751879699,504.244,131,151.25,0,56
running,2021,7,11,2021-07-11T17:48:28Z,1359.46,9.16691729323308,498.113,135,149.296875,15,43
cycling,2021,7,11,2021-07-11T22:19:10Z,8046.72,9.24272915230875,2772.559,139,513.984375,140,107
cycling,2021,7,11,2021-07-11T23:11:57Z,8046.72,9.48793774319066,3167.194,133,513.984375,81,132
cycling,2021,7,11,2021-07-11T23:19:28Z,1819.52,6.61628021706956,448.782,136,513.984375,14,9
running,2021,7,12,2021-07-12T17:17:54Z,1609.34,9.78919708029197,587.271,149,150.59375,117,0
running,2021,7,12,2021-07-12T17:27:44Z,1609.34,9.82865518504947,589.725,130,148,29,115
running,2021,7,12,2021-07-12T17:38:28Z,1609.34,10.737550040032,644.288,140,150.390625,89,80
running,2021,7,12,2021-07-12T17:49:00Z,1609.34,10.5227147901138,631.406,147,153.046875,111,34
running,2021,7,12,2021-07-12T17:57:26Z,1609.34,8.448,506.802,127,150.375,0,112
running,2021,7,12,2021-07-12T17:57:56Z,92.36,8.10099667774086,27.893,132,150.609375,0,0
cycling,2021,7,13,2021-07-13T14:09:37Z,8046.72,9.51148936170213,2853.804,124,513.984375,117,121
cycling,2021,7,13,2021-07-13T15:02:59Z,8046.72,10.6734580183048,3201.811,121,513.984375,95,68
cycling,2021,7,13,2021-07-13T15:08:34Z,1262.73,7.01422594142259,330.177,116,513.984375,5,25
running,2021,7,14,2021-07-14T18:46:21Z,1609.34,7.67231121281465,460.338,143,150.875,11,14
running,2021,7,14,2021-07-14T18:54:19Z,1609.34,7.96389548693587,477.78,168,148.6875,22,19
running,2021,7,14,2021-07-14T19:02:03Z,1609.34,7.74542304360381,464.672,138,147.859375,15,6
running,2021,7,14,2021-07-14T19:03:20Z,139.19,7.66354285714286,39.765,134,146.59375,0,0
cycling,2021,7,14,2021-07-14T22:29:02Z,8046.72,11.6720626631854,3501.098,149,513.984375,506,89
cycling,2021,7,14,2021-07-14T23:05:32Z,8046.72,7.29861224489796,2189.53,130,513.984375,78,390
cycling,2021,7,14,2021-07-14T23:39:43Z,5671.3,9.69017341040462,2049.089,141,513.984375,112,171
running,2021,7,15,2021-07-15T23:48:42Z,1609.34,9.15127942681679,549.068,131,160.78125,21,83
running,2021,7,15,2021-07-15T23:57:59Z,1609.34,9.28110726643598,556.931,158,163.25,75,83
running,2021,7,16,2021-07-16T00:07:08Z,1609.34,9.15440273037543,549.306,163,158.640625,81,24
running,2021,7,16,2021-07-16T00:15:01Z,1609.34,7.87967097532315,472.765,160,156.140625,35,25
running,2021,7,16,2021-07-16T00:19:09Z,716.6,9.19204934886909,245.564,151,152.21875,17,10
cycling,2021,7,16,2021-07-16T14:41:18Z,8046.72,13.1032730825598,3931.449,143,513.984375,493,119
cycling,2021,7,16,2021-07-16T15:26:27Z,8046.72,9.03111111111111,2709.196,120,513.984375,77,449
cycling,2021,7,16,2021-07-16T15:29:06Z,620.54,6.78018200202225,156.872,126,513.984375,9,12
running,2021,7,16,2021-07-16T23:44:20Z,1609.34,10.1792789373814,610.766,123,150.75,21,78
running,2021,7,16,2021-07-16T23:59:00Z,1609.34,14.6650628758885,879.998,135,140.953125,109,56
running,2021,7,17,2021-07-17T00:09:31Z,1609.34,10.5227147901138,631.285,134,151.921875,58,37
running,2021,7,17,2021-07-17T00:18:58Z,1609.34,9.45449418399718,567.17,132,150.484375,30,46
running,2021,7,17,2021-07-17T00:20:24Z,258.66,8.6860103626943,83.769,144,150.90625,11,3
running,2021,7,18,2021-07-18T23:07:06Z,1609.34,9.4279086115993,565.761,137,150.21875,19,14
running,2021,7,18,2021-07-18T23:07:15Z,31.1,8.1181598062954,9.412,143,151.625,0,0
running,2021,7,18,2021-07-18T23:13:53Z,1609.34,6.62936233316856,397.749,170,167.84375,20,18
running,2021,7,18,2021-07-18T23:19:28Z,869.29,9.12016320979259,335.342,142,148.9375,17,16
running,2021,7,18,2021-07-18T23:25:44Z,1609.34,6.26838046272494,376.076,175,168.65625,44,30
running,2021,7,18,2021-07-18T23:30:16Z,833.45,8.75119086460033,271.942,153,150.171875,8,20
running,2021,7,18,2021-07-18T23:36:24Z,1609.34,6.13223593964335,367.897,179,169.453125,25,21
running,2021,7,18,2021-07-18T23:45:39Z,1609.34,9.2459152016546,554.725,152,150.515625,28,30
running,2021,7,18,2021-07-18T23:47:27Z,305.17,9.28753462603878,105.673,150,150.140625,2,2
running,2021,7,20,2021-07-20T01:20:46Z,1609.34,8.64402191427651,518.682,129,149.765625,2,2
running,2021,7,20,2021-07-20T01:29:10Z,1609.34,8.40300751879699,504.184,133,149.0625,3,2
running,2021,7,20,2021-07-20T01:37:31Z,1609.34,8.34289269051322,500.559,136,147.609375,0,2
running,2021,7,20,2021-07-20T01:44:41Z,1359.36,8.19254734270006,426.027,136,143.109375,2,12
running,2021,7,22,2021-07-22T00:19:18Z,1609.34,8.45865657521287,507.518,118,149.359375,10,14
running,2021,7,22,2021-07-22T00:27:51Z,1609.34,8.55033471469557,512.953,131,147.453125,21,19
running,2021,7,22,2021-07-22T00:36:25Z,1609.34,8.5530612244898,513.183,130,148.671875,69,6
running,2021,7,22,2021-07-22T00:37:48Z,262.94,7.91922054915855,77.637,123,148.671875,0,9
running,2021,7,22,2021-07-22T16:00:10Z,1609.34,11.2040100250627,672.126,124,152.5,18,89
running,2021,7,22,2021-07-22T16:18:29Z,1609.34,11.6366160520607,1099.057,141,150.34375,108,21
running,2021,7,22,2021-07-22T16:28:39Z,1609.34,10.1754172989378,610.432,128,147.3125,14,33
running,2021,7,22,2021-07-22T16:39:31Z,1609.34,10.8592712550607,651.456,133,151.796875,41,40
running,2021,7,22,2021-07-22T16:40:45Z,202.88,9.29719237435009,70.32,134,150.40625,4,0
running,2021,7,23,2021-07-23T20:30:41Z,1609.34,9.98972067039106,659.914,126,148.703125,36,6
running,2021,7,23,2021-07-23T20:39:59Z,1609.34,9.23318416523236,557.979,150,147.515625,19,10
running,2021,7,23,2021-07-23T20:48:38Z,1609.34,8.66076848563126,519.593,146,148.15625,4,17
running,2021,7,23,2021-07-23T20:55:59Z,1276.34,9.22683178534572,439.037,151,149.125,8,25
running,2021,7,24,2021-07-24T19:01:20Z,1609.34,9.12636951343995,547.624,123,148.625,15,13
running,2021,7,24,2021-07-24T19:11:14Z,1609.34,9.05550303848751,594.398,130,148.84375,10,10
running,2021,7,24,2021-07-24T19:20:13Z,1609.34,8.98572864321608,539.173,136,149.265625,7,5
running,2021,7,24,2021-07-24T19:21:06Z,124.55,7.95916913946588,52.641,131,138.5625,0,22
running,2021,7,24,2021-07-24T19:27:22Z,1609.34,6.27424561403509,376.483,163,166.40625,7,14
running,2021,7,24,2021-07-24T19:35:02Z,1609.34,7.65916619074814,459.556,153,149.40625,11,7
running,2021,7,24,2021-07-24T19:43:12Z,1609.34,8.1157034795764,490.109,147,149.703125,13,8
running,2021,7,24,2021-07-24T19:46:57Z,759.85,7.94973325429757,225.196,148,145.546875,2,9
running,2021,7,25,2021-07-25T22:27:06Z,1609.34,9.48123011664899,568.957,122,149.015625,0,130
running,2021,7,25,2021-07-25T22:27:26Z,55.24,9.68667388949079,19.948,130,146.46875,0,2
running,2021,7,25,2021-07-25T22:35:55Z,1470.16,9.29397089397089,509.365,163,153.015625,101,0
running,2021,7,25,2021-07-25T22:44:23Z,1492.18,9.12636951343995,507.729,133,149.4375,2,102
running,2021,7,25,2021-07-25T22:51:15Z,1379.82,8.02105263157895,412.589,177,161.5,99,0
running,2021,7,25,2021-07-25T22:59:43Z,1502.97,9.06774847870182,508.093,141,147.125,2,102
running,2021,7,25,2021-07-25T23:05:43Z,1360.76,7.08649933949802,359.51,188,164.9375,108,0
running,2021,7,25,2021-07-25T23:08:48Z,484.06,9.87206477732793,178.132,162,141.75,2,0
running,2021,7,26,2021-07-26T22:54:14Z,1609.34,8.39511737089202,503.775,131,147.203125,12,16
running,2021,7,26,2021-07-26T23:02:41Z,1609.34,8.448,506.935,138,146.03125,20,19
running,2021,7,26,2021-07-26T23:10:53Z,1609.34,8.20256880733945,492.157,142,146.28125,15,7
running,2021,7,26,2021-07-26T23:11:54Z,182.79,8.25812807881773,56.273,137,147.265625,0,2
running,2021,7,27,2021-07-27T22:02:37Z,1609.34,8.20507800550627,492.313,134,147.9375,7,14
running,2021,7,27,2021-07-27T22:10:51Z,1609.34,8.24036866359447,494.38,139,147.859375,18,24
running,2021,7,27,2021-07-27T22:19:46Z,1609.34,8.91702127659574,534.995,140,148.59375,41,38
running,2021,7,27,2021-07-27T22:27:51Z,1609.34,8.08147032238626,484.926,146,148.609375,18,14
running,2021,7,27,2021-07-27T22:28:34Z,134.63,8.01865470852018,40.244,143,149.1875,0,0
running,2021,7,29,2021-07-29T00:45:38Z,1609.34,8.63845410628019,518.23,133,146.953125,12,16
running,2021,7,29,2021-07-29T00:53:56Z,1609.34,8.30157845868152,498.027,129,146.75,18,21
running,2021,7,29,2021-07-29T01:02:17Z,1609.34,8.34808590102708,500.929,134,147.671875,16,2
running,2021,7,29,2021-07-29T01:03:42Z,233.84,8.08390596745027,70.48,128,147.390625,0,5
running,2021,7,30,2021-07-30T00:01:53Z,1609.34,8.40564086493262,504.264,131,147.25,7,14
running,2021,7,30,2021-07-30T00:10:27Z,1609.34,8.57219558964525,514.271,136,147.265625,18,21
running,2021,7,30,2021-07-30T00:18:47Z,1609.34,8.32735175411363,499.71,142,147.625,17,6
running,2021,7,30,2021-07-30T00:19:29Z,128.15,8.25558633425669,39.448,139,147.75,0,2
running,2021,7,30,2021-07-30T23:35:30Z,1609.34,13.6848979591837,821.117,133,146.796875,75,88
running,2021,7,30,2021-07-30T23:52:25Z,1609.34,15.6856140350877,1014.938,142,142.515625,91,95
running,2021,7,31,2021-07-31T00:05:41Z,1609.34,13.2784158415842,796.606,143,154.09375,69,126
running,2021,7,31,2021-07-31T00:16:04Z,1609.34,10.3842044134727,622.951,161,149.359375,87,7
running,2021,7,31,2021-07-31T00:20:31Z,795.92,8.25558633425669,244.973,151,148.859375,6,9
running,2021,7,31,2021-07-31T18:30:11Z,1609.34,8.49078822412156,509.515,123,150.140625,16,16
running,2021,7,31,2021-07-31T18:38:25Z,1609.34,8.23278084714549,493.961,137,150.5625,15,16
running,2021,7,31,2021-07-31T18:46:44Z,1609.34,8.32735175411363,499.666,138,148.4375,14,17
running,2021,7,31,2021-07-31T18:55:13Z,1609.34,8.1181598062954,508.319,140,147.9375,18,16
running,2021,7,31,2021-07-31T19:03:33Z,1609.34,8.33252562907735,500.016,140,151.765625,16,17
running,2021,7,31,2021-07-31T19:06:03Z,400.8,9.39488616462347,140.4,143,153.796875,3,0
running,2021,8,2,2021-08-02T13:22:54Z,1609.34,9.96004455997029,597.584,124,147.671875,29,38
running,2021,8,2,2021-08-02T13:33:10Z,1609.34,10.2767816091954,616.654,151,155.828125,117,39
running,2021,8,2,2021-08-02T13:43:55Z,1609.34,10.4164660194175,644.739,136,152.328125,87,37
running,2021,8,2,2021-08-02T14:02:26Z,1264.99,21.1366430260047,1111.557,99,74.34375,2,84
running,2021,8,2,2021-08-02T14:02:34Z,11.5,17.8459081836327,7.65,106,148.25,0,2
running,2021,8,2,2021-08-02T14:03:05Z,18.61,16.9654648956357,30.929,104,106.609375,0,3
running,2021,8,2,2021-08-02T14:11:35Z,1609.34,8.50155309033281,510.015,134,150.609375,26,47
running,2021,8,2,2021-08-02T14:12:11Z,96.25,9.28110726643598,33.301,135,148.96875,2,0
cycling,2021,8,2,2021-08-02T17:32:19Z,8046.72,10.5683215130024,3170.176,139,513.984375,334,18
cycling,2021,8,2,2021-08-02T18:20:47Z,8046.72,9.69367546078786,2908.112,136,513.984375,173,337
cycling,2021,8,2,2021-08-02T18:33:00Z,2667.96,7.34860273972603,730.888,116,513.984375,0,144
running,2021,8,3,2021-08-03T14:04:26Z,1609.34,9.26187845303867,555.629,144,156.4375,90,36
running,2021,8,3,2021-08-03T14:12:49Z,1609.34,8.38462019381057,503.078,143,156.03125,55,98
running,2021,8,3,2021-08-03T14:21:20Z,1609.34,8.51504761904762,510.919,132,150.625,8,52
running,2021,8,3,2021-08-03T14:29:36Z,1609.34,8.26831072749692,496.135,143,151.46875,35,2
running,2021,8,3,2021-08-03T14:29:56Z,42.94,8.50424857324033,13.615,163,149,2,0
cycling,2021,8,3,2021-08-03T17:18:38Z,8046.72,10.1407939508507,3214.443,142,513.984375,305,28
cycling,2021,8,3,2021-08-03T18:04:04Z,8046.72,9.08617886178862,2725.777,121,513.984375,64,437
cycling,2021,8,3,2021-08-03T18:21:32Z,2828.88,9.91952662721893,1046.031,145,513.984375,111,11
cycling,2021,8,4,2021-08-04T15:47:04Z,8046.72,11.9689424364123,3736.01,147,513.984375,471,226
cycling,2021,8,4,2021-08-04T16:07:23Z,2884.36,11.3174683544304,1216.805,114,513.984375,0,278
running,2021,8,5,2021-08-05T13:55:29Z,1609.34,9.22365887207703,553.507,128,148.984375,33,31
running,2021,8,5,2021-08-05T14:04:25Z,1609.34,8.91998669770535,535.144,136,149.53125,43,0
running,2021,8,5,2021-08-05T14:13:29Z,1609.34,8.29644293226106,544.176,132,149.359375,15,16
running,2021,8,5,2021-08-05T14:21:11Z,1609.34,7.70315910396324,462.242,137,151.34375,2,36
running,2021,8,5,2021-08-05T14:25:21Z,887.62,7.54710185706247,249.741,134,151.359375,0,35
running,2021,8,5,2021-08-05T14:28:48Z,735.19,7.15264,196.039,140,159.09375,32,2
cycling,2021,8,5,2021-08-05T23:28:30Z,8046.72,9.62411194833154,2887.554,132,513.984375,283,291
cycling,2021,8,6,2021-08-06T00:35:32Z,8046.72,13.4044977511244,4021.927,121,513.984375,254,202
cycling,2021,8,6,2021-08-06T00:50:33Z,1791.1,13.4650602409639,899.036,118,513.984375,38,36
cycling,2021,8,6,2021-08-06T15:45:20Z,8046.72,11.3413953488372,3402.968,142,513.984375,428,330
cycling,2021,8,6,2021-08-06T15:52:35Z,1259.77,6.60975850172499,310.432,113,513.984375,0,61
running,2021,8,6,2021-08-06T22:18:05Z,1609.34,9.01593277310924,540.912,129,148.328125,2,31
running,2021,8,6,2021-08-06T22:27:17Z,1609.34,9.18890030832477,551.417,137,149.40625,24,2
running,2021,8,6,2021-08-06T22:41:50Z,1609.34,8.86105054509415,872.358,131,147.9375,0,19
running,2021,8,6,2021-08-06T22:49:51Z,1609.34,8.01625821876868,481.011,141,150.578125,16,2
running,2021,8,6,2021-08-06T22:58:29Z,1609.34,8.40564086493262,518.243,141,149.28125,23,9
running,2021,8,6,2021-08-06T22:59:13Z,12.15,8.44002517306482,3.823,136,147.5,0,0
running,2021,8,7,2021-08-07T18:19:12Z,1609.34,9.76780772032047,585.977,136,151,58,0
running,2021,8,7,2021-08-07T18:28:37Z,1609.34,8.68319844609906,565.867,137,150.703125,26,26
running,2021,8,7,2021-08-07T18:36:10Z,1609.34,7.54285714285714,452.551,145,152.90625,10,13
running,2021,8,7,2021-08-07T18:44:08Z,1609.34,7.9709955423477,478.21,153,154.65625,36,18
running,2021,8,7,2021-08-07T18:52:19Z,1609.34,8.17257769652651,490.351,140,152.515625,27,43
running,2021,8,7,2021-08-07T19:00:39Z,1609.34,8.35068493150685,500.979,149,153.578125,37,10
running,2021,8,7,2021-08-07T19:08:48Z,1609.34,8.13539581437671,488.135,131,152.828125,0,82
running,2021,8,7,2021-08-07T19:11:56Z,476.13,8.05235664965476,185.778,128,144.65625,0,0
cycling,2021,8,8,2021-08-08T14:58:53Z,8046.72,14.1842411422528,4255.503,132,513.984375,505,125
cycling,2021,8,8,2021-08-08T16:00:33Z,7775.71,12.7543509272468,3697.423,113,513.984375,79,464
running,2021,8,11,2021-08-11T23:28:07Z,1609.34,10.6734580183048,650.234,133,149.59375,20,39
running,2021,8,11,2021-08-11T23:38:08Z,1609.34,9.97115241635688,601.126,145,150.890625,47,32
running,2021,8,11,2021-08-11T23:47:16Z,1609.34,9.12326530612245,547.402,151,150.71875,31,10
running,2021,8,11,2021-08-11T23:49:51Z,475.09,8.54488690665817,151.345,143,150.078125,0,11
running,2021,8,13,2021-08-13T01:11:40Z,1609.34,8.09855072463768,485.89,129,148.421875,9,16
running,2021,8,13,2021-08-13T01:19:55Z,1609.34,8.24290104486786,494.61,143,150.109375,29,21
running,2021,8,13,2021-08-13T01:28:16Z,1609.34,8.36109725685786,501.626,141,150.46875,25,45
running,2021,8,13,2021-08-13T01:35:02Z,1277.44,8.47737041719343,403.721,148,149.9375,32,7
cycling,2021,8,13,2021-08-13T14:30:04Z,8046.72,8.8,2639.616,133,513.984375,111,108
cycling,2021,8,13,2021-08-13T14:45:32Z,3557.37,6.83025210084034,905.805,142,513.984375,11,16
cycling,2021,8,14,2021-08-14T16:39:26Z,8046.72,14.9678571428571,4490.815,121,513.984375,159,111
cycling,2021,8,14,2021-08-14T16:54:52Z,1854.91,13.3511199601792,923.091,117,513.984375,12,39
cycling,2021,8,15,2021-08-15T03:09:53Z,8046.72,10.0571428571429,3219.017,128,513.984375,127,116
cycling,2021,8,15,2021-08-15T03:33:29Z,3974.13,9.54194236926361,1414.007,134,513.984375,66,80
cycling,2021,8,18,2021-08-18T00:44:31Z,8046.72,5.33354543646848,1631.827,128,513.984375,95,116
cycling,2021,8,18,2021-08-18T01:14:34Z,8046.72,6.00860215053763,1802.701,135,513.984375,66,87
cycling,2021,8,18,2021-08-18T01:28:22Z,3160.35,7.00140955364135,824.97,121,513.984375,59,42
cycling,2021,8,18,2021-08-18T15:57:09Z,8046.72,11.8840939299956,3787.755,155,513.984375,508,65
cycling,2021,8,18,2021-08-18T16:38:44Z,8046.72,8.314445133292,2494.657,127,513.984375,77,488
cycling,2021,8,18,2021-08-18T16:46:23Z,1752.25,6.99046129788898,456.617,144,513.984375,18,45
cycling,2021,8,20,2021-08-20T00:43:17Z,8046.72,7.90987909171336,2373.225,133,513.984375,240,260
cycling,2021,8,20,2021-08-20T01:05:01Z,1338.62,12.6045112781955,629.145,134,513.984375,35,76
cycling,2021,8,20,2021-08-20T01:23:21Z,4820.68,6.02344486862789,1086.918,124,513.984375,73,30
cycling,2021,8,21,2021-08-21T00:18:15Z,8046.72,7.74095238095238,2794.7,128,513.984375,119,123
cycling,2021,8,21,2021-08-21T00:59:49Z,7292.58,8.70009730781706,2365.104,121,513.984375,81,103
cycling,2021,8,21,2021-08-21T19:31:11Z,8046.72,10.3282248748556,3189.074,153,513.984375,575,102
cycling,2021,8,21,2021-08-21T20:07:04Z,8046.72,7.17752207653198,2153.173,139,513.984375,208,402
cycling,2021,8,21,2021-08-21T20:39:13Z,5932.31,8.71139980513154,1926.673,136,513.984375,80,274
cycling,2021,8,22,2021-08-22T20:52:25Z,8046.72,10.7590854392298,3484.913,125,513.984375,255,196
cycling,2021,8,22,2021-08-22T21:17:58Z,4337.83,9.46450247000706,1530.795,112,513.984375,62,169
cycling,2021,8,24,2021-08-24T00:49:54Z,8046.72,6.48824383164006,1946.438,116,513.984375,85,83
cycling,2021,8,24,2021-08-24T01:08:15Z,3960.94,7.43620737454949,1098.082,116,513.984375,46,52
cycling,2021,8,25,2021-08-25T01:01:36Z,8046.72,9.81068032187271,3049.4,163,513.984375,504,115
cycling,2021,8,25,2021-08-25T01:19:03Z,5289.23,5.26859163229228,1039.029,121,513.984375,16,369
cycling,2021,8,27,2021-08-27T03:19:01Z,6919.77,12.8152890587673,3306.683,142,513.984375,115,183
cycling,2021,8,28,2021-08-28T16:56:47Z,8046.72,15.6947922761849,4709.399,121,513.984375,271,142
cycling,2021,8,28,2021-08-28T17:26:45Z,4888.7,9.8539309331374,1795.821,111,513.984375,29,172
cycling,2021,8,28,2021-08-28T18:58:52Z,8046.72,13.8473928755808,4191.691,127,513.984375,315,24
cycling,2021,8,28,2021-08-28T19:08:45Z,655.46,20.0916853932584,490.802,154,513.984375,58,5
cycling,2021,8,28,2021-08-28T20:09:05Z,8046.72,11.2557280738565,3376.622,130,513.984375,204,341
cycling,2021,8,28,2021-08-28T21:27:44Z,7826.68,16.1678119349005,4716.617,127,513.984375,178,344
cycling,2021,8,28,2021-08-28T22:47:05Z,8046.72,13.9554630593132,4186.834,129,513.984375,259,201
cycling,2021,8,28,2021-08-28T23:26:07Z,7548.14,8.31186860861481,2339.343,129,513.984375,72,179
cycling,2021,8,29,2021-08-29T19:26:03Z,8046.72,11.0699133305819,3320.522,128,513.984375,237,138
cycling,2021,8,29,2021-08-29T19:36:41Z,2161.15,7.87273260933372,634.322,107,513.984375,27,122
cycling,2021,8,31,2021-08-31T01:16:52Z,8046.72,7.6135112120352,2283.893,128,513.984375,310,312
cycling,2021,8,31,2021-08-31T01:29:34Z,2850.92,7.14882729211087,759.746,135,513.984375,104,103
cycling,2021,8,31,2021-08-31T23:17:14Z,8046.72,6.3200754005655,1956.408,114,513.984375,107,87
cycling,2021,8,31,2021-08-31T23:43:17Z,6054.84,6.20601573345673,1554.947,125,513.984375,72,74
cycling,2021,9,2,2021-09-02T18:31:37Z,3629.23,23.1827139152982,3136.288,109,513.984375,118,80
cycling,2021,9,2,2021-09-02T22:12:39Z,5472.26,15.9847437425507,3450.377,146,513.984375,494,0
cycling,2021,9,2,2021-09-02T22:57:59Z,6325.89,10.9658217497956,2586.525,125,513.984375,61,579
cycling,2021,9,3,2021-09-03T18:53:28Z,5574.62,21.1867298578199,4403.369,100,513.984375,51,189
cycling,2021,9,3,2021-09-03T23:09:05Z,8046.72,18.050067294751,5744.42,132,513.984375,411,378
cycling,2021,9,3,2021-09-03T23:54:49Z,4302.77,17.0843312101911,2741.02,128,513.984375,182,178
cycling,2021,9,4,2021-09-04T15:29:31Z,8046.72,12.7543509272468,4149.873,132,513.984375,318,390
cycling,2021,9,4,2021-09-04T15:40:55Z,2845.73,6.42760603882099,681.912,123,513.984375,13,173
cycling,2021,9,6,2021-09-06T01:47:32Z,8046.72,11.601384083045,3480.66,128,513.984375,260,154
cycling,2021,9,6,2021-09-06T01:58:15Z,2926.72,5.86795012032378,640.27,120,513.984375,10,93
cycling,2021,9,8,2021-09-08T00:27:29Z,8046.72,6.15898966704937,1949.884,107,513.984375,110,115
cycling,2021,9,8,2021-09-08T00:31:32Z,886.54,7.14311584553928,236.093,120,513.984375,7,9
floor_climbing,2021,9,9,2021-09-09T00:57:44Z,0,Inf,1670.757,85,513.984375,0,0
fitness_equipment,2021,9,10,2021-09-10T00:24:04Z,0,Inf,2104.368,161,111.5,65535,65535
cycling,2021,9,11,2021-09-11T18:06:29Z,8046.72,7.46934001670844,2332.001,145,513.984375,111,147
cycling,2021,9,11,2021-09-11T19:11:46Z,8046.72,12.7604186489058,3916.492,141,513.984375,63,70
cycling,2021,9,11,2021-09-11T19:14:08Z,500.16,6.97047817047817,129.969,119,513.984375,0,2
cycling,2021,9,12,2021-09-12T14:49:23Z,6609.85,13.5740890688259,3345.54,154,513.984375,503,16
cycling,2021,9,12,2021-09-12T15:58:13Z,8046.72,10.4407940833009,3132.358,131,513.984375,197,414
cycling,2021,9,12,2021-09-12T16:11:08Z,2314.66,8.95273698264352,772.689,121,513.984375,43,65
cycling,2021,9,16,2021-09-16T22:43:40Z,8046.72,9.51823988644429,2855.852,143,513.984375,328,301
cycling,2021,9,16,2021-09-16T23:03:45Z,3839.78,8.40300751879699,1202.862,126,513.984375,65,72
fitness_equipment,2021,9,17,2021-09-17T23:43:07Z,0,Inf,2101.48,161,115.71875,65535,65535
cycling,2021,9,18,2021-09-18T18:59:46Z,8046.72,9.92319644839068,3086.3,145,513.984375,120,131
cycling,2021,9,18,2021-09-18T19:30:48Z,6020.06,8.28107440568077,1858.808,149,513.984375,61,78
cycling,2021,9,19,2021-09-19T17:52:49Z,8046.72,5.63140877598152,1689.582,137,513.984375,123,103
cycling,2021,9,19,2021-09-19T18:18:03Z,8046.72,4.60945179584121,1514.653,144,513.984375,23,26
cycling,2021,9,19,2021-09-19T18:28:07Z,2651.61,5.63732660781841,557.297,135,513.984375,39,43
cycling,2021,9,21,2021-09-21T00:07:35Z,7309.79,6.33949420940676,1727.735,129,513.984375,159,251
cycling,2021,9,21,2021-09-21T00:18:12Z,2140.75,7.9852337005061,637.27,155,513.984375,100,95
cycling,2021,9,21,2021-09-21T00:28:55Z,2123.97,8.10589301903898,641.889,159,513.984375,95,101
cycling,2021,9,21,2021-09-21T01:00:50Z,5785.93,8.40564086493262,1912.086,150,513.984375,200,105
fitness_equipment,2021,9,22,2021-09-22T00:28:36Z,0,Inf,2102.981,146,117.359375,65535,65535
fitness_equipment,2021,9,23,2021-09-23T00:40:51Z,0,Inf,1918.936,154,120.96875,65535,65535
cycling,2021,10,2,2021-10-02T21:35:28Z,3110.2,6.22329466357309,1030.531,102,513.984375,4,20
cycling,2021,10,2,2021-10-02T21:52:01Z,8046.72,3.0263341983527,993.111,154,513.984375,10,7
cycling,2021,10,2,2021-10-02T22:06:25Z,8046.72,2.88134063809217,864.375,174,513.984375,12,6
cycling,2021,10,2,2021-10-02T22:26:46Z,8046.72,3.60128893662728,1220.355,136,513.984375,7,10
cycling,2021,10,2,2021-10-02T22:45:24Z,8046.72,3.62171212530381,1118.012,127,513.984375,0,0
cycling,2021,10,2,2021-10-02T23:05:45Z,8046.72,4.07140255009107,1221.4,127,513.984375,14,12
cycling,2021,10,2,2021-10-02T23:31:28Z,7996.67,4.52088319568515,1347.915,123,513.984375,7,7
cycling,2021,10,3,2021-10-03T18:40:24Z,8046.72,8.13292904790782,2768.498,145,513.984375,305,166
cycling,2021,10,3,2021-10-03T19:20:20Z,8046.72,7.60703346568349,2395.752,140,513.984375,166,199
cycling,2021,10,3,2021-10-03T19:24:05Z,786.22,6.56446402349486,192.401,127,513.984375,0,41
cycling,2021,10,9,2021-10-09T19:00:00Z,4538.52,5.66710331713501,1086.375,112,513.984375,16,61
cycling,2021,10,9,2021-10-09T19:14:21Z,8046.72,2.87300771208226,861.92,168,513.984375,3,2
cycling,2021,10,9,2021-10-09T19:16:15Z,843.97,3.59501407318054,113.121,154,513.984375,2,0
cycling,2021,10,9,2021-10-09T19:27:38Z,6156.71,2.9779504829577,683.528,178,513.984375,11,7
cycling,2021,10,9,2021-10-09T19:42:27Z,4549.21,3.85157955198162,889.202,141,513.984375,5,7
cycling,2021,10,9,2021-10-09T19:48:31Z,3266.11,2.98524207011686,363.492,173,513.984375,3,7
cycling,2021,10,9,2021-10-09T20:08:34Z,8046.72,4.0099267454029,1202.999,138,513.984375,12,12
cycling,2021,10,9,2021-10-09T20:23:56Z,4641.89,5.30716264345073,918.506,111,513.984375,10,11
swimming,2021,10,11,2021-10-11T00:08:04Z,891.54,29.769589345172,1039.407,129,59.984375,65535,65535
swimming,2021,10,11,2021-10-11T00:08:42Z,0,Inf,3.312,132,3.984375,65535,65535
swimming,2021,10,11,2021-10-11T00:09:02Z,0,Inf,17.581,117,3.984375,65535,65535
swimming,2021,10,11,2021-10-11T00:19:16Z,502.92,32.512,609.267,138,57.984375,65535,65535
swimming,2021,10,16,2021-10-16T23:43:29Z,457.2,30.2735891647856,539.239,129,57.984375,65535,65535
swimming,2021,10,17,2021-10-17T00:02:10Z,960.12,29.9691620111732,1073.015,145,57.984375,65535,65535
swimming,2021,10,17,2021-10-17T00:13:01Z,480.06,32.1226347305389,574.654,149,55.984375,65535,65535
cycling,2021,10,24,2021-10-24T00:59:02Z,0,Inf,1933.891,106,513.984375,65535,65535
cycling,2021,10,24,2021-10-24T22:54:39Z,0,Inf,2169.749,98,513.984375,65535,65535
cycling,2021,11,7,2021-11-07T01:15:25Z,0,Inf,1521.908,138,513.984375,65535,65535
cycling,2021,11,7,2021-11-07T23:37:57Z,0,Inf,3125.412,117,513.984375,65535,65535
cycling,2021,11,13,2021-11-13T23:38:53Z,0,Inf,1944.073,119,513.984375,65535,65535
cycling,2021,11,14,2021-11-14T23:16:50Z,0,Inf,2441.609,107,513.984375,65535,65535
cycling,2021,11,20,2021-11-20T23:08:59Z,0,Inf,1847.724,118,513.984375,65535,65535
running,2021,12,3,2021-12-03T23:32:11Z,1609.34,8.9081368316174,534.546,130,150.5625,125,0
running,2021,12,3,2021-12-03T23:41:03Z,1609.34,8.86984126984127,532.257,142,150.109375,4,2
running,2021,12,3,2021-12-03T23:48:11Z,1231.51,8.90517928286853,425.604,151,147.3125,0,2
running,2021,12,5,2021-12-05T00:34:47Z,1609.34,9.76780772032047,606.969,146,145.40625,7,3
running,2021,12,5,2021-12-05T00:44:17Z,1609.34,9.29719237435009,569.77,155,149.078125,6,2
running,2021,12,5,2021-12-05T00:44:22Z,7.68,10.8067687348912,3.095,151,147.328125,0,0
running,2021,12,7,2021-12-07T00:25:23Z,1609.34,9.16378544584899,549.739,138,149.515625,4,0
running,2021,12,7,2021-12-07T00:34:54Z,1609.34,8.72556929082628,571.599,145,146.953125,2,0
running,2021,12,7,2021-12-07T00:43:28Z,1609.34,8.56125119693584,513.613,161,150.265625,4,0
running,2021,12,7,2021-12-07T00:43:39Z,29.26,8.45598991172762,9.224,164,149.5625,0,0
running,2021,12,8,2021-12-08T00:31:55Z,1609.34,8.22016549187864,500.062,133,149.5625,4,0
running,2021,12,8,2021-12-08T00:40:18Z,1609.34,8.0499399759904,502.703,150,149.5625,0,0
running,2021,12,8,2021-12-08T00:48:51Z,1609.34,8.1157034795764,513.154,163,148.421875,2,4
running,2021,12,8,2021-12-08T00:54:19Z,879.64,8.49616724738676,325.075,167,148.578125,0,4
running,2021,12,10,2021-12-10T00:37:58Z,1609.34,7.89590815425375,473.692,125,151.015625,5,0
running,2021,12,10,2021-12-10T00:52:26Z,1609.34,8.28107440568077,868.1,133,144.15625,0,0
running,2021,12,10,2021-12-10T01:01:58Z,1609.34,8.48810126582279,571.637,155,147.375,2,0
running,2021,12,10,2021-12-10T01:05:46Z,746.23,8.11079528273359,225.659,158,151.609375,7,4
running,2021,12,10,2021-12-10T23:29:48Z,1609.34,7.39316427783903,489.694,129,148.25,5,0
running,2021,12,10,2021-12-10T23:36:52Z,1609.34,7.06968898260411,424.148,143,152.078125,2,0
running,2021,12,10,2021-12-10T23:44:11Z,1609.34,7.32052401746725,439.286,164,150.921875,2,2
running,2021,12,10,2021-12-10T23:50:01Z,997.77,7.47350236834773,347.339,150,141.890625,0,0
running,2021,12,12,2021-12-12T21:37:11Z,1609.34,8.03065868263473,490.265,126,148.453125,9,3
running,2021,12,12,2021-12-12T21:45:23Z,1609.34,7.94031971580817,492.71,141,146.6875,2,0
running,2021,12,12,2021-12-12T21:53:04Z,1609.34,7.59841359773371,460.307,166,147.828125,3,0
running,2021,12,12,2021-12-12T21:57:15Z,878.32,7.59841359773371,248.787,163,149.203125,0,2
running,2021,12,16,2021-12-16T00:36:01Z,1609.34,8.09610624811349,485.75,122,144.234375,7,0
running,2021,12,16,2021-12-16T00:43:38Z,1609.34,7.61783584209032,457.019,158,148.921875,7,0
running,2021,12,16,2021-12-16T00:51:22Z,1609.34,7.58766619519095,464.439,164,146.859375,2,5
running,2021,12,16,2021-12-16T00:58:51Z,1609.34,7.46934001670844,448.206,168,147.90625,0,2
running,2021,12,16,2021-12-16T01:04:47Z,1258.89,7.54922600619195,354.325,168,149.203125,2,2
running,2021,12,17,2021-12-17T01:04:05Z,1609.34,7.92624113475177,484.127,126,147.8125,8,0
running,2021,12,17,2021-12-17T01:11:47Z,1609.34,7.57480937588252,462.669,150,147.96875,10,12
running,2021,12,17,2021-12-17T01:19:29Z,1609.34,7.69432013769363,461.701,162,149.734375,0,2
running,2021,12,17,2021-12-17T01:27:16Z,1361,7.73425605536332,464.04,158,143.796875,0,0
running,2021,12,17,2021-12-17T20:00:11Z,1609.34,8.01146953405018,514.991,130,147.578125,13,2
running,2021,12,17,2021-12-17T20:07:55Z,1609.34,7.28869565217391,463.438,140,148.21875,0,0
running,2021,12,17,2021-12-17T20:15:23Z,1609.34,7.15645677694771,448.807,148,147.765625,2,0
running,2021,12,17,2021-12-17T20:22:38Z,1609.34,7.08649933949802,434.121,163,148.828125,5,0
running,2021,12,17,2021-12-17T20:24:26Z,6.28,15.5042774566474,3.632,166,147,0,0
running,2021,12,19,2021-12-19T20:30:38Z,1609.34,8.9259234608985,561.454,130,144.5625,4,2
running,2021,12,19,2021-12-19T20:39:16Z,1609.34,8.64402191427651,518.644,151,148.234375,6,0
running,2021,12,19,2021-12-19T20:47:38Z,1609.34,8.36370439663237,501.835,164,148.6875,2,2
running,2021,12,19,2021-12-19T20:56:04Z,1609.34,8.43206538824269,505.949,162,147.015625,2,2
running,2021,12,19,2021-12-19T20:56:12Z,13.79,8.83187355943365,4.54,160,87.796875,0,0
running,2021,12,21,2021-12-21T23:51:34Z,1609.34,7.95680806882231,477.378,127,148,7,6
running,2021,12,21,2021-12-21T23:59:39Z,1609.34,7.64388714733542,484.378,150,147.4375,9,0
running,2021,12,22,2021-12-22T00:07:25Z,1609.34,7.65042783799201,466.086,170,146.375,2,4
running,2021,12,22,2021-12-22T00:14:51Z,1609.34,7.44446294754371,446.635,171,148.3125,0,2
running,2021,12,22,2021-12-22T00:21:24Z,1345.85,7.78137510879025,390.404,169,148.5,0,0
running,2021,12,22,2021-12-22T21:27:18Z,1609.34,7.87735682819383,483.117,157,144.90625,9,0
running,2021,12,22,2021-12-22T21:35:05Z,1609.34,7.79041533546326,467.452,171,147.15625,4,0
running,2021,12,22,2021-12-22T21:42:58Z,1609.34,7.89126213592233,473.529,166,145.875,2,2
running,2021,12,22,2021-12-22T21:47:20Z,830.07,8.03547034152187,259.625,158,142.59375,0,0
running,2021,12,24,2021-12-24T00:01:24Z,1609.34,8.00429722470904,480.27,124,147.8125,4,0
running,2021,12,24,2021-12-24T00:09:13Z,1609.34,7.83135766423358,469.93,145,148.984375,7,0
running,2021,12,24,2021-12-24T00:17:03Z,1609.34,7.8199416909621,469.254,151,148.703125,5,9
running,2021,12,24,2021-12-24T00:24:52Z,1609.34,7.82678727750219,469.66,154,149.671875,2,2
running,2021,12,24,2021-12-24T00:29:34Z,913.57,8.20256880733945,279.341,158,149.453125,0,0
running,2021,12,24,2021-12-24T19:18:47Z,1609.34,9.19520054850874,551.701,136,143.734375,7,0
running,2021,12,24,2021-12-24T19:28:16Z,1609.34,9.14503920900102,568.828,140,140.703125,2,0
running,2021,12,24,2021-12-24T19:37:38Z,1609.34,9.03111111111111,561.185,136,145.453125,9,7
running,2021,12,24,2021-12-24T19:49:22Z,1609.34,8.40564086493262,703.798,144,145.453125,0,6
running,2021,12,24,2021-12-24T20:03:31Z,1609.34,9.11706322229776,849.069,132,139.03125,2,4
running,2021,12,24,2021-12-24T20:11:22Z,1453.78,8.52316491897045,468.667,139,140.625,2,0
running,2021,12,28,2021-12-28T01:04:27Z,1609.34,7.7949433304272,485.822,126,144.609375,5,5
running,2021,12,28,2021-12-28T01:08:59Z,949.62,7.55773457311919,271.736,126,143.25,0,0
running,2021,12,28,2021-12-28T01:15:20Z,1609.34,6.35300805305542,381.184,139,153.96875,2,2
running,2021,12,28,2021-12-28T01:17:29Z,497.06,6.83199184921039,126.605,162,151.921875,2,2
running,2021,12,28,2021-12-28T23:52:43Z,1609.34,7.34457831325301,440.682,124,145.921875,9,0
running,2021,12,28,2021-12-28T23:58:34Z,1346.91,6.98681948424069,350.851,140,150.265625,2,0
running,2021,12,29,2021-12-29T00:06:01Z,1609.34,7.45066666666667,446.998,159,148.8125,2,2
running,2021,12,29,2021-12-29T00:11:16Z,1062.62,7.60487666572158,310.641,164,141.1875,0,0
running,2021,12,31,2021-12-31T00:23:54Z,1609.34,7.70094745908699,462.1,143,149.03125,6,0
running,2021,12,31,2021-12-31T00:31:23Z,1609.34,7.4818410041841,448.851,157,147.34375,6,2
running,2021,12,31,2021-12-31T00:38:41Z,1609.34,7.28869565217391,437.347,162,146.421875,2,4
running,2021,12,31,2021-12-31T00:46:56Z,1609.34,7.84510090669786,495.727,161,144.21875,12,9
running,2021,12,31,2021-12-31T00:53:30Z,1349.62,7.77686285879965,391.349,162,147.921875,0,4
running,2022,1,1,2022-01-01T00:24:29Z,1609.34,7.4818410041841,448.864,130,148.25,6,2
running,2022,1,1,2022-01-01T00:31:47Z,1609.34,7.28869565217391,437.327,150,147.59375,4,0
running,2022,1,1,2022-01-01T00:39:39Z,1609.34,7.88198648251543,472.879,164,146.40625,2,3
running,2022,1,1,2022-01-01T00:45:33Z,1068.06,7.6417094017094,350.839,158,145.9375,0,0
running,2022,1,3,2022-01-03T00:06:18Z,1609.34,8.13539581437671,493.373,131,147.84375,7,0
running,2022,1,3,2022-01-03T00:14:19Z,1609.34,8.02825501346902,481.636,149,147.171875,4,4
running,2022,1,3,2022-01-03T00:22:25Z,1609.34,8.10099667774086,486.026,152,147.390625,3,0
running,2022,1,3,2022-01-03T00:30:34Z,1609.34,8.1378640776699,488.337,156,148.046875,2,2
running,2022,1,3,2022-01-03T00:38:23Z,1609.34,7.82907180385289,469.756,164,148.625,2,2
running,2022,1,3,2022-01-03T00:44:43Z,1123.36,8.21513016845329,377.986,157,146.328125,0,0
running,2022,1,5,2022-01-05T00:14:06Z,1609.34,7.6460661345496,487.676,145,146.09375,4,0
running,2022,1,5,2022-01-05T00:21:47Z,1609.34,7.68550143266476,461.187,159,147.59375,2,0
running,2022,1,5,2022-01-05T00:29:45Z,1609.34,7.81083284799068,477.811,165,147.28125,8,9
running,2022,1,5,2022-01-05T00:37:20Z,1609.34,7.58337574215437,455.022,164,147.921875,0,0
running,2022,1,5,2022-01-05T00:45:05Z,1609.34,7.76111111111111,465.618,166,148.015625,2,0
running,2022,1,5,2022-01-05T00:52:58Z,1609.34,7.77686285879965,472.753,164,148.21875,2,0
running,2022,1,5,2022-01-05T00:55:00Z,414.6,7.6373576309795,118.05,163,149.5625,3,5
running,2022,1,5,2022-01-05T23:45:36Z,1609.34,8.45332492908919,528.792,139,147.78125,5,0
running,2022,1,5,2022-01-05T23:54:36Z,1609.34,8.55851946394384,540.816,150,142.796875,2,0
running,2022,1,5,2022-01-05T23:56:39Z,333.08,8.58866474543708,106.66,147,149.703125,0,0
running,2022,1,8,2022-01-08T00:02:34Z,1609.34,7.93796981355431,502.638,142,146.5625,2,0
running,2022,1,8,2022-01-08T00:10:12Z,1609.34,7.62649985783338,457.611,159,148.71875,2,2
running,2022,1,8,2022-01-08T00:18:57Z,1609.34,8.314445133292,525.577,169,143.8125,7,8
running,2022,1,8,2022-01-08T00:27:11Z,1609.34,8.22773006134969,493.681,169,147.78125,0,4
running,2022,1,8,2022-01-08T00:35:12Z,1609.34,8.00907733651836,480.55,171,148.875,2,0
running,2022,1,8,2022-01-08T00:40:54Z,1120.87,7.95916913946588,339.382,174,149.078125,4,4
running,2022,1,9,2022-01-09T00:30:47Z,1609.34,8.23530856616518,502.577,141,146.71875,4,0
running,2022,1,9,2022-01-09T00:38:34Z,1609.34,7.77235583888728,466.296,146,147.71875,4,0
running,2022,1,9,2022-01-09T00:46:26Z,1609.34,7.87273260933372,472.395,156,147.484375,2,0
running,2022,1,9,2022-01-09T00:51:52Z,977,8.10589301903898,320.965,160,143.1875,2,0
running,2022,1,9,2022-01-09T19:42:11Z,1609.34,8.49885931558935,542.929,143,138.484375,5,2
running,2022,1,9,2022-01-09T19:50:32Z,1609.34,8.32993788819876,499.781,163,148.40625,4,0
running,2022,1,9,2022-01-09T20:00:48Z,1609.34,9.00382678751259,616.328,155,144.4375,8,8
running,2022,1,9,2022-01-09T20:10:30Z,1609.34,8.6024374599102,581.785,150,145.921875,0,0
running,2022,1,9,2022-01-09T20:18:52Z,1609.34,8.36370439663237,501.864,166,148.625,6,0
running,2022,1,9,2022-01-09T20:28:43Z,1609.34,8.82896642527979,591.822,154,148.09375,9,9
running,2022,1,9,2022-01-09T20:34:38Z,997.69,8.46934006946637,315.066,160,148.578125,2,2
running,2022,1,9,2022-01-09T21:06:19Z,1295.09,9.23954529796762,468.54,143,146.71875,3,10
running,2022,1,12,2022-01-12T00:48:08Z,1609.34,7.96153161175423,507.59,126,147.6875,6,0
running,2022,1,12,2022-01-12T00:52:28Z,948.7,7.28473655621945,259.369,153,149.46875,0,2
running,2022,1,12,2022-01-12T00:59:04Z,1609.34,6.60813008130081,396.513,168,154.609375,4,2
running,2022,1,12,2022-01-12T01:05:32Z,1609.34,6.46946454413893,388.206,176,153.90625,0,2
running,2022,1,12,2022-01-12T01:05:58Z,96.36,7.28473655621945,26.17,175,151.953125,0,0
running,2022,1,12,2022-01-12T01:14:09Z,1609.34,8.18504729935917,491.028,157,148.640625,4,0
running,2022,1,12,2022-01-12T01:14:37Z,11.04,7.02893081761006,2.893,153,151.328125,0,0
running,2022,1,12,2022-01-12T01:23:06Z,1454.85,8.25558633425669,493.308,144,144,0,0
running,2022,1,14,2022-01-14T00:13:46Z,1609.34,7.84969271290606,488.297,125,145.3125,4,0
running,2022,1,14,2022-01-14T00:21:32Z,1609.34,7.76335745296671,465.809,144,145.8125,3,0
running,2022,1,14,2022-01-14T00:23:35Z,424.5,7.76335745296671,122.848,154,145.96875,0,2
running,2022,1,14,2022-01-14T00:31:23Z,1609.34,7.80401512947338,468.211,165,146.265625,4,2
running,2022,1,14,2022-01-14T00:39:02Z,1609.34,7.6460661345496,458.79,170,146.5625,0,2
running,2022,1,14,2022-01-14T00:41:53Z,536.71,8.10834340991536,167.259,167,140.65625,0,0
running,2022,1,16,2022-01-16T20:48:15Z,1609.34,7.98761167361525,495.736,139,146.671875,2,0
running,2022,1,16,2022-01-16T20:56:18Z,1609.34,8.05961538461538,483.606,151,145.4375,14,10
running,2022,1,16,2022-01-16T21:04:38Z,1609.34,8.01625821876868,499.428,148,145.984375,2,2
running,2022,1,16,2022-01-16T21:12:52Z,1609.34,8.23025467934949,493.749,159,147.109375,4,4
running,2022,1,16,2022-01-16T21:20:47Z,1609.34,7.93327417923691,475.942,164,147.171875,2,0
running,2022,1,16,2022-01-16T21:29:24Z,1609.34,8.59967938441808,516.025,165,148.1875,12,8
running,2022,1,16,2022-01-16T21:38:01Z,1609.34,8.10589301903898,517.421,166,147.640625,2,2
running,2022,1,16,2022-01-16T21:46:24Z,1609.34,8.05961538461538,503.238,166,147.21875,2,2
running,2022,1,16,2022-01-16T21:46:37Z,28.71,9.45449418399718,10.119,167,149.59375,0,0
running,2022,1,18,2022-01-18T23:55:53Z,1609.34,8.47737041719343,508.713,147,137.4375,2,0
running,2022,1,19,2022-01-19T00:04:02Z,1609.34,8.14527786213179,488.707,160,147.375,4,0
running,2022,1,19,2022-01-19T00:14:21Z,1609.34,9.16065573770492,618.892,157,143.53125,8,9
running,2022,1,19,2022-01-19T00:23:11Z,1609.34,8.84643799472296,530.781,154,146.171875,0,2
running,2022,1,19,2022-01-19T00:32:47Z,1609.34,9.1481582537517,575.441,153,145.5625,12,0
running,2022,1,19,2022-01-19T00:41:31Z,1609.34,8.72840872111943,523.642,156,147.09375,2,9
running,2022,1,19,2022-01-19T00:42:40Z,117.79,8.3741492350921,36.769,157,146.4375,0,0
running,2022,1,19,2022-01-19T23:30:20Z,1000,7.4033673751035,276.024,142,146.03125,4,0
running,2022,1,19,2022-01-19T23:35:12Z,1000,7.81766248907024,291.428,157,146.84375,2,2
running,2022,1,19,2022-01-19T23:36:56Z,215.04,7.90055964653903,104.509,157,133.875,0,0
running,2022,1,19,2022-01-19T23:40:19Z,1000,5.43073496659243,202.479,158,163.21875,2,0
running,2022,1,19,2022-01-19T23:43:51Z,1000,5.69719626168224,212.418,190,160.453125,0,0
running,2022,1,19,2022-01-19T23:47:07Z,270.82,19.4224475018103,196.129,137,94.625,0,0
running,2022,1,19,2022-01-19T23:50:37Z,1000,5.63732660781841,210.171,176,161.296875,2,2
running,2022,1,19,2022-01-19T23:52:59Z,201.9,18.849191848208,141.921,146,104.375,0,0
running,2022,1,19,2022-01-19T23:58:19Z,1000,8.56671989779623,319.417,153,145.296875,0,2
running,2022,1,20,2022-01-20T00:02:32Z,671.7,8.63567289117836,246.665,160,143.859375,0,0
running,2022,1,21,2022-01-21T23:48:47Z,1000,8.05961538461538,343.066,120,145.9375,4,0
running,2022,1,21,2022-01-21T23:53:37Z,1000,7.78815331010453,290.369,140,146.359375,2,2
running,2022,1,21,2022-01-21T23:58:40Z,1000,8.12061762034514,302.759,149,144.828125,2,0
running,2022,1,22,2022-01-22T00:03:48Z,1000,8.27341147439852,308.474,148,144.921875,0,0
running,2022,1,22,2022-01-22T00:08:53Z,1000,8.16262933657943,304.343,147,145,2,0
running,2022,1,22,2022-01-22T00:14:14Z,1000,7.9709955423477,321.183,146,142.84375,0,0
running,2022,1,22,2022-01-22T00:16:48Z,500.67,8.14775212636695,152.074,150,146.328125,0,0
running,2022,1,22,2022-01-22T19:35:50Z,1000,8.16760048721072,310.846,116,141.53125,2,0
running,2022,1,22,2022-01-22T19:40:49Z,1000,8.01865470852018,298.979,128,145.734375,2,0
running,2022,1,22,2022-01-22T19:45:41Z,1000,7.82907180385289,291.918,156,145.734375,2,0
running,2022,1,22,2022-01-22T19:50:24Z,1000,7.58337574215437,282.751,157,145.34375,2,2
running,2022,1,22,2022-01-22T19:54:27Z,1000,6.53248904042864,243.533,170,151.390625,2,0
running,2022,1,22,2022-01-22T19:58:27Z,1000,6.42145080201101,239.385,173,151.03125,2,3
running,2022,1,22,2022-01-22T20:02:26Z,1000,6.42606612362242,239.586,178,151.640625,5,8
running,2022,1,22,2022-01-22T20:07:36Z,1000,8.2990099009901,309.393,164,146.203125,2,2
running,2022,1,22,2022-01-22T20:09:29Z,378.45,7.83135766423358,110.483,167,145.84375,0,0
running,2022,1,23,2022-01-23T18:31:17Z,1000,8.98271935699933,334.931,139,143.890625,0,0
running,2022,1,23,2022-01-23T18:36:58Z,1000,9.15127942681679,341.154,150,149.03125,4,2
running,2022,1,23,2022-01-23T18:42:34Z,1000,8.9887399463807,335.141,151,149.453125,2,0
running,2022,1,23,2022-01-23T18:48:14Z,1000,9.13569482288828,340.646,143,150.1875,2,0
running,2022,1,23,2022-01-23T18:54:08Z,1000,9.14503920900102,353.479,154,147.46875,2,4
running,2022,1,23,2022-01-23T18:59:31Z,1000,8.67758007117438,323.572,159,150.765625,0,0
running,2022,1,23,2022-01-23T19:05:21Z,1000,9.37518350227193,349.531,157,150.140625,11,9
running,2022,1,23,2022-01-23T19:12:47Z,1000,8.9081368316174,445.89,142,143.5,0,0
running,2022,1,23,2022-01-23T19:18:47Z,1000,8.63011583011583,360.693,150,147.703125,0,2
running,2022,1,23,2022-01-23T19:23:51Z,1000,8.15518394648829,304.058,150,147.953125,2,2
running,2022,1,23,2022-01-23T19:28:47Z,1000,7.93562130177515,295.89,155,147.953125,4,0
running,2022,1,23,2022-01-23T19:33:47Z,1000,8.04511097780444,299.899,159,147.515625,0,2
running,2022,1,23,2022-01-23T19:38:45Z,1000,7.9995228153892,298.262,163,148.6875,2,2
running,2022,1,23,2022-01-23T19:43:47Z,1000,8.09366324683162,301.749,165,149.578125,2,0
running,2022,1,23,2022-01-23T19:48:52Z,1000,8.18754578754579,305.292,165,150.359375,2,0
running,2022,1,23,2022-01-23T19:53:46Z,1000,7.86119577960141,293.101,165,150.671875,2,5
running,2022,1,23,2022-01-23T19:55:45Z,300.34,8.04028776978417,90.023,166,151.484375,0,0
running,2022,1,26,2022-01-26T00:11:27Z,1000,8.97070234113712,374.939,119,127.796875,2,0
running,2022,1,26,2022-01-26T00:16:50Z,1000,8.64959690422444,322.445,134,145.3125,0,0
running,2022,1,26,2022-01-26T00:22:08Z,1000,8.53129770992366,318.064,142,145.546875,2,0
running,2022,1,26,2022-01-26T00:28:14Z,1000,9.30687022900763,366.49,152,140.75,7,0
running,2022,1,26,2022-01-26T00:34:07Z,1000,8.74833659491194,353.016,132,136.375,0,10
running,2022,1,26,2022-01-26T00:39:16Z,1000,8.27851851851852,308.669,137,144.90625,0,0
running,2022,1,26,2022-01-26T00:44:23Z,1000,8.24036866359447,307.194,138,146.03125,0,0
running,2022,1,26,2022-01-26T00:45:37Z,204.85,9.29075164530655,70.954,138,150.0625,0,2
running,2022,1,26,2022-01-26T01:09:32Z,1000,8.8992700729927,344.899,120,144.609375,4,0
running,2022,1,26,2022-01-26T01:15:54Z,1000,8.9408,381.367,128,148,8,8
running,2022,1,26,2022-01-26T01:21:24Z,1000,8.86690909090909,330.612,134,146.546875,2,5
running,2022,1,26,2022-01-26T01:27:45Z,1000,8.56671989779623,380.392,139,134.703125,0,0
running,2022,1,26,2022-01-26T01:31:04Z,484.37,8.91998669770535,196.61,128,141.46875,0,0
running,2022,1,27,2022-01-27T00:48:07Z,1000,7.98999106344951,341.056,128,145.203125,57,27
running,2022,1,27,2022-01-27T00:52:59Z,1000,7.84510090669786,292.495,132,144.609375,0,0
running,2022,1,27,2022-01-27T00:53:14Z,53.61,7.4238582895101,14.835,138,146,0,0
running,2022,1,27,2022-01-27T00:57:10Z,1000,6.31115294117647,235.3,156,155.078125,2,0
running,2022,1,27,2022-01-27T00:59:40Z,642.84,6.29486036141751,150.849,176,154.140625,0,0
running,2022,1,27,2022-01-27T01:02:11Z,195.32,20.72828438949,150.944,118,97.421875,2,0
running,2022,1,27,2022-01-27T01:05:10Z,802.81,5.96318363717208,178.469,141,156.03125,0,0
running,2022,1,27,2022-01-27T01:08:13Z,812.69,6.03021582733813,182.69,179,155.1875,0,2
running,2022,1,27,2022-01-27T01:09:58Z,156.1,17.1608445297505,105.658,152,97.640625,0,0
running,2022,1,27,2022-01-27T01:15:26Z,1000,8.79711380780584,327.962,137,145.71875,0,0
running,2022,1,27,2022-01-27T01:18:06Z,543.68,7.70980166714573,156.29,146,147.859375,0,2
running,2022,1,29,2022-01-29T00:14:50Z,1000,8.7029201817002,324.461,128,144.8125,4,0
running,2022,1,29,2022-01-29T00:20:26Z,1000,9.00987571380584,335.86,152,147.90625,2,0
running,2022,1,29,2022-01-29T00:25:52Z,1000,8.75976485956891,326.625,159,146.421875,2,0
running,2022,1,29,2022-01-29T00:31:48Z,1000,9.53854907539118,355.65,168,148.0625,9,0
running,2022,1,29,2022-01-29T00:38:13Z,1000,9.13569482288828,385.271,162,145.53125,0,9
running,2022,1,29,2022-01-29T00:43:46Z,1000,8.93484343770819,333.058,154,149.09375,0,2
running,2022,1,29,2022-01-29T00:49:19Z,1000,8.9288948069241,332.863,160,148.953125,0,0
running,2022,1,29,2022-01-29T00:55:37Z,1000,8.81445941505094,378.112,158,147.21875,0,0
running,2022,1,29,2022-01-29T01:01:14Z,1000,9.02807135644564,336.623,160,148.71875,4,0
running,2022,1,29,2022-01-29T01:06:54Z,1000,9.12016320979259,340.009,162,147.859375,0,0
running,2022,1,29,2022-01-29T18:45:58Z,1000,10.0533733133433,395.535,125,144.53125,0,7
running,2022,1,29,2022-01-29T18:51:38Z,1000,9.12326530612245,340.144,140,149.125,2,0
running,2022,1,29,2022-01-29T18:57:16Z,1000,9.05856129685917,337.77,140,148.96875,2,0
running,2022,1,29,2022-01-29T19:03:19Z,1000,9.58285101822079,361.88,140,150.640625,8,5
running,2022,1,29,2022-01-29T19:10:26Z,1000,9.32628650904033,427.477,139,146,0,2
running,2022,1,29,2022-01-29T19:15:24Z,431.45,9.43786066150598,204.839,126,142.359375,0,2
running,2022,1,29,2022-01-29T19:32:34Z,1000,8.86105054509415,330.311,127,150.78125,2,0
running,2022,1,29,2022-01-29T19:37:50Z,1000,8.46666666666667,315.648,143,152.28125,2,2
running,2022,1,29,2022-01-29T19:50:54Z,1000,9.19520054850874,784.295,138,143,2,0
running,2022,1,29,2022-01-29T19:57:03Z,1000,8.59692307692308,369.035,140,146.46875,2,0
running,2022,1,29,2022-01-29T20:01:58Z,930.53,8.45332492908919,293.231,142,149.015625,2,0
running,2022,1,29,2022-01-29T20:36:27Z,1000,9.37846153846154,349.602,120,145.0625,10,7
running,2022,1,29,2022-01-29T20:41:48Z,1000,8.6024374599102,320.7,131,148,2,2
running,2022,1,29,2022-01-29T20:47:58Z,1000,8.46666666666667,368.959,134,146.6875,2,0
running,2022,1,29,2022-01-29T20:50:36Z,463.56,8.67758007117438,156.518,134,138.265625,0,0
running,2022,2,2,2022-02-02T01:08:51Z,1000,8.29387755102041,330.125,124,147.53125,5,0
running,2022,2,2,2022-02-02T01:13:38Z,1000,7.69873708381171,287.052,137,148.640625,6,7
running,2022,2,2,2022-02-02T01:18:31Z,1000,7.87042253521127,293.445,148,147.8125,16,12
running,2022,2,2,2022-02-02T01:23:16Z,1000,7.63518360375747,284.645,162,148.15625,0,0
running,2022,2,2,2022-02-02T01:28:39Z,1000,7.80401512947338,323.339,164,145.8125,0,3
running,2022,2,2,2022-02-02T01:33:32Z,1000,7.53438202247191,290.746,146,149.015625,4,4
running,2022,2,2,2022-02-02T01:36:51Z,538.46,7.99237187127533,194.365,137,140.875,0,0
running,2022,2,3,2022-02-03T00:44:01Z,1000,7.89590815425375,300.215,129,149.40625,22,13
running,2022,2,3,2022-02-03T00:49:14Z,1000,7.4776693615835,313.165,133,145.59375,2,0
running,2022,2,3,2022-02-03T00:53:42Z,1000,7.18713826366559,267.956,151,148.515625,4,3
running,2022,2,3,2022-02-03T00:58:43Z,1000,8.07417218543046,301.044,154,146.71875,10,5
running,2022,2,3,2022-02-03T01:03:30Z,1000,7.68329991406474,286.476,153,146.3125,0,5
running,2022,2,3,2022-02-03T01:08:12Z,1000,7.55986471251409,281.868,162,147.5,2,2
running,2022,2,3,2022-02-03T01:13:11Z,1000,7.45895439377086,299.265,153,145.46875,2,0
running,2022,2,3,2022-02-03T01:13:27Z,33.39,7.51538246007285,9.355,156,147.4375,0,0
running,2022,2,7,2022-02-07T00:19:09Z,1000,8.00668656716418,306.287,131,144.6875,2,0
running,2022,2,7,2022-02-07T00:23:56Z,1000,7.68990825688073,286.71,148,145.640625,0,0
running,2022,2,7,2022-02-07T00:28:38Z,1000,7.55560563380282,281.712,149,145.109375,2,0
running,2022,2,7,2022-02-07T00:33:28Z,1000,7.79267867518884,290.54,150,145,2,0
running,2022,2,7,2022-02-07T00:38:23Z,1000,7.90288744843842,294.678,150,144.71875,5,9
running,2022,2,7,2022-02-07T00:43:07Z,1000,7.6091914893617,283.703,157,147.109375,0,0
running,2022,2,7,2022-02-07T00:47:59Z,1000,7.85428989751098,292.83,156,147.296875,0,2
running,2022,2,7,2022-02-07T00:52:47Z,1000,7.71645569620253,287.662,158,148.078125,0,0
running,2022,2,7,2022-02-07T00:57:19Z,1000,7.30457516339869,272.36,161,148.28125,0,0
running,2022,2,7,2022-02-07T01:02:01Z,1000,7.56626234132581,282.089,163,148.296875,4,0
running,2022,2,7,2022-02-07T01:06:53Z,1000,7.82222222222222,291.637,167,147.9375,9,10
running,2022,2,7,2022-02-07T01:11:28Z,1000,7.3809576224546,275.161,168,149.59375,0,2
running,2022,2,7,2022-02-07T01:16:21Z,1000,7.54922600619195,292.59,168,149,0,0
running,2022,2,7,2022-02-07T01:17:19Z,192.95,7.7120184013801,55.478,161,149.296875,0,0
running,2022,2,8,2022-02-08T00:53:26Z,1000,7.79947659203257,290.761,122,147.96875,31,57
running,2022,2,8,2022-02-08T00:58:14Z,1000,7.71867625899281,287.808,126,147.9375,2,0
running,2022,2,8,2022-02-08T01:03:02Z,1000,7.72757130509939,288.115,130,147.28125,0,0
running,2022,2,8,2022-02-08T01:07:46Z,1000,7.60703346568349,283.611,133,148,2,2
running,2022,2,8,2022-02-08T01:12:43Z,1000,7.97810826888757,297.436,140,147.203125,2,0
running,2022,2,8,2022-02-08T01:17:28Z,1000,7.65261055634807,285.333,157,147.6875,0,2
running,2022,2,8,2022-02-08T01:34:58Z,417.31,7.61135073779796,118.43,166,147.46875,0,0
running,2022,2,9,2022-02-09T00:35:14Z,1000,7.8982332155477,581.626,121,138.796875,0,0
running,2022,2,9,2022-02-09T00:39:38Z,1000,7.07715039577836,263.886,144,150.59375,2,2
running,2022,2,9,2022-02-09T00:44:08Z,1000,7.2492972972973,270.241,152,149.4375,10,5
running,2022,2,9,2022-02-09T00:48:37Z,1000,6.87577544219431,268.831,150,145.5625,0,4
running,2022,2,9,2022-02-09T00:55:51Z,1000,7.72757130509939,434.672,142,143.234375,0,0
running,2022,2,9,2022-02-09T00:58:08Z,325.04,7.70758620689655,93.412,148,150.71875,4,0
running,2022,2,10,2022-02-10T01:30:53Z,1000,7.99475409836066,298.071,124,146.953125,25,24
running,2022,2,10,2022-02-10T01:35:46Z,1000,7.87967097532315,293.773,138,149.1875,2,0
running,2022,2,10,2022-02-10T01:41:29Z,1000,7.93327417923691,342.691,136,144.78125,0,0
running,2022,2,10,2022-02-10T01:46:17Z,1000,7.70758620689655,287.397,143,149.03125,0,0
running,2022,2,10,2022-02-10T01:51:23Z,1000,8.00668656716418,306.186,146,138.96875,0,0
running,2022,2,10,2022-02-10T01:55:49Z,1000,7.14692246203038,266.427,149,149.328125,2,0
running,2022,2,10,2022-02-10T01:57:04Z,263.87,7.36676737160121,72.463,155,149.765625,0,2
running,2022,2,12,2022-02-12T00:55:59Z,1000,8.34289269051322,310.996,136,146,5,2
running,2022,2,12,2022-02-12T01:01:23Z,1000,7.8658064516129,324.098,149,141.40625,0,0
running,2022,2,12,2022-02-12T01:06:36Z,1000,7.85889246996777,312.64,156,140.65625,0,0
running,2022,2,12,2022-02-12T01:11:47Z,1000,7.86350043975374,310.831,164,143.25,4,2
running,2022,2,12,2022-02-12T01:16:32Z,1000,7.64388714733542,284.988,162,145.421875,0,0
running,2022,2,12,2022-02-12T01:21:18Z,1000,7.68109965635739,286.353,159,146.625,0,0
running,2022,2,12,2022-02-12T01:26:14Z,1000,7.71645569620253,296.186,158,144.6875,0,2
running,2022,2,12,2022-02-12T01:31:20Z,1000,7.64388714733542,306.065,161,144.828125,2,0
running,2022,2,12,2022-02-12T01:36:05Z,1000,7.56412859560068,284.531,163,146.078125,0,2
running,2022,2,12,2022-02-12T01:40:32Z,1000,7.15836669335468,266.882,168,148.84375,0,2
running,2022,2,12,2022-02-12T01:41:34Z,210.73,7.07901821060966,55.616,172,149.046875,0,0
running,2022,2,12,2022-02-12T19:23:26Z,1000,7.76335745296671,289.438,135,147.484375,5,4
running,2022,2,12,2022-02-12T19:28:18Z,1000,7.82907180385289,291.885,155,147.78125,2,0
running,2022,2,12,2022-02-12T19:33:04Z,1000,7.68329991406474,286.482,155,147.140625,0,0
running,2022,2,12,2022-02-12T19:37:47Z,1000,7.58337574215437,282.76,159,147.1875,2,0
running,2022,2,12,2022-02-12T19:42:32Z,1000,7.6417094017094,284.902,165,147.09375,2,2
running,2022,2,12,2022-02-12T19:47:07Z,1000,7.36676737160121,274.684,169,146.90625,0,0
running,2022,2,12,2022-02-12T19:52:31Z,1000,7.62216538789429,324.246,165,147.109375,0,2
running,2022,2,12,2022-02-12T19:57:06Z,1000,7.37081615828524,274.807,171,148.859375,0,0
running,2022,2,12,2022-02-12T20:01:50Z,1000,7.63083926031294,284.461,171,149.21875,2,2
running,2022,2,12,2022-02-12T20:06:25Z,1000,7.37284222100055,274.868,173,149.265625,0,2
running,2022,2,12,2022-02-12T20:11:01Z,1000,7.39928275862069,275.9,177,149.5,0,2
running,2022,2,12,2022-02-12T20:12:58Z,310.62,7.23756071235834,83.82,178,149.703125,0,0
running,2022,2,13,2022-02-13T23:44:58Z,1000,9.26187845303867,345.329,133,153.8125,20,37
running,2022,2,13,2022-02-13T23:50:06Z,1000,8.26067138897444,307.978,134,152.34375,0,66
running,2022,2,13,2022-02-13T23:55:20Z,1000,7.62,314.428,142,145.515625,0,53
running,2022,2,14,2022-02-14T00:00:26Z,1000,8.20758873929009,306.011,134,152,0,91
running,2022,2,14,2022-02-14T00:06:19Z,1000,9.47118644067797,353.051,163,149.375,68,0
running,2022,2,14,2022-02-14T00:11:41Z,1000,8.61902313624679,321.298,179,149.65625,58,0
running,2022,2,14,2022-02-14T00:16:54Z,1000,8.39774577332498,313.131,184,150.40625,64,0
running,2022,2,14,2022-02-14T00:20:51Z,773.22,8.16262933657943,235.291,182,149.78125,32,2
running,2022,2,17,2022-02-17T00:19:10Z,1000,7.95444839857651,433.1,128,141.921875,0,0
running,2022,2,17,2022-02-17T00:24:05Z,1000,7.92155936207915,295.306,149,147.609375,2,0
running,2022,2,17,2022-02-17T00:28:54Z,1000,7.74542304360381,288.798,155,147.03125,0,0
running,2022,2,17,2022-02-17T00:34:06Z,1000,7.88662158188768,311.933,156,145.265625,0,3
running,2022,2,17,2022-02-17T00:39:08Z,1000,7.95209012748295,302.499,157,141.640625,2,2
running,2022,2,17,2022-02-17T00:43:51Z,1000,7.58337574215437,282.689,161,147.546875,0,0
running,2022,2,17,2022-02-17T00:48:40Z,1000,7.76111111111111,289.321,162,147.671875,2,2
running,2022,2,17,2022-02-17T00:53:21Z,1000,7.53226621735468,280.85,162,146.46875,0,0
running,2022,2,17,2022-02-17T00:58:03Z,1000,7.55986471251409,281.855,163,147.171875,0,2
running,2022,2,17,2022-02-17T01:02:44Z,1000,7.54497890295359,281.272,165,147.65625,0,0
running,2022,2,17,2022-02-17T01:03:19Z,109.93,7.23756071235834,29.665,165,148.9375,0,2
running,2022,2,19,2022-02-19T01:30:22Z,1000,7.53649901657769,292.844,145,143.484375,2,0
running,2022,2,19,2022-02-19T01:35:00Z,1000,7.44446294754371,277.567,154,148.78125,2,0
running,2022,2,19,2022-02-19T01:39:28Z,1000,7.19484978540772,268.216,158,149.46875,2,2
running,2022,2,19,2022-02-19T01:44:15Z,1000,7.68990825688073,286.731,156,147.671875,11,0
running,2022,2,19,2022-02-19T01:48:56Z,1000,7.51327731092437,281.551,141,147.34375,0,8
running,2022,2,19,2022-02-19T01:53:30Z,1000,7.33253143794423,273.391,148,149.359375,0,2
running,2022,2,19,2022-02-19T01:57:55Z,1000,7.1222517259692,265.525,155,149.890625,0,0
running,2022,2,19,2022-02-19T02:02:33Z,1000,7.46102920723227,278.186,161,149.984375,2,0
running,2022,2,19,2022-02-19T02:07:17Z,1000,7.41155015197568,283.412,163,146.9375,0,2
running,2022,2,19,2022-02-19T02:07:33Z,45.29,8.45066162570888,14.269,157,149.921875,0,0
running,2022,2,20,2022-02-20T01:03:08Z,1000,8.84060646011866,329.588,124,145.609375,2,0
running,2022,2,20,2022-02-20T01:08:31Z,1000,8.65517909002904,322.73,138,145.875,0,0
running,2022,2,20,2022-02-20T01:13:52Z,1000,8.61072231139647,320.996,142,148.6875,2,0
running,2022,2,20,2022-02-20T01:19:54Z,1000,9.69017341040462,361.232,149,145.90625,9,8
running,2022,2,20,2022-02-20T01:25:25Z,1000,8.87571144937128,330.889,139,149.34375,0,2
running,2022,2,20,2022-02-20T01:31:06Z,1000,9.12636951343995,340.286,144,145.484375,4,0
running,2022,2,20,2022-02-20T01:36:27Z,1000,8.63289346636627,321.818,149,146.0625,0,2
running,2022,2,20,2022-02-20T01:41:42Z,1000,8.43206538824269,314.372,161,148.59375,0,0
running,2022,2,20,2022-02-20T01:46:59Z,1000,8.52316491897045,317.79,159,145.796875,2,2
running,2022,2,20,2022-02-20T01:49:53Z,523.1,8.49885931558935,165.75,163,150.25,2,0
running,2022,2,20,2022-02-20T23:49:50Z,1000,8.56945686900959,337.533,127,146.515625,4,2
running,2022,2,20,2022-02-20T23:54:49Z,1000,8.02105263157895,299.083,140,148.09375,2,0
running,2022,2,20,2022-02-20T23:59:47Z,1000,7.99237187127533,297.943,146,147.921875,5,0
running,2022,2,21,2022-02-21T00:04:36Z,1000,7.76111111111111,289.339,148,147.921875,5,2
running,2022,2,21,2022-02-21T00:09:20Z,1000,7.61783584209032,284.004,150,148.515625,4,0
running,2022,2,21,2022-02-21T00:14:09Z,1000,7.74095238095238,288.624,150,148.0625,5,2
running,2022,2,21,2022-02-21T00:18:58Z,1000,7.75886606884582,289.235,156,148.921875,0,0
running,2022,2,21,2022-02-21T00:23:46Z,1000,7.72089810017271,287.865,156,149.796875,2,0
running,2022,2,21,2022-02-21T00:28:33Z,1000,7.70537201953462,287.261,152,149.3125,0,5
running,2022,2,21,2022-02-21T00:33:13Z,1000,7.50907054871221,279.96,152,149.75,0,4
running,2022,2,21,2022-02-21T00:38:00Z,1000,7.68770421324162,286.617,161,149.28125,5,0
running,2022,2,21,2022-02-21T00:42:45Z,1000,7.65916619074814,285.554,156,149.234375,9,12
running,2022,2,21,2022-02-21T00:47:24Z,1000,7.4776693615835,278.754,155,148.375,2,0
running,2022,2,21,2022-02-21T00:49:30Z,467.33,7.09775072770574,123.664,156,150.3125,0,0
running,2022,2,21,2022-02-21T18:39:21Z,1000,7.45273687135315,277.839,133,151.25,2,0
running,2022,2,21,2022-02-21T18:43:57Z,1000,7.39724214009928,275.819,151,150.046875,4,0
running,2022,2,21,2022-02-21T18:48:29Z,1000,7.29861224489796,272.075,158,150.1875,2,3
running,2022,2,21,2022-02-21T18:54:46Z,1000,8.11079528273359,375.956,138,148.796875,5,2
running,2022,2,21,2022-02-21T18:59:25Z,1000,7.48392857142857,278.979,154,149.703125,2,0
running,2022,2,21,2022-02-21T19:04:27Z,1000,7.75437987857762,302.244,155,147.328125,0,0
running,2022,2,21,2022-02-21T19:09:10Z,1000,7.6091914893617,283.67,162,150.03125,2,2
running,2022,2,21,2022-02-21T19:13:57Z,1000,7.68550143266476,286.519,160,150.515625,0,2
running,2022,2,21,2022-02-21T19:16:22Z,537.37,7.13741351782863,142.979,163,150.15625,0,2
running,2022,2,26,2022-02-26T23:53:25Z,1000,8.22520699172033,319.359,124,144.515625,0,0
running,2022,2,26,2022-02-26T23:58:06Z,1000,7.54497890295359,281.314,141,147.15625,2,0
running,2022,2,27,2022-02-27T00:02:40Z,1000,7.33052746652091,273.33,148,146.890625,2,0
running,2022,2,27,2022-02-27T00:07:03Z,1000,7.07155286053256,263.609,154,148.671875,0,2
running,2022,2,27,2022-02-27T00:11:36Z,1000,7.31653027823241,272.747,159,149.171875,2,0
running,2022,2,27,2022-02-27T00:16:06Z,1000,7.24342425060762,270.029,160,148.796875,2,2
running,2022,2,27,2022-02-27T00:20:42Z,1000,7.39724214009928,275.798,161,149.59375,2,4
running,2022,2,27,2022-02-27T00:25:25Z,1000,7.60703346568349,283.607,163,149.28125,2,0
running,2022,2,27,2022-02-27T00:30:27Z,1000,8.00429722470904,301.724,163,145.0625,2,4
running,2022,2,27,2022-02-27T00:32:34Z,411.62,8.06688721804511,123.793,159,148.171875,0,0
running,2022,2,28,2022-02-28T01:05:50Z,1000,8.10344410876133,302.112,132,147.171875,0,0
running,2022,2,28,2022-02-28T01:10:43Z,1000,7.8658064516129,293.25,138,147.828125,2,0
running,2022,2,28,2022-02-28T01:15:43Z,1000,8.03547034152187,299.558,147,146.875,0,0
running,2022,2,28,2022-02-28T01:20:53Z,1000,8.3221843003413,310.286,161,146.625,9,0
running,2022,2,28,2022-02-28T01:25:50Z,1000,7.95916913946588,296.695,163,146.359375,0,7
running,2022,2,28,2022-02-28T01:30:41Z,1000,7.80628637951106,291.036,161,147.203125,2,2
running,2022,2,28,2022-02-28T01:35:34Z,1000,7.86811381636844,293.308,160,147.8125,0,4
running,2022,2,28,2022-02-28T01:41:01Z,1000,7.78815331010453,326.924,157,147.984375,2,0
running,2022,2,28,2022-02-28T01:45:45Z,1000,7.62866894197952,284.444,155,149,0,2
running,2022,2,28,2022-02-28T01:50:45Z,1000,8.02585278276481,299.261,159,148.765625,2,0
running,2022,2,28,2022-02-28T01:55:50Z,1000,8.18754578754579,305.216,159,148.96875,9,9
running,2022,2,28,2022-02-28T02:00:40Z,1000,7.78589259796807,290.242,157,149.328125,0,2
running,2022,2,28,2022-02-28T02:05:32Z,1000,7.81538461538462,291.413,158,149.140625,0,0
running,2022,2,28,2022-02-28T02:10:19Z,1000,7.56839729119639,287.245,154,149.40625,0,0
running,2022,2,28,2022-02-28T02:11:34Z,249.33,7.83364485981308,72.825,153,149.453125,0,0
running,2022,3,2,2022-03-02T01:06:05Z,1000,7.99713774597495,310.526,134,144.734375,0,0
running,2022,3,2,2022-03-02T01:10:58Z,1000,7.86119577960141,293.088,148,148.078125,2,0
running,2022,3,2,2022-03-02T01:15:43Z,1000,7.65261055634807,285.332,144,146.484375,2,0
running,2022,3,2,2022-03-02T01:20:20Z,1000,7.43208645054032,277.055,157,146.265625,0,2
running,2022,3,2,2022-03-02T01:25:00Z,1000,7.49857422421023,279.568,161,145.875,2,0
running,2022,3,2,2022-03-02T01:29:54Z,1000,7.89358446144791,294.283,159,144.84375,0,2
running,2022,3,2,2022-03-02T01:34:38Z,1000,7.62649985783338,284.319,155,145.90625,2,0
running,2022,3,2,2022-03-02T01:38:37Z,497.41,8.45066162570888,237.001,140,138.234375,0,2
running,2022,3,4,2022-03-04T00:15:53Z,1000,7.70537201953462,320.362,135,141.546875,2,14
running,2022,3,4,2022-03-04T00:20:49Z,1000,7.94267100977199,296.093,157,146.09375,0,0
running,2022,3,4,2022-03-04T00:25:28Z,1000,7.48601730393525,279.069,160,147.109375,2,2
running,2022,3,4,2022-03-04T00:30:36Z,1000,8.08878166465621,307.472,159,145.078125,12,5
running,2022,3,4,2022-03-04T00:35:06Z,1000,7.23170665947695,269.648,155,147.515625,0,5
running,2022,3,4,2022-03-04T00:39:34Z,1000,6.66560636182903,268.479,162,151.140625,0,2
running,2022,3,4,2022-03-04T00:43:26Z,1000,6.23197026022305,232.339,177,154.890625,2,2
running,2022,3,4,2022-03-04T00:47:07Z,1000,5.91322751322751,220.461,182,156.0625,0,0
running,2022,3,4,2022-03-04T00:50:53Z,1000,6.07528878822197,226.494,188,157.328125,5,0
running,2022,3,4,2022-03-04T00:54:38Z,1000,6.01399103139013,224.218,190,157.171875,0,2
running,2022,3,4,2022-03-04T00:54:59Z,58.11,6.75627204030227,21.877,192,144.78125,0,0
running,2022,3,4,2022-03-04T00:57:26Z,198.63,19.7659543109801,146.38,141,104.3125,0,0
running,2022,3,4,2022-03-04T01:02:43Z,1000,8.52045743329098,317.618,153,146.5,7,10
running,2022,3,4,2022-03-04T01:07:32Z,1000,7.73871898442008,288.501,160,150.5,0,4
running,2022,3,4,2022-03-04T01:12:23Z,1000,7.81083284799068,291.232,166,150.25,2,0
running,2022,3,4,2022-03-04T01:17:13Z,1000,7.76785403996525,289.587,163,150,0,0
running,2022,3,4,2022-03-04T01:19:47Z,482.1,8.01386316103974,148.637,160,146.6875,0,0
running,2022,3,5,2022-03-05T19:42:38Z,1000,7.78363319791062,290.224,136,147.3125,26,0
running,2022,3,5,2022-03-05T19:47:17Z,1000,7.48810720268007,279.159,152,150.234375,2,0
running,2022,3,5,2022-03-05T19:51:59Z,1000,7.56626234132581,282.055,161,149.375,0,0
running,2022,3,5,2022-03-05T19:56:45Z,1000,7.68329991406474,286.45,161,149.125,2,0
running,2022,3,5,2022-03-05T20:01:43Z,1000,7.9757359500446,297.321,159,148.953125,0,2
running,2022,3,5,2022-03-05T20:06:39Z,1000,7.94502369668247,296.235,161,149.015625,2,2
running,2022,3,5,2022-03-05T20:11:36Z,1000,7.96626076626077,297.008,158,149.703125,2,0
running,2022,3,5,2022-03-05T20:16:22Z,1000,7.67670291929021,286.174,162,149.703125,0,2
running,2022,3,5,2022-03-05T20:21:13Z,1000,7.80855895196507,291.148,165,149.75,2,2
running,2022,3,5,2022-03-05T20:26:06Z,1000,7.8519906323185,292.742,166,149.65625,0,0
running,2022,3,5,2022-03-05T20:31:07Z,1000,8.07174240144448,300.889,166,149.578125,0,0
running,2022,3,5,2022-03-05T20:36:21Z,1000,8.43206538824269,314.358,164,149.890625,0,0
running,2022,3,5,2022-03-05T20:41:04Z,1000,7.59841359773371,283.314,168,149.9375,0,0
running,2022,3,5,2022-03-05T20:45:44Z,1000,7.50486849468383,279.792,170,150.0625,2,2
running,2022,3,5,2022-03-05T20:47:23Z,344.27,7.52803817008139,96.615,171,150.65625,0,0
running,2022,3,7,2022-03-07T00:06:16Z,1000,8.74833659491194,326.136,124,144.6875,5,2
running,2022,3,7,2022-03-07T00:11:14Z,1000,7.99475409836066,298.056,130,148.03125,0,0
running,2022,3,7,2022-03-07T00:16:21Z,1000,8.21010101010101,306.115,134,147.265625,4,0
running,2022,3,7,2022-03-07T00:21:25Z,1000,8.16511415525114,304.431,135,146.40625,0,2
running,2022,3,7,2022-03-07T00:26:30Z,1000,8.17506857665346,304.762,137,146.53125,2,0
running,2022,3,7,2022-03-07T00:31:29Z,1000,8.02345198923123,299.156,150,146.765625,0,0
running,2022,3,7,2022-03-07T00:36:34Z,1000,8.18255033557047,305.063,156,144.328125,0,0
running,2022,3,7,2022-03-07T00:41:36Z,1000,8.09610624811349,301.886,157,148.328125,0,2
running,2022,3,7,2022-03-07T00:47:37Z,1000,8.1181598062954,361.13,154,143.953125,5,5
running,2022,3,7,2022-03-07T00:49:01Z,244.86,8.32476722532588,76.008,150,150.171875,0,0
running,2022,3,9,2022-03-09T01:20:19Z,1000,9.00685023505709,335.765,124,145.53125,0,0
running,2022,3,9,2022-03-09T01:25:18Z,1000,8.02105263157895,299.079,136,146.5625,2,0
running,2022,3,9,2022-03-09T01:29:57Z,1000,7.50696893366919,279.852,142,145.515625,2,0
running,2022,3,9,2022-03-09T01:34:35Z,1000,7.43620737454949,277.257,146,146.03125,2,2
running,2022,3,9,2022-03-09T01:39:20Z,1000,7.66354285714286,285.734,145,147,2,2
running,2022,3,9,2022-03-09T01:43:46Z,1000,7.12792984321021,265.723,150,147.0625,0,2
running,2022,3,9,2022-03-09T01:48:24Z,1000,7.45480822679266,277.895,154,147.390625,2,0
running,2022,3,9,2022-03-09T01:53:11Z,1000,7.70094745908699,287.108,153,147.03125,0,0
running,2022,3,9,2022-03-09T01:58:29Z,1000,7.65479452054795,318.175,157,142.359375,0,0
running,2022,3,9,2022-03-09T01:59:23Z,162.63,7.30059880239521,44.268,153,147.9375,0,0
running,2022,3,10,2022-03-10T00:54:35Z,1000,7.51538246007285,351.447,134,146.25,2,94
running,2022,3,10,2022-03-10T00:58:55Z,1000,6.97773152965661,260.14,139,149.421875,0,63
running,2022,3,10,2022-03-10T01:03:50Z,1000,7.90288744843842,294.597,147,147.453125,0,66
running,2022,3,10,2022-03-10T01:08:33Z,752.42,8.87864945382324,282.912,145,150.640625,0,60
running,2022,3,10,2022-03-10T01:14:39Z,1000,9.81427003293084,365.853,163,147.28125,84,2
running,2022,3,10,2022-03-10T01:19:37Z,1000,8.00907733651836,298.567,181,150.4375,58,0
running,2022,3,10,2022-03-10T01:24:18Z,1000,7.53226621735468,280.859,189,152.453125,69,0
running,2022,3,10,2022-03-10T01:29:49Z,716.09,8.86984126984127,328.265,164,146.78125,32,0
running,2022,3,10,2022-03-10T23:21:31Z,1000,8.170088333841,304.576,129,149.203125,5,2
running,2022,3,10,2022-03-10T23:26:36Z,1000,8.17506857665346,304.813,141,148.046875,4,2
running,2022,3,10,2022-03-10T23:31:34Z,1000,7.99713774597495,298.131,146,148.03125,2,0
running,2022,3,10,2022-03-10T23:36:29Z,1000,7.91221238938053,295.003,150,147.65625,0,2
running,2022,3,10,2022-03-10T23:41:29Z,1000,8.03306379155436,299.509,150,147.640625,2,2
running,2022,3,10,2022-03-10T23:46:55Z,1000,8.18255033557047,326.583,149,145.65625,4,6
running,2022,3,10,2022-03-10T23:47:03Z,11.36,9.12326530612245,3.865,156,147,0,0
running,2022,3,12,2022-03-12T04:10:08Z,1000,7.25714285714286,270.563,131,148.640625,11,0
running,2022,3,12,2022-03-12T04:14:31Z,1000,7.0326166754064,262.208,151,148.875,2,0
running,2022,3,12,2022-03-12T04:18:53Z,1000,7.04,262.442,154,147.921875,0,0
running,2022,3,12,2022-03-12T04:22:30Z,1000,5.81704619388419,216.852,166,155.234375,0,0
running,2022,3,12,2022-03-12T04:27:03Z,1000,7.32052401746725,272.943,156,147.59375,0,2
running,2022,3,12,2022-03-12T04:30:29Z,1000,5.54296342219467,206.642,169,157.796875,2,0
running,2022,3,12,2022-03-12T04:35:00Z,1000,7.2492972972973,270.234,162,147.09375,0,0
running,2022,3,12,2022-03-12T04:38:22Z,1000,5.42195269860522,202.132,172,161.515625,2,0
running,2022,3,12,2022-03-12T04:43:02Z,1000,7.50486849468383,279.805,163,147.5,0,0
running,2022,3,12,2022-03-12T04:48:15Z,1000,8.41619077502353,313.792,153,147.515625,0,2
running,2022,3,12,2022-03-12T04:48:26Z,20.84,10.1140271493213,7.86,145,146.125,0,0
running,2022,3,13,2022-03-13T18:04:39Z,1000,8.06931407942238,300.883,140,148.171875,13,2
running,2022,3,13,2022-03-13T18:10:06Z,1000,8.76549019607843,326.786,148,150.5625,30,40
running,2022,3,13,2022-03-13T18:15:14Z,1000,8.26067138897444,307.96,158,148.75,17,18
running,2022,3,13,2022-03-13T18:20:22Z,1000,8.25558633425669,307.753,163,148.09375,15,9
running,2022,3,13,2022-03-13T18:25:27Z,1000,8.170088333841,304.615,159,148.078125,15,14
running,2022,3,13,2022-03-13T18:30:38Z,1000,8.34289269051322,311.025,170,149.328125,29,14
running,2022,3,13,2022-03-13T18:35:42Z,1000,8.170088333841,304.571,160,147.75,10,37
running,2022,3,13,2022-03-13T18:40:45Z,1000,8.1181598062954,302.632,166,148.40625,6,2
running,2022,3,13,2022-03-13T18:45:28Z,1000,7.60703346568349,283.617,171,149.328125,6,4
running,2022,3,13,2022-03-13T18:50:36Z,1000,8.24543498309253,307.402,167,148.6875,6,35
running,2022,3,13,2022-03-13T18:55:50Z,1000,8.42412060301508,314.052,169,150.34375,30,3
running,2022,3,13,2022-03-13T19:00:40Z,1000,7.78589259796807,290.246,169,149.03125,2,12
running,2022,3,13,2022-03-13T19:01:45Z,105.27,7.85889246996777,30.846,175,150.484375,2,0
running,2022,3,15,2022-03-15T00:21:16Z,1000,7.87273260933372,293.521,144,151.046875,18,2
running,2022,3,15,2022-03-15T00:26:23Z,1000,8.23025467934949,306.818,155,151.8125,33,44
running,2022,3,15,2022-03-15T00:31:07Z,1000,7.62433200682206,284.258,162,149.296875,20,18
running,2022,3,15,2022-03-15T00:35:58Z,1000,7.79267867518884,290.522,164,149.015625,22,7
running,2022,3,15,2022-03-15T00:40:46Z,1000,7.72757130509939,288.113,161,147.859375,18,17
running,2022,3,15,2022-03-15T00:45:35Z,1000,7.75437987857762,289.107,165,147.25,13,21
running,2022,3,15,2022-03-15T00:47:35Z,419.48,7.51538246007285,117.526,161,147.609375,13,11
running,2022,3,15,2022-03-15T21:15:40Z,1000,7.84510090669786,292.466,143,148.96875,18,2
running,2022,3,15,2022-03-15T21:20:59Z,1000,8.56671989779623,319.355,150,150.4375,29,38
running,2022,3,15,2022-03-15T21:25:59Z,1000,8.03306379155436,299.475,155,148.515625,21,19
running,2022,3,15,2022-03-15T21:30:52Z,1000,7.87273260933372,293.48,164,148.265625,16,9
running,2022,3,15,2022-03-15T21:35:40Z,1000,7.71867625899281,287.775,162,148.171875,10,13
running,2022,3,15,2022-03-15T21:40:13Z,1000,7.31653027823241,272.8,165,149.15625,5,4
running,2022,3,15,2022-03-15T21:42:22Z,439.95,7.70537201953462,126.394,161,148.234375,2,2
running,2022,3,17,2022-03-17T00:13:42Z,1000,7.74989887315805,288.921,136,150.078125,9,4
running,2022,3,17,2022-03-17T00:18:32Z,1000,7.75886606884582,289.301,152,148.71875,8,26
running,2022,3,17,2022-03-17T00:23:09Z,1000,7.44239733629301,277.478,158,147.890625,7,10
running,2022,3,17,2022-03-17T00:27:42Z,1000,7.32252252252252,273.022,154,148.15625,4,4
running,2022,3,17,2022-03-17T00:32:32Z,1000,7.77686285879965,289.898,163,149.046875,30,6
running,2022,3,17,2022-03-17T00:37:24Z,1000,7.84051446945338,292.32,156,146.6875,5,7
running,2022,3,17,2022-03-17T00:42:27Z,1000,7.7431870669746,302.57,152,143.96875,2,4
running,2022,3,17,2022-03-17T00:47:27Z,1000,8.05235664965476,300.166,158,149.640625,34,9
running,2022,3,17,2022-03-17T00:52:12Z,1000,7.63953289661065,284.814,148,148,15,35
running,2022,3,17,2022-03-17T00:57:13Z,1000,8.07417218543046,300.98,162,149.953125,25,3
running,2022,3,17,2022-03-17T01:01:54Z,1000,7.55135135135135,281.498,143,148.640625,0,35
running,2022,3,17,2022-03-17T01:06:54Z,1000,8.02105263157895,299.048,144,150.40625,2,2
running,2022,3,17,2022-03-17T01:11:43Z,1000,7.73202652061113,288.243,161,149.828125,17,4
running,2022,3,17,2022-03-17T01:16:56Z,1000,7.65697973165858,313.678,153,144.859375,7,7
running,2022,3,17,2022-03-17T01:17:03Z,13.46,6.75287009063444,3.389,164,147.5,0,0
running,2022,3,18,2022-03-18T00:18:26Z,1000,8.22520699172033,306.672,112,148.390625,12,2
running,2022,3,18,2022-03-18T00:23:27Z,1000,7.8199416909621,300.3,123,148.234375,9,11
running,2022,3,18,2022-03-18T00:28:30Z,1000,8.1378640776699,303.428,132,149.359375,16,2
running,2022,3,18,2022-03-18T00:33:47Z,1000,8.50964467005076,317.275,132,148.984375,17,20
running,2022,3,18,2022-03-18T00:38:46Z,1000,7.99475409836066,298.08,131,147.453125,2,5
running,2022,3,18,2022-03-18T00:45:49Z,1000,7.91454706403069,422.779,129,146.65625,7,13
running,2022,3,18,2022-03-18T00:47:53Z,406.25,7.92624113475177,120.037,142,150.4375,9,0
running,2022,3,19,2022-03-19T00:36:03Z,1000,8.64959690422444,322.444,130,149.78125,54,0
running,2022,3,19,2022-03-19T00:41:59Z,1000,9.54873620505518,355.95,161,151.75,70,36
running,2022,3,19,2022-03-19T00:48:35Z,1000,9.32953043478261,395.817,123,150.0625,5,75
running,2022,3,19,2022-03-19T00:54:02Z,1000,8.77696335078534,327.209,174,155.828125,85,0
running,2022,3,19,2022-03-19T01:00:26Z,1000,10.2767816091954,383.198,141,151.890625,27,85
running,2022,3,19,2022-03-19T01:08:03Z,1000,12.2644718792867,457.213,156,150.484375,49,73
running,2022,3,19,2022-03-19T01:10:58Z,515.52,9.02807135644564,173.491,144,139.84375,3,10
running,2022,3,19,2022-03-19T21:59:59Z,1000,7.7120184013801,295.69,136,147.90625,11,7
running,2022,3,19,2022-03-19T22:04:42Z,1000,7.57267080745342,282.304,145,149.40625,2,27
running,2022,3,19,2022-03-19T22:09:35Z,1000,7.86350043975374,293.146,134,149.421875,2,50
running,2022,3,19,2022-03-19T22:14:48Z,1000,8.40037582211087,313.165,159,151.234375,52,0
running,2022,3,19,2022-03-19T22:19:31Z,1000,7.60056673278549,283.37,150,149.265625,0,2
running,2022,3,19,2022-03-19T22:24:24Z,1000,7.85428989751098,292.802,152,150.390625,15,9
running,2022,3,19,2022-03-19T22:30:48Z,1000,10.2886075949367,383.596,139,155.65625,21,44
running,2022,3,19,2022-03-19T22:37:12Z,1000,9.39488616462347,383.936,152,149.3125,43,0
running,2022,3,19,2022-03-19T22:42:02Z,1000,7.78589259796807,290.28,150,150.640625,2,7
running,2022,3,19,2022-03-19T22:46:50Z,1000,7.72757130509939,288.078,154,149.984375,7,0
running,2022,3,19,2022-03-19T22:52:02Z,1000,8.36370439663237,311.854,161,151.625,36,14
running,2022,3,19,2022-03-19T22:56:52Z,1000,7.78137510879025,290.13,162,150.765625,16,40
running,2022,3,19,2022-03-19T23:01:55Z,1000,8.13539581437671,303.321,164,151.015625,26,3
running,2022,3,19,2022-03-19T23:06:55Z,1000,8.03787833383278,299.645,155,150.484375,3,36
running,2022,3,19,2022-03-19T23:11:51Z,1000,7.94502369668247,296.191,158,151.1875,19,23
running,2022,3,19,2022-03-19T23:17:09Z,1000,8.53672819859962,318.237,161,152.28125,38,16
running,2022,3,19,2022-03-19T23:20:03Z,593.96,7.72534562211982,171.057,163,149.890625,0,9
cycling,2022,3,20,2022-03-20T21:30:04Z,5000,14.884794672586,3114.678,136,513.984375,339,31
cycling,2022,3,20,2022-03-20T22:07:07Z,4619.05,11.2841396718553,2222.401,138,513.984375,187,168
running,2022,3,22,2022-03-22T18:24:23Z,1000,7.72534562211982,288.01,144,150.6875,11,3
running,2022,3,22,2022-03-22T18:29:27Z,1000,8.15022789425706,303.83,150,149.921875,19,44
running,2022,3,22,2022-03-22T18:34:30Z,1000,8.1378640776699,303.383,160,149.171875,19,0
running,2022,3,22,2022-03-22T18:39:41Z,1000,8.32993788819876,310.593,150,150.078125,0,61
running,2022,3,22,2022-03-22T18:46:31Z,1000,9.72178325480246,410.157,151,151.0625,45,46
running,2022,3,22,2022-03-22T18:52:02Z,1000,8.88158940397351,331.091,173,151.984375,65,0
running,2022,3,22,2022-03-22T18:56:27Z,1000,7.10527152317881,264.925,174,149.96875,13,27
running,2022,3,22,2022-03-22T19:01:15Z,1000,7.71867625899281,287.744,171,153.109375,35,25
running,2022,3,22,2022-03-22T19:05:40Z,1000,7.1222517259692,265.544,172,153.78125,15,11
running,2022,3,22,2022-03-22T19:05:54Z,32.76,7.45273687135315,9.104,162,147.5625,0,0
running,2022,3,24,2022-03-24T03:19:29Z,1000,7.95680806882231,296.617,138,150.625,5,60
running,2022,3,24,2022-03-24T03:24:33Z,1000,8.16014602981442,304.186,145,150.328125,19,3
running,2022,3,24,2022-03-24T03:29:48Z,1000,8.45066162570888,315.039,147,150.015625,17,3
running,2022,3,24,2022-03-24T03:35:51Z,1000,9.27148288973384,363.442,137,143.671875,6,9
running,2022,3,24,2022-03-24T03:45:55Z,1000,9.04024266936299,603.56,129,142.828125,5,8
running,2022,3,24,2022-03-24T03:51:36Z,1000,8.0499399759904,340.685,143,148.78125,8,0
running,2022,3,24,2022-03-24T03:56:36Z,1000,8.06931407942238,300.833,127,151.15625,13,25
running,2022,3,24,2022-03-24T04:01:38Z,1000,8.07660343270099,301.143,139,150.90625,18,5
running,2022,3,24,2022-03-24T04:02:21Z,129.38,7.28078175895765,35.125,144,150.484375,0,4
running,2022,3,25,2022-03-25T00:07:40Z,1000,8.15022789425706,303.866,139,149.03125,11,3
running,2022,3,25,2022-03-25T00:13:13Z,1000,8.91109634551495,332.204,148,148.046875,31,38
running,2022,3,25,2022-03-25T00:18:22Z,1000,8.2990099009901,309.422,145,148.953125,11,17
running,2022,3,25,2022-03-25T00:23:33Z,1000,8.33252562907735,310.659,135,150.09375,24,0
running,2022,3,25,2022-03-25T00:28:34Z,1000,8.08390596745027,301.393,137,149.59375,7,11
running,2022,3,25,2022-03-25T00:33:25Z,1000,7.7949433304272,290.574,136,150.484375,8,31
running,2022,3,25,2022-03-25T00:38:33Z,1000,8.26576271186441,308.133,142,151.71875,36,13
running,2022,3,25,2022-03-25T00:41:48Z,678.08,7.63301081388731,192.983,141,149.875,2,10
running,2022,3,25,2022-03-25T23:18:34Z,1000,7.84280701754386,292.389,128,148.03125,7,5
running,2022,3,25,2022-03-25T23:20:26Z,366.55,8.20758873929009,112.176,138,150.1875,0,2
running,2022,3,25,2022-03-25T23:21:53Z,410.64,5.6659062103929,86.743,147,163.15625,0,0
running,2022,3,25,2022-03-25T23:23:15Z,412.27,5.34523714627342,82.16,153,166.984375,2,0
running,2022,3,25,2022-03-25T23:24:34Z,419.64,5.00885154061625,78.367,155,173.4375,0,2
running,2022,3,25,2022-03-25T23:25:52Z,416.8,5.02574480044969,78.096,166,172.140625,0,0
running,2022,3,25,2022-03-25T23:31:29Z,1000,9.04329062710721,337.113,131,136.078125,0,0
running,2022,3,25,2022-03-25T23:36:13Z,1000,7.62216538789429,284.134,149,148.890625,0,0
running,2022,3,25,2022-03-25T23:41:16Z,1000,8.08147032238626,303.46,158,147.546875,2,0
running,2022,3,25,2022-03-25T23:46:19Z,1000,8.10344410876133,302.151,158,149.953125,10,3
running,2022,3,25,2022-03-25T23:48:01Z,347.93,7.72089810017271,100.156,154,150.1875,0,5
cycling,2022,3,27,2022-03-27T01:19:41Z,5000,13.7762711864407,2567.395,147,513.984375,356,10
cycling,2022,3,27,2022-03-27T02:06:54Z,5000,13.1225048923679,2832.944,143,513.984375,200,273
cycling,2022,3,27,2022-03-27T02:19:30Z,1391.32,14.5221440173254,753.094,130,513.984375,0,260
running,2022,3,27,2022-03-27T17:11:07Z,1000,7.82907180385289,291.86,136,148.546875,9,0
running,2022,3,27,2022-03-27T17:16:46Z,1000,8.04511097780444,338.827,159,146.96875,9,0
running,2022,3,27,2022-03-27T17:21:31Z,1000,7.66135389888603,285.599,154,149.453125,7,0
running,2022,3,27,2022-03-27T17:26:29Z,1000,7.9852337005061,297.706,158,148.90625,8,0
running,2022,3,27,2022-03-27T17:31:16Z,1000,7.68329991406474,286.481,164,149.015625,6,0
running,2022,3,27,2022-03-27T17:36:06Z,1000,7.78137510879025,290.145,167,148.6875,6,0
running,2022,3,27,2022-03-27T17:40:42Z,1000,7.40950276243094,276.276,167,149.796875,7,0
running,2022,3,27,2022-03-27T17:45:12Z,1000,7.2492972972973,270.273,168,150,6,0
running,2022,3,27,2022-03-27T17:49:42Z,1000,7.22780921584479,269.433,168,150.109375,6,0
running,2022,3,27,2022-03-27T17:54:02Z,1000,6.98863991662324,260.542,167,150.703125,2,6
running,2022,3,27,2022-03-27T17:58:13Z,1000,6.72746425884123,250.819,169,151.53125,0,8
running,2022,3,27,2022-03-27T18:02:21Z,1000,6.64578790882062,247.798,170,152.6875,0,10
running,2022,3,27,2022-03-27T18:06:16Z,1000,6.29486036141751,234.683,171,153.84375,0,4
running,2022,3,27,2022-03-27T18:10:13Z,1000,6.36657963446475,237.387,170,153.5625,0,4
running,2022,3,27,2022-03-27T18:14:08Z,1000,6.29338338808071,234.651,173,155.265625,0,10
running,2022,3,27,2022-03-27T18:18:01Z,1000,6.26398879028491,233.546,177,155.328125,0,7
running,2022,3,27,2022-03-27T18:22:31Z,1000,7.24342425060762,270.081,172,152.5625,6,16
running,2022,3,27,2022-03-27T18:23:15Z,155.9,7.06410323939953,41.063,158,151.3125,0,0
running,2022,3,29,2022-03-29T00:58:24Z,1000,8.3221843003413,371.988,123,142.046875,0,0
running,2022,3,29,2022-03-29T01:03:26Z,1000,8.11079528273359,302.35,133,149.59375,4,0
running,2022,3,29,2022-03-29T01:08:38Z,1000,8.35328558081594,311.401,138,148.484375,2,0
running,2022,3,29,2022-03-29T01:13:47Z,1000,8.29131375579598,309.087,141,148.09375,2,2
running,2022,3,29,2022-03-29T01:18:49Z,1000,8.1157034795764,302.581,145,147.703125,0,0
running,2022,3,29,2022-03-29T01:23:57Z,1000,8.24543498309253,307.409,145,146.84375,0,2
running,2022,3,29,2022-03-29T01:28:51Z,1000,7.90288744843842,294.639,145,147.21875,0,0
running,2022,3,29,2022-03-29T01:28:59Z,18.22,8.29644293226106,5.637,143,147,0,0
running,2022,3,29,2022-03-29T23:20:52Z,1000,7.92858409695536,333.961,126,142.390625,2,0
running,2022,3,29,2022-03-29T23:25:42Z,1000,7.77911832946636,290.052,139,149.625,2,2
running,2022,3,29,2022-03-29T23:30:26Z,1000,7.61567291311755,283.964,148,147.828125,0,0
running,2022,3,29,2022-03-29T23:35:05Z,1000,7.47142061281337,278.526,151,146.765625,2,4
running,2022,3,29,2022-03-29T23:39:48Z,1000,7.6091914893617,283.728,153,146.84375,2,0
running,2022,3,29,2022-03-29T23:44:43Z,1000,7.905216622458,294.719,152,146.5,3,2
running,2022,3,29,2022-03-29T23:49:25Z,1000,7.55986471251409,281.841,156,146.921875,4,4
running,2022,3,29,2022-03-29T23:54:54Z,1000,8.01386316103974,328.882,156,143.6875,2,2
running,2022,3,29,2022-03-29T23:55:38Z,139.14,7.90055964653903,40.99,156,146.859375,0,0
running,2022,3,30,2022-03-30T20:24:58Z,1000,7.53438202247191,307.467,132,145.390625,2,0
running,2022,3,30,2022-03-30T20:29:27Z,1000,7.20644814615798,268.665,149,151.28125,4,0
running,2022,3,30,2022-03-30T20:34:32Z,1000,7.27288503253796,305.357,149,146.625,0,0
running,2022,3,30,2022-03-30T20:39:02Z,1000,7.23560830860534,269.754,147,150.828125,4,0
running,2022,3,30,2022-03-30T20:43:34Z,1000,7.30457516339869,272.341,157,150.546875,8,7
running,2022,3,30,2022-03-30T20:48:10Z,1000,7.39724214009928,275.795,159,150.546875,0,4
running,2022,3,30,2022-03-30T20:52:42Z,1000,7.2946423714985,271.973,162,151.421875,2,0
running,2022,3,30,2022-03-30T20:57:12Z,1000,7.23560830860534,269.739,163,150.828125,5,2
running,2022,3,30,2022-03-30T21:01:41Z,1000,7.21614205004036,269.034,165,150.953125,0,2
running,2022,3,30,2022-03-30T21:06:10Z,1000,7.22391597091301,269.345,169,151.09375,2,0
running,2022,3,30,2022-03-30T21:10:17Z,1000,6.60813008130081,246.368,169,151.171875,19,17
running,2022,3,30,2022-03-30T21:14:46Z,1000,7.23170665947695,269.612,172,151.578125,32,18
running,2022,3,30,2022-03-30T21:19:09Z,1000,7.03815271582262,262.417,169,151.640625,2,5
running,2022,3,30,2022-03-30T21:24:01Z,1000,7.48601730393525,292.803,164,149.109375,8,2
running,2022,3,30,2022-03-30T21:28:03Z,776.97,8.03306379155436,232.685,163,150.734375,5,7
running,2022,4,1,2022-04-01T00:26:51Z,1000,7.93327417923691,295.763,134,151.34375,20,3
running,2022,4,1,2022-04-01T00:32:25Z,1000,8.94378126042014,333.441,144,146.625,25,50
running,2022,4,1,2022-04-01T00:37:30Z,1000,8.18754578754579,305.208,140,150.375,20,16
running,2022,4,1,2022-04-01T00:42:36Z,1000,8.20006114338123,305.712,137,149.859375,17,17
running,2022,4,1,2022-04-01T00:47:28Z,1000,7.83822326125073,292.265,138,150.671875,16,2
running,2022,4,1,2022-04-01T00:51:51Z,936.28,7.48601730393525,261.288,144,150.140625,2,9
running,2022,4,1,2022-04-01T23:33:56Z,1000,7.88198648251543,318.385,131,147.328125,10,4
running,2022,4,1,2022-04-01T23:38:56Z,1000,7.61567291311755,299.771,138,148.25,4,15
running,2022,4,1,2022-04-01T23:43:46Z,1000,7.77010428736964,289.726,149,151,21,3
running,2022,4,1,2022-04-01T23:48:45Z,1000,8.04269865067466,299.832,138,150.65625,17,19
running,2022,4,1,2022-04-01T23:53:47Z,1000,8.10344410876133,302.088,140,150.921875,29,36
running,2022,4,1,2022-04-01T23:58:37Z,1000,7.75886606884582,289.301,157,149.546875,13,9
running,2022,4,1,2022-04-01T23:59:05Z,81.04,8.10589301903898,24.491,149,147.5,0,0
running,2022,4,3,2022-04-03T21:40:48Z,1000,8.07174240144448,300.93,130,147.046875,0,0
running,2022,4,3,2022-04-03T21:45:57Z,1000,7.55986471251409,308.733,137,146.8125,2,0
running,2022,4,3,2022-04-03T21:50:42Z,1000,7.65916619074814,285.58,150,148.984375,2,0
running,2022,4,3,2022-04-03T21:55:31Z,1000,7.74542304360381,288.756,153,148.671875,0,0
running,2022,4,3,2022-04-03T22:00:12Z,1000,7.52592592592593,280.608,155,148.90625,0,2
running,2022,4,3,2022-04-03T22:06:26Z,1000,7.65042783799201,374.809,149,144.09375,7,7
running,2022,4,3,2022-04-03T22:12:08Z,1000,7.84280701754386,341.255,151,147.375,5,0
running,2022,4,3,2022-04-03T22:17:34Z,1000,7.60703346568349,325.257,158,148.09375,10,2
running,2022,4,3,2022-04-03T22:22:16Z,1000,7.56412859560068,282.024,159,150.0625,2,2
running,2022,4,3,2022-04-03T22:28:41Z,1000,8.58866474543708,385.226,152,146.703125,5,7
running,2022,4,3,2022-04-03T22:33:24Z,1000,7.58337574215437,282.717,161,150.140625,7,0
running,2022,4,3,2022-04-03T22:38:05Z,1000,7.54073657576609,281.173,162,149.484375,2,6
running,2022,4,3,2022-04-03T22:42:47Z,1000,7.56412859560068,282.028,167,150.15625,7,0
running,2022,4,3,2022-04-03T22:47:46Z,1000,8.01146953405018,298.656,163,149.53125,2,9
running,2022,4,3,2022-04-03T22:52:43Z,1000,7.96862745098039,297.053,164,149.921875,0,0
running,2022,4,3,2022-04-03T22:57:25Z,1000,7.57053344623201,282.246,169,149.140625,2,2
running,2022,4,3,2022-04-03T22:58:29Z,207.66,7.97336504161712,61.724,169,149.15625,0,2
running,2022,4,7,2022-04-07T00:41:39Z,1000,8.08878166465621,301.524,127,145.921875,2,2
running,2022,4,7,2022-04-07T00:46:42Z,1000,8.03306379155436,303.028,138,145.6875,2,2
running,2022,4,7,2022-04-07T00:51:26Z,1000,7.59626168224299,283.188,145,147.953125,0,0
running,2022,4,7,2022-04-07T00:56:06Z,1000,7.51748878923767,280.293,153,148.265625,4,0
running,2022,4,7,2022-04-07T01:01:08Z,1000,7.75437987857762,302.066,151,147.34375,0,0
running,2022,4,7,2022-04-07T01:06:36Z,1000,8.8028880866426,328.215,148,147.671875,9,10
running,2022,4,7,2022-04-07T01:11:51Z,1000,8.04028776978417,314.37,149,145.046875,2,4
running,2022,4,7,2022-04-07T01:16:47Z,1000,7.67231121281465,296.528,150,144.796875,2,3
running,2022,4,7,2022-04-07T01:19:43Z,512.61,8.15022789425706,169.069,151,141.9375,0,0
running,2022,4,9,2022-04-09T00:22:32Z,1000,8.28363187152563,324.368,114,140.203125,0,0
running,2022,4,9,2022-04-09T00:27:17Z,1000,7.65042783799201,285.256,128,146.9375,2,0
running,2022,4,9,2022-04-09T00:32:04Z,1000,7.70315910396324,287.165,148,146.390625,0,0
running,2022,4,9,2022-04-09T00:37:13Z,1000,8.28619091751622,308.92,151,145.234375,7,0
running,2022,4,9,2022-04-09T00:42:10Z,1000,7.81538461538462,297.397,152,144.453125,0,9
running,2022,4,9,2022-04-09T00:45:19Z,612.22,7.69873708381171,175.712,160,145.484375,0,2
running,2022,4,9,2022-04-09T00:57:29Z,1000,8.13046377690209,319.389,141,144.8125,9,0
running,2022,4,9,2022-04-09T01:02:21Z,1000,7.83135766423358,291.961,156,147.203125,7,11
running,2022,4,9,2022-04-09T01:07:01Z,1000,7.51538246007285,280.156,161,147.6875,2,7
running,2022,4,9,2022-04-09T01:11:43Z,1000,7.56199605300254,281.89,167,147.5625,4,2
running,2022,4,9,2022-04-09T01:13:55Z,449.39,7.70315910396324,129.054,169,145.625,0,3
running,2022,4,9,2022-04-09T17:44:46Z,1000,9.17632569278139,356.505,121,136.546875,2,0
running,2022,4,9,2022-04-09T17:50:16Z,1000,8.86397884996695,330.515,136,143.015625,2,0
running,2022,4,9,2022-04-09T17:55:46Z,1000,8.84060646011866,329.649,148,148.59375,0,2
running,2022,4,9,2022-04-09T18:01:39Z,1000,9.48458274398868,353.646,151,151.234375,12,0
running,2022,4,9,2022-04-09T18:08:23Z,1000,9.3620942408377,402.366,139,144.078125,0,10
running,2022,4,9,2022-04-09T18:14:15Z,1000,9.12636951343995,352.519,143,147.046875,2,0
running,2022,4,9,2022-04-09T18:20:23Z,1000,8.99778597785978,367.39,143,145.6875,2,0
running,2022,4,9,2022-04-09T18:25:56Z,1000,8.93782072642452,333.167,146,148.4375,4,5
running,2022,4,9,2022-04-09T18:31:23Z,1000,8.78846657929227,327.61,147,148.640625,2,0
running,2022,4,9,2022-04-09T18:36:52Z,1000,8.80577806959948,328.302,146,150.390625,0,2
running,2022,4,9,2022-04-09T18:37:10Z,35.84,9.33277661795407,12.469,145,150.171875,0,0
running,2022,4,9,2022-04-09T18:56:00Z,1000,9.16065573770492,341.478,136,149.46875,4,0
running,2022,4,9,2022-04-09T19:01:23Z,1000,8.66356589147287,323.014,147,149.625,2,2
running,2022,4,9,2022-04-09T19:07:50Z,1000,9.00685023505709,387.432,144,144.828125,0,0
running,2022,4,9,2022-04-09T19:13:47Z,1000,9.31010065949323,356.801,145,146.171875,7,2
running,2022,4,9,2022-04-09T19:19:03Z,812.02,9.18890030832477,302.7,149,136.390625,0,2
running,2022,4,11,2022-04-11T00:05:07Z,1000,7.96389548693587,296.951,130,149.5625,2,0
running,2022,4,11,2022-04-11T00:10:10Z,1000,8.1157034795764,302.531,140,148.484375,0,0
running,2022,4,11,2022-04-11T00:15:04Z,1000,7.88430335097002,293.949,140,147.796875,4,0
running,2022,4,11,2022-04-11T00:19:56Z,1000,7.83135766423358,291.943,138,146.828125,0,2
running,2022,4,11,2022-04-11T00:24:58Z,1000,8.12061762034514,302.715,139,147.625,3,2
running,2022,4,11,2022-04-11T00:30:06Z,1000,8.24543498309253,307.444,142,147.671875,0,0
running,2022,4,11,2022-04-11T00:35:13Z,1000,8.25050753614273,307.632,137,147.5,2,2
running,2022,4,11,2022-04-11T00:38:16Z,564.15,8.52587412587413,179.303,138,144.8125,0,0
running,2022,4,15,2022-04-15T19:57:58Z,1000,6.5757293454278,245.136,137,150.796875,2,0
running,2022,4,15,2022-04-15T20:01:56Z,1000,6.38324607329843,237.973,161,151.59375,2,0
running,2022,4,15,2022-04-15T20:05:50Z,1000,6.26691588785047,233.663,162,150.75,2,2
running,2022,4,15,2022-04-15T20:09:36Z,1000,6.08079800498753,226.728,165,153.65625,2,3
running,2022,4,15,2022-04-15T20:13:26Z,1000,6.14910591471802,229.277,170,155.6875,0,2
running,2022,4,15,2022-04-15T20:16:57Z,1000,5.67669841269841,211.66,179,158.90625,2,0
running,2022,4,15,2022-04-15T20:20:38Z,1000,5.91975281394836,220.694,169,157.03125,7,6
running,2022,4,15,2022-04-15T20:24:40Z,1000,6.49924884904289,242.33,175,151.203125,5,2
running,2022,4,15,2022-04-15T20:28:11Z,1000,5.64682105263158,210.511,183,160.828125,2,2
running,2022,4,15,2022-04-15T20:31:57Z,1000,6.0766651563208,226.567,176,155.921875,5,2
running,2022,4,15,2022-04-15T20:38:32Z,1000,7.37689768976898,394.827,167,149.59375,5,0
running,2022,4,15,2022-04-15T20:43:11Z,1000,7.47350236834773,278.639,166,148.015625,0,3
running,2022,4,15,2022-04-15T20:43:26Z,39.84,8.44268177525968,12.541,168,146.828125,0,0
running,2022,4,16,2022-04-16T22:22:02Z,1000,7.65697973165858,310.016,120,145.703125,2,0
running,2022,4,16,2022-04-16T22:26:44Z,1000,7.56839729119639,282.189,130,147.921875,2,4
running,2022,4,16,2022-04-16T22:31:30Z,1000,7.67011724335144,285.989,148,147.265625,0,0
running,2022,4,16,2022-04-16T22:36:08Z,1000,7.47558528428094,278.721,149,147.09375,0,2
running,2022,4,16,2022-04-16T22:40:59Z,1000,7.79267867518884,290.554,145,145.890625,2,0
running,2022,4,16,2022-04-16T22:45:52Z,1000,7.8519906323185,292.728,147,145.625,2,3
running,2022,4,16,2022-04-16T22:50:43Z,1000,7.80174520069808,290.868,148,141.796875,0,5
running,2022,4,16,2022-04-16T22:54:49Z,785.29,8.28875154511743,242.687,152,147.046875,0,2
running,2022,4,17,2022-04-17T18:25:48Z,1000,8.17257769652651,319.172,133,146.546875,0,0
running,2022,4,17,2022-04-17T18:30:43Z,1000,7.92858409695536,295.561,146,150.234375,4,0
running,2022,4,17,2022-04-17T18:35:43Z,1000,8.04752475247525,300.053,147,149.265625,4,2
running,2022,4,17,2022-04-17T18:40:59Z,1000,8.45865657521287,315.333,151,149.5625,7,7
running,2022,4,17,2022-04-17T18:46:10Z,1000,8.35328558081594,311.461,148,149.890625,0,4
running,2022,4,17,2022-04-17T18:51:13Z,1000,8.1181598062954,302.625,155,150.09375,0,0
running,2022,4,17,2022-04-17T18:55:48Z,1000,7.39520264681555,275.719,160,150.234375,2,0
running,2022,4,17,2022-04-17T19:00:44Z,1000,7.93327417923691,295.736,161,149.84375,0,0
running,2022,4,17,2022-04-17T19:05:53Z,1000,8.27086031452359,308.36,159,150.703125,12,0
running,2022,4,17,2022-04-17T19:11:02Z,1000,8.29644293226106,309.354,152,150.421875,0,10
running,2022,4,17,2022-04-17T19:11:18Z,46.95,7.07341772151899,12.382,155,154.921875,0,0
running,2022,4,21,2022-04-21T22:37:07Z,1000,7.64824636441403,331.502,132,145.5,4,0
running,2022,4,21,2022-04-21T22:41:46Z,1000,7.4818410041841,278.913,142,147.46875,2,2
running,2022,4,21,2022-04-21T22:42:45Z,219.32,7.28869565217391,59.589,148,146.59375,0,0
running,2022,4,21,2022-04-21T22:46:29Z,1000,6.00725643896976,223.987,164,158.296875,4,0
running,2022,4,21,2022-04-21T22:48:15Z,347.78,8.11079528273359,105.167,168,146.015625,0,2
running,2022,4,21,2022-04-21T22:51:40Z,1000,5.50090237899918,205.103,160,161.5625,2,2
running,2022,4,21,2022-04-21T22:53:57Z,425.78,8.66076848563126,137.496,167,144.84375,2,2
running,2022,4,21,2022-04-21T22:57:25Z,1000,5.57406483790524,207.826,185,160.203125,0,0
running,2022,4,21,2022-04-21T23:03:31Z,1000,9.81427003293084,365.87,159,127.734375,0,2
running,2022,4,21,2022-04-21T23:06:41Z,525.7,8.04028776978417,187.709,170,144.8125,0,0
running,2022,4,22,2022-04-22T22:21:32Z,1000,7.43620737454949,277.223,145,151.484375,0,99
running,2022,4,22,2022-04-22T22:26:56Z,1000,8.69445705024311,324.184,150,153.359375,18,86
running,2022,4,22,2022-04-22T22:32:34Z,1000,9.06774847870182,338.026,142,155.9375,39,57
running,2022,4,22,2022-04-22T22:38:32Z,1000,9.5931330472103,357.599,169,151.078125,61,2
running,2022,4,22,2022-04-22T22:44:41Z,1000,8.69163966299417,368.787,155,145.5,16,31
running,2022,4,22,2022-04-22T22:49:47Z,1000,8.20006114338123,305.737,134,149.15625,3,79
running,2022,4,22,2022-04-22T22:56:47Z,1000,11.0744838976053,420.673,165,149.78125,117,0
running,2022,4,22,2022-04-22T23:02:48Z,640.7,12.6580462482303,357.449,182,145.546875,96,0
running,2022,4,23,2022-04-23T18:51:03Z,1000,8.24036866359447,307.207,123,149.84375,0,2
running,2022,4,23,2022-04-23T18:56:57Z,1000,7.96862745098039,353.096,130,146.328125,0,0
running,2022,4,23,2022-04-23T19:01:42Z,1000,7.66573306659045,285.796,145,149.21875,5,0
running,2022,4,23,2022-04-23T19:06:36Z,1000,7.87735682819383,293.678,150,148.375,9,5
running,2022,4,23,2022-04-23T19:11:28Z,1000,7.73202652061113,291.61,154,147.296875,7,2
running,2022,4,23,2022-04-23T19:16:15Z,1000,7.72312122084653,287.897,157,148.53125,0,5
running,2022,4,23,2022-04-23T19:21:02Z,1000,7.68550143266476,286.565,157,148.609375,2,5
running,2022,4,23,2022-04-23T19:25:43Z,1000,7.54285714285714,281.208,158,149.421875,5,8
running,2022,4,23,2022-04-23T19:30:22Z,1000,7.48392857142857,279.023,161,149.390625,2,2
running,2022,4,23,2022-04-23T19:34:58Z,1000,7.39316427783903,275.597,160,149.453125,5,5
running,2022,4,23,2022-04-23T19:35:45Z,14.37,7.24342425060762,3.88,161,148.75,0,0
running,2022,4,24,2022-04-24T17:46:17Z,1000,8.3221843003413,330.723,128,145.25,0,0
running,2022,4,24,2022-04-24T17:51:23Z,1000,8.22773006134969,306.722,144,149.6875,0,0
running,2022,4,24,2022-04-24T17:56:28Z,1000,8.16511415525114,304.395,150,149.046875,2,0
running,2022,4,24,2022-04-24T18:01:33Z,1000,8.18255033557047,305.039,156,148.640625,0,0
running,2022,4,24,2022-04-24T18:06:41Z,1000,8.26576271186441,308.208,153,148.828125,2,2
running,2022,4,24,2022-04-24T18:11:49Z,1000,8.25812807881773,307.862,149,149.46875,0,12
running,2022,4,24,2022-04-24T18:17:03Z,1000,8.4294154619736,314.232,149,149.828125,9,8
running,2022,4,24,2022-04-24T18:22:37Z,1000,8.94676450967311,333.518,146,150.0625,15,12
running,2022,4,24,2022-04-24T18:27:20Z,1000,7.59411098527746,283.155,149,149,2,0
running,2022,4,24,2022-04-24T18:32:29Z,423.58,8.50964467005076,147.862,150,145.65625,0,0
running,2022,4,24,2022-04-24T19:02:44Z,1000,8.42412060301508,314.112,127,148.875,0,2
running,2022,4,24,2022-04-24T19:07:43Z,1000,8.02585278276481,299.192,144,150.171875,3,0
running,2022,4,24,2022-04-24T19:12:37Z,1000,7.90055964653903,294.525,149,148.640625,4,3
running,2022,4,24,2022-04-24T19:17:26Z,1000,7.74766031195841,288.812,157,148.296875,0,2
running,2022,4,24,2022-04-24T19:22:13Z,1000,7.70537201953462,287.292,157,148.046875,5,2
running,2022,4,24,2022-04-24T19:26:03Z,765.48,7.87042253521127,224.639,154,148.15625,0,0
running,2022,4,26,2022-04-26T00:50:32Z,1000,8.28619091751622,311.213,129,146.484375,3,0
running,2022,4,26,2022-04-26T00:55:19Z,1000,7.69873708381171,287.02,141,148.90625,0,0
running,2022,4,26,2022-04-26T01:00:00Z,1000,7.52170499158721,280.389,146,149.53125,2,0
running,2022,4,26,2022-04-26T01:04:41Z,1000,7.53861720067454,281.077,150,149.78125,0,2
running,2022,4,26,2022-04-26T01:09:12Z,1000,7.27880597014925,271.344,147,149.0625,0,2
running,2022,4,26,2022-04-26T01:09:45Z,100.89,7.46518229891456,28.083,148,151.71875,0,0
running,2022,4,29,2022-04-29T20:45:03Z,1000,7.80855895196507,291.079,134,148.4375,0,2
running,2022,4,29,2022-04-29T20:49:33Z,1000,7.24733855714672,270.224,152,147.671875,2,0
running,2022,4,29,2022-04-29T20:53:18Z,837.06,7.21420118343195,225.151,162,147.828125,2,0
running,2022,4,29,2022-04-29T20:56:56Z,1000,5.84748201438849,217.995,185,160.421875,2,2
running,2022,4,29,2022-04-29T21:00:02Z,641.16,7.75886606884582,185.463,174,146.15625,0,0
running,2022,4,29,2022-04-29T21:03:36Z,1000,5.73863928112965,213.935,194,161.625,2,3
running,2022,4,29,2022-04-29T21:06:54Z,637.95,8.31702325581395,197.832,180,145,2,2
running,2022,4,29,2022-04-29T21:10:31Z,1000,5.83603133159269,217.604,196,158.703125,2,3
running,2022,4,29,2022-04-29T21:17:46Z,1000,11.2793944491169,434.648,157,130.546875,0,2
running,2022,4,29,2022-04-29T21:23:23Z,1000,8.09855072463768,337.38,174,144.078125,0,4
running,2022,4,29,2022-04-29T21:25:18Z,269.65,9.66572972972973,112.167,162,140.515625,0,0
running,2022,4,30,2022-04-30T16:44:06Z,1000,8.06688721804511,303.734,131,148.8125,2,0
running,2022,4,30,2022-04-30T16:49:10Z,1000,8.17506857665346,304.812,148,149.859375,2,0
running,2022,4,30,2022-04-30T16:54:08Z,1000,7.97810826888757,297.407,150,149.609375,2,0
running,2022,4,30,2022-04-30T16:59:03Z,1000,7.90987909171336,294.9,154,149.8125,0,2
running,2022,4,30,2022-04-30T17:04:04Z,1000,8.08878166465621,301.525,159,150.65625,2,4
running,2022,4,30,2022-04-30T17:09:01Z,1000,7.94737777777778,296.315,155,150.4375,0,2
running,2022,4,30,2022-04-30T17:13:50Z,1000,7.77235583888728,289.779,161,150.453125,2,2
running,2022,4,30,2022-04-30T17:18:42Z,1000,7.81538461538462,291.366,161,150.3125,4,2
running,2022,4,30,2022-04-30T17:23:21Z,1000,7.4922905027933,279.308,158,151.0625,0,2
running,2022,4,30,2022-04-30T17:28:16Z,1000,7.91688311688312,295.135,162,150.875,2,2
running,2022,4,30,2022-04-30T17:28:26Z,22.94,8.93782072642452,7.644,162,150,0,0
running,2022,5,3,2022-05-03T00:52:31Z,1000,7.52170499158721,293.892,118,145.859375,2,0
running,2022,5,3,2022-05-03T00:57:05Z,1000,7.36676737160121,274.615,130,148.71875,2,0
running,2022,5,3,2022-05-03T00:57:47Z,167.11,6.72915203211239,41.925,129,147.875,0,0
running,2022,5,3,2022-05-03T01:01:39Z,1000,6.22185107863605,231.972,147,155.625,2,0
running,2022,5,3,2022-05-03T01:05:19Z,1000,5.90801762114537,220.285,175,157.984375,0,2
running,2022,5,3,2022-05-03T01:08:55Z,1000,5.78193576201768,215.553,183,159.078125,2,2
running,2022,5,3,2022-05-03T01:12:36Z,1000,5.93941541186891,221.44,186,158.046875,2,2
running,2022,5,3,2022-05-03T01:16:11Z,1000,5.75094339622642,214.397,190,159.21875,0,4
running,2022,5,3,2022-05-03T01:18:05Z,151.4,20.2128108515448,114.068,148,89.515625,0,0
running,2022,5,3,2022-05-03T01:23:10Z,1000,8.19254734270006,305.395,152,146.25,2,2
running,2022,5,3,2022-05-03T01:27:39Z,882.68,7.9995228153892,263.231,161,144.953125,2,2
running,2022,5,4,2022-05-04T00:04:57Z,1000,8.46934006946637,355.367,119,141.78125,0,0
running,2022,5,4,2022-05-04T00:10:14Z,1000,8.49885931558935,316.867,136,147.265625,4,0
running,2022,5,4,2022-05-04T00:15:26Z,1000,8.35588785046729,311.519,139,147.03125,2,2
running,2022,5,4,2022-05-04T00:20:39Z,1000,8.39249061326658,312.88,147,147.03125,0,2
running,2022,5,4,2022-05-04T00:20:48Z,12.21,6.65898709036743,3.031,142,145,0,0
running,2022,5,4,2022-05-04T00:39:30Z,1000,8.74833659491194,326.108,127,146.90625,2,0
running,2022,5,4,2022-05-04T00:44:23Z,909.69,8.54760994263862,289.867,139,148.03125,2,0
running,2022,5,4,2022-05-04T01:13:27Z,1000,9.29397089397089,352.993,125,142.90625,2,0
running,2022,5,4,2022-05-04T01:13:48Z,64.92,7.72312122084653,18.694,143,149.84375,0,0
running,2022,5,5,2022-05-05T17:30:46Z,1000,7.75662232504338,313.434,138,144.328125,2,0
running,2022,5,5,2022-05-05T17:35:23Z,1000,7.42180409518539,276.702,156,148.203125,2,2
running,2022,5,5,2022-05-05T17:40:10Z,1000,7.69432013769363,286.855,163,147.296875,2,0
running,2022,5,5,2022-05-05T17:44:59Z,1000,7.75886606884582,289.301,161,146.75,0,2
running,2022,5,5,2022-05-05T17:49:47Z,1000,7.72757130509939,288.123,164,147,0,0
running,2022,5,5,2022-05-05T17:54:59Z,1000,7.95916913946588,312.298,166,145.265625,0,2
running,2022,5,5,2022-05-05T17:55:05Z,15.27,5.99383240223464,3.413,167,146.5,0,0
running,2022,5,6,2022-05-06T17:02:14Z,1000,7.30059880239521,289.843,128,148.3125,2,0
running,2022,5,6,2022-05-06T17:06:37Z,1000,7.06038431166096,263.243,139,150.34375,2,0
running,2022,5,6,2022-05-06T17:10:55Z,1000,6.92190967741936,258.045,152,150.078125,0,0
running,2022,5,6,2022-05-06T17:15:19Z,1000,7.09024583663759,264.343,160,149.78125,4,0
running,2022,5,6,2022-05-06T17:20:03Z,1000,7.59841359773371,283.3,162,146.265625,6,10
running,2022,5,6,2022-05-06T17:25:05Z,1000,7.16410256410256,302.24,154,147,0,0
running,2022,5,6,2022-05-06T17:29:34Z,1000,7.21808396124865,269.119,163,149.53125,2,4
running,2022,5,6,2022-05-06T17:34:15Z,1000,7.53015160022459,280.718,159,149.21875,2,5
running,2022,5,6,2022-05-06T17:38:26Z,1000,6.73929648241206,251.263,163,149.609375,0,0
running,2022,5,6,2022-05-06T17:42:56Z,1000,7.2532179556517,270.416,165,149.203125,5,0
running,2022,5,6,2022-05-06T17:47:18Z,1000,7.01055933089388,261.375,171,150.109375,2,9
running,2022,5,6,2022-05-06T17:52:00Z,1000,7.4156483273431,282.362,170,147.984375,7,0
running,2022,5,6,2022-05-06T17:54:24Z,531.66,7.13931328187384,141.528,173,148.1875,0,2
running,2022,5,7,2022-05-07T22:33:59Z,1000,9.63102333931777,359.01,130,138.640625,0,0
running,2022,5,7,2022-05-07T22:39:15Z,1000,8.46666666666667,315.633,137,147.921875,4,0
running,2022,5,7,2022-05-07T22:44:39Z,1000,8.70009730781706,324.348,135,147.625,0,2
running,2022,5,7,2022-05-07T22:50:17Z,1000,9.06774847870182,338.022,134,147.75,2,0
running,2022,5,7,2022-05-07T22:56:14Z,1000,9.58970325348588,357.516,131,147.625,8,9
running,2022,5,7,2022-05-07T23:01:48Z,1000,8.94676450967311,333.529,132,148.09375,0,2
running,2022,5,7,2022-05-07T23:07:36Z,1000,9.33602506091194,348.042,132,148.8125,4,0
running,2022,5,7,2022-05-07T23:13:22Z,1000,9.2746887966805,345.821,133,149.921875,4,2
running,2022,5,7,2022-05-07T23:19:07Z,1000,9.26827919834139,345.568,131,150.109375,0,4
running,2022,5,7,2022-05-07T23:24:40Z,1000,8.93186813186813,333.019,135,148.984375,2,0
running,2022,5,7,2022-05-07T23:30:36Z,1000,9.53854907539118,355.619,134,149.3125,9,7
running,2022,5,7,2022-05-07T23:36:28Z,1000,8.9081368316174,352.191,131,146.921875,0,0
running,2022,5,7,2022-05-07T23:41:56Z,1000,8.8,328.05,135,148.578125,2,2
running,2022,5,7,2022-05-07T23:47:29Z,1000,8.71706207344816,332.334,135,143.09375,0,0
running,2022,5,7,2022-05-07T23:51:08Z,537.95,9.26187845303867,216.281,128,141.5,0,0
running,2022,5,9,2022-05-09T02:19:49Z,1000,9.06162162162162,337.8,116,147.921875,8,0
running,2022,5,9,2022-05-09T02:25:18Z,1000,8.81445941505094,328.573,128,149.40625,0,0
running,2022,5,9,2022-05-09T02:30:49Z,1000,8.90222369731165,331.924,131,147.3125,2,2
running,2022,5,9,2022-05-09T02:36:10Z,1000,8.59416853572573,320.423,132,147.609375,2,2
running,2022,5,9,2022-05-09T02:41:31Z,1000,8.61072231139647,321.048,132,148.484375,0,3
running,2022,5,9,2022-05-09T02:47:02Z,1000,8.51234528721041,331.139,129,144.53125,0,0
running,2022,5,9,2022-05-09T02:47:44Z,103.61,8.95572621035058,34.599,130,150.71875,0,0
running,2022,5,9,2022-05-09T02:57:44Z,722.59,8.688824101069,234.093,119,154.609375,0,18
running,2022,5,11,2022-05-11T01:26:41Z,1000,7.93327417923691,295.789,138,147.421875,0,2
running,2022,5,11,2022-05-11T01:32:51Z,1000,8.10589301903898,370.344,148,145.78125,0,0
running,2022,5,11,2022-05-11T01:33:58Z,95.71,9.2746887966805,66.954,143,114.875,0,0
running,2022,5,11,2022-05-11T01:36:37Z,827.16,5.13347368421053,158.296,166,163.9375,2,0
running,2022,5,11,2022-05-11T01:38:40Z,421.43,7.86350043975374,123.533,165,146.203125,0,2
running,2022,5,11,2022-05-11T01:41:20Z,825.93,5.19210220673635,159.89,179,159.875,5,5
running,2022,5,11,2022-05-11T01:43:13Z,413.1,7.33854993160055,113.035,173,147.859375,0,0
running,2022,5,11,2022-05-11T01:45:52Z,825.53,5.18006952491309,159.416,185,164.640625,0,0
running,2022,5,11,2022-05-11T01:50:55Z,1000,7.81538461538462,302.655,165,144.71875,2,0
running,2022,5,11,2022-05-11T01:56:14Z,1000,8.54216560509554,318.468,153,144.078125,0,2
running,2022,5,11,2022-05-11T01:58:40Z,431.48,8.60795892169448,143.497,151,144.890625,3,3
running,2022,5,12,2022-05-12T00:02:38Z,1000,8.6860103626943,356.413,125,140.6875,2,0
running,2022,5,12,2022-05-12T00:08:06Z,1000,8.79711380780584,328.021,132,147.796875,2,0
running,2022,5,12,2022-05-12T00:13:50Z,1000,9.21731958762886,343.599,136,146.375,2,2
running,2022,5,12,2022-05-12T00:19:59Z,1000,9.51823988644429,369.286,132,148.875,7,2
running,2022,5,12,2022-05-12T00:26:22Z,1000,9.08310193024043,382.049,132,146.953125,0,10
running,2022,5,12,2022-05-12T00:31:58Z,1000,9.01290322580645,336.027,140,149.78125,2,0
running,2022,5,12,2022-05-12T00:34:06Z,345.38,9.2459152016546,119.067,136,149.984375,0,0
running,2022,5,12,2022-05-12T00:57:08Z,1000,10.0571428571429,413.824,134,143.84375,12,0
running,2022,5,12,2022-05-12T01:03:12Z,1000,9.74651162790698,363.374,140,150.328125,4,9
running,2022,5,12,2022-05-12T01:09:21Z,1000,9.89756457564576,368.967,142,150.3125,0,2
running,2022,5,12,2022-05-12T01:15:17Z,1000,9.56235294117647,356.511,139,148.734375,2,2
running,2022,5,12,2022-05-12T01:19:28Z,641.6,9.8214573416331,248.849,133,138.53125,0,0
running,2022,5,12,2022-05-12T23:39:43Z,1000,9.04939271255061,365.452,116,141.09375,2,0
running,2022,5,12,2022-05-12T23:44:58Z,1000,8.46666666666667,315.657,129,148.90625,4,0
running,2022,5,12,2022-05-12T23:45:34Z,102.38,8.77122302158273,33.474,124,147.828125,0,0
running,2022,5,13,2022-05-13T01:08:17Z,1000,8.82606120434353,365.456,123,138.765625,0,0
running,2022,5,13,2022-05-13T01:10:26Z,405.01,8.44268177525968,127.473,132,144.15625,0,0
running,2022,5,14,2022-05-14T03:16:26Z,1000,8.6024374599102,320.72,122,144.421875,2,0
running,2022,5,14,2022-05-14T03:21:37Z,1000,8.34548848786559,311.171,135,148.625,2,0
running,2022,5,14,2022-05-14T03:26:47Z,1000,8.31186860861481,309.893,134,148.875,2,2
running,2022,5,14,2022-05-14T03:31:53Z,1000,8.20006114338123,305.699,135,148.21875,2,2
running,2022,5,14,2022-05-14T03:37:14Z,1000,8.62733998070119,321.686,135,146.15625,0,2
running,2022,5,14,2022-05-14T03:42:26Z,1000,8.36892355694228,311.999,137,147.40625,0,0
running,2022,5,14,2022-05-14T03:47:49Z,1000,8.54216560509554,322.871,135,146.34375,0,0
running,2022,5,14,2022-05-14T03:51:22Z,611.58,8.84935664797097,201.744,134,148.34375,0,0
running,2022,5,14,2022-05-14T23:56:53Z,1000,8.63845410628019,322.108,132,147.625,0,25
running,2022,5,15,2022-05-15T00:01:58Z,1000,8.19505041246563,305.51,142,149.671875,0,0
running,2022,5,15,2022-05-15T00:07:05Z,1000,8.23278084714549,306.967,149,148.75,5,0
running,2022,5,15,2022-05-15T00:12:12Z,1000,8.22016549187864,306.472,151,147.390625,0,2
running,2022,5,15,2022-05-15T00:17:31Z,1000,8.5639846743295,319.31,150,145.734375,0,0
running,2022,5,15,2022-05-15T00:22:55Z,1000,8.69163966299417,324.037,153,146.59375,5,2
running,2022,5,15,2022-05-15T00:28:47Z,1000,9.4279086115993,351.532,151,148.109375,2,2
running,2022,5,15,2022-05-15T00:32:22Z,652.48,8.78558794628235,213.744,152,147.765625,0,4
running,2022,5,15,2022-05-15T17:04:09Z,1000,10.3441573467027,404.196,140,142.953125,24,13
running,2022,5,15,2022-05-15T17:09:23Z,1000,8.43737024221453,314.521,151,150.328125,0,0
running,2022,5,15,2022-05-15T17:14:45Z,1000,8.64402191427651,322.25,152,150.78125,0,2
running,2022,5,15,2022-05-15T17:20:27Z,1000,9.15440273037543,341.243,150,144.125,6,2
running,2022,5,15,2022-05-15T17:26:37Z,1000,9.93054424287301,370.19,148,135.875,7,0
running,2022,5,15,2022-05-15T17:32:03Z,1000,8.74833659491194,326.198,152,142.921875,0,12
running,2022,5,15,2022-05-15T17:37:15Z,1000,8.35588785046729,311.574,161,145.65625,2,0
running,2022,5,15,2022-05-15T17:43:51Z,1000,8.94378126042014,395.969,159,137.515625,0,5
running,2022,5,15,2022-05-15T17:49:18Z,1000,8.78558794628235,327.598,165,150.859375,12,0
running,2022,5,15,2022-05-15T17:54:31Z,1000,8.39249061326658,312.898,159,151.0625,0,7
running,2022,5,15,2022-05-15T18:00:19Z,1000,9.33602506091194,348.086,158,141.65625,0,2
running,2022,5,15,2022-05-15T18:05:33Z,1000,8.40827586206897,313.521,159,151.671875,0,2
running,2022,5,15,2022-05-15T18:10:51Z,1000,8.53672819859962,318.275,162,152.03125,2,2
running,2022,5,15,2022-05-15T18:16:41Z,1000,9.38174186778594,349.825,164,153.5625,16,12
running,2022,5,15,2022-05-15T18:17:55Z,206.63,8.28363187152563,63.806,153,150.046875,0,7
running,2022,5,17,2022-05-17T00:20:55Z,1000,9.44450704225352,392.414,121,143.15625,4,0
running,2022,5,17,2022-05-17T00:26:43Z,1000,9.35230125523013,348.708,127,148.78125,2,2
running,2022,5,17,2022-05-17T00:32:26Z,1000,9.19204934886909,342.699,132,148.765625,2,0
running,2022,5,17,2022-05-17T00:38:04Z,1000,9.06162162162162,337.789,131,146.8125,0,2
running,2022,5,17,2022-05-17T00:43:08Z,820.83,9.30364203954214,284.685,131,148.4375,0,0
running,2022,5,17,2022-05-17T01:13:09Z,1000,9.73589836660617,362.954,123,146.28125,4,0
running,2022,5,17,2022-05-17T01:18:57Z,1000,9.32953043478261,347.839,127,149.8125,2,0
running,2022,5,17,2022-05-17T01:25:26Z,1000,9.32953043478261,388.989,126,144.515625,0,0
running,2022,5,17,2022-05-17T01:27:03Z,270.84,9.32304483837331,94.154,129,149.75,0,0
running,2022,5,19,2022-05-19T04:11:26Z,1000,8.25304615384615,307.709,120,148.0625,0,0
running,2022,5,19,2022-05-19T04:17:26Z,1000,9.65876845516745,360.106,123,146.359375,0,0
running,2022,5,19,2022-05-19T04:23:18Z,1000,9.424595924104,351.419,127,150.296875,2,2
running,2022,5,19,2022-05-19T04:29:23Z,1000,9.78919708029197,364.959,128,149.703125,0,2
running,2022,5,19,2022-05-19T04:35:21Z,1000,9.60343716433942,358.083,128,149.90625,2,2
running,2022,5,19,2022-05-19T04:41:24Z,1000,9.72883569096844,362.744,127,149.59375,0,0
running,2022,5,19,2022-05-19T04:49:16Z,1000,9.83947175348496,469.99,123,146.890625,4,4
running,2022,5,19,2022-05-19T04:55:19Z,1000,9.75005452562704,363.439,126,150.40625,2,0
running,2022,5,19,2022-05-19T05:01:20Z,1000,9.68317689530686,361.004,128,150.328125,2,2
running,2022,5,19,2022-05-19T05:07:03Z,1000,9.20150943396226,342.996,135,149.890625,2,2
running,2022,5,19,2022-05-19T05:12:17Z,1000,8.4294154619736,314.247,140,149.15625,0,0
running,2022,5,19,2022-05-19T05:17:47Z,1000,8.57767828589703,330.106,139,144.734375,0,0
running,2022,5,19,2022-05-19T05:19:41Z,352.3,8.46399495108867,111.162,145,148.796875,0,0
running,2022,5,19,2022-05-19T23:01:48Z,1000,8.28619091751622,311.925,133,146.078125,0,2
running,2022,5,19,2022-05-19T23:07:52Z,1000,8.448,362.716,135,147.71875,2,0
running,2022,5,19,2022-05-19T23:13:04Z,1000,8.3741492350921,312.185,135,147.3125,2,2
running,2022,5,19,2022-05-19T23:18:24Z,1000,8.58042226487524,319.935,135,145.828125,0,0
running,2022,5,19,2022-05-19T23:23:46Z,1000,8.65238709677419,322.538,139,145.15625,3,5
running,2022,5,19,2022-05-19T23:29:07Z,1000,8.60795892169448,320.879,138,144.84375,4,2
running,2022,5,19,2022-05-19T23:34:33Z,1000,8.73125,325.495,141,145.09375,7,5
running,2022,5,19,2022-05-19T23:42:53Z,1000,9.13569482288828,500.179,134,147.0625,6,2
running,2022,5,19,2022-05-19T23:48:15Z,1000,8.63011583011583,321.741,138,146.546875,0,0
running,2022,5,19,2022-05-19T23:54:14Z,1000,8.88747514910537,359.734,136,142.59375,4,0
running,2022,5,19,2022-05-19T23:54:40Z,67.34,7.92389955686854,19.891,140,147.34375,0,0
running,2022,5,20,2022-05-20T19:53:54Z,1000,9.03719676549865,336.874,127,148.546875,2,22
running,2022,5,20,2022-05-20T19:59:06Z,1000,8.36892355694228,311.979,144,146.53125,0,8
running,2022,5,20,2022-05-20T20:04:15Z,1000,8.28363187152563,308.864,147,150.265625,8,0
running,2022,5,20,2022-05-20T20:09:19Z,1000,8.16760048721072,304.49,146,150.171875,4,9
running,2022,5,20,2022-05-20T20:14:31Z,1000,8.36370439663237,311.813,142,149.984375,9,7
running,2022,5,20,2022-05-20T20:19:32Z,1000,8.07660343270099,301.131,142,150.25,8,4
running,2022,5,20,2022-05-20T20:27:31Z,1000,9.38174186778594,478.457,131,143.34375,16,16
running,2022,5,20,2022-05-20T20:33:12Z,1000,9.1481582537517,341.05,129,147.203125,9,19
running,2022,5,20,2022-05-20T20:37:37Z,1000,7.10715421303657,264.939,139,152.96875,5,0
running,2022,5,20,2022-05-20T20:42:43Z,998.01,8.08390596745027,300.812,153,152.96875,27,0
running,2022,5,21,2022-05-21T22:45:11Z,1000,9.64487594390507,359.621,137,150.796875,48,0
running,2022,5,21,2022-05-21T22:51:20Z,1000,8.75690499510284,367.835,142,144.71875,24,7
running,2022,5,21,2022-05-21T22:57:24Z,1000,8.69727626459144,363.929,140,147.703125,39,0
running,2022,5,21,2022-05-21T23:03:04Z,1000,9.13569482288828,340.572,161,149.25,39,9
running,2022,5,21,2022-05-21T23:07:39Z,1000,7.35868312757202,274.384,136,148,0,77
running,2022,5,21,2022-05-21T23:12:12Z,1000,7.32452211906062,273.071,139,149.5625,4,63
running,2022,5,21,2022-05-21T23:14:11Z,403.19,7.79947659203257,117.228,163,149.984375,8,5
running,2022,5,23,2022-05-23T22:42:11Z,1000,8.01865470852018,298.936,125,149.40625,2,0
running,2022,5,23,2022-05-23T22:48:21Z,1000,8.63011583011583,370.334,128,147.078125,0,0
running,2022,5,23,2022-05-23T22:54:24Z,1000,9.71474103585657,362.167,129,149.40625,2,2
running,2022,5,23,2022-05-23T23:00:07Z,1000,9.21731958762886,343.685,128,149.4375,2,0
running,2022,5,23,2022-05-23T23:06:03Z,1000,9.54873620505518,356.032,132,149.78125,5,0
running,2022,5,23,2022-05-23T23:11:50Z,1000,9.30687022900763,346.95,135,149.296875,0,2
running,2022,5,23,2022-05-23T23:17:30Z,1000,9.10777589134126,339.53,137,149.015625,0,0
running,2022,5,23,2022-05-23T23:23:13Z,1000,9.21098901098901,343.414,137,148.953125,0,0
running,2022,5,23,2022-05-23T23:28:47Z,1000,8.94974974974975,333.661,138,147.828125,0,0
running,2022,5,23,2022-05-23T23:30:54Z,6.58,9.4279086115993,2.313,140,148,0,0
running,2022,5,24,2022-05-24T13:38:42Z,1000,8.45865657521287,315.379,129,146.21875,6,0
running,2022,5,24,2022-05-24T13:43:57Z,1000,8.45332492908919,315.203,137,147.65625,2,0
running,2022,5,24,2022-05-24T13:49:09Z,1000,8.37676452217364,312.344,136,147.328125,2,0
running,2022,5,24,2022-05-24T13:54:26Z,1000,8.48005058488777,316.123,133,147.9375,0,0
running,2022,5,24,2022-05-24T13:59:30Z,1000,8.17756097560976,304.869,138,148.90625,0,0
running,2022,5,24,2022-05-24T14:04:11Z,888.61,8.35328558081594,276.725,140,150.15625,0,4
running,2022,5,26,2022-05-26T03:24:36Z,1000,8.03065868263473,299.405,117,148.0625,0,2
running,2022,5,26,2022-05-26T03:29:54Z,1000,8.53129770992366,318.016,135,148.203125,2,2
running,2022,5,26,2022-05-26T03:32:40Z,545.83,8.1378640776699,165.617,134,147.65625,0,0
running,2022,5,26,2022-05-26T03:36:15Z,1000,5.75711526078558,214.632,148,161.75,2,2
running,2022,5,26,2022-05-26T03:37:45Z,294.44,8.2479704797048,90.556,157,148.375,0,0
running,2022,5,26,2022-05-26T03:41:23Z,1000,5.83095652173913,217.395,166,160.6875,2,2
running,2022,5,26,2022-05-26T03:42:54Z,283.71,8.65797288573273,91.586,165,147.703125,0,2
running,2022,5,26,2022-05-26T03:46:27Z,1000,5.69840662842575,212.446,164,161.1875,2,0
running,2022,5,26,2022-05-26T03:47:57Z,244.9,9.95634743875278,90.897,166,147.53125,3,2
running,2022,5,26,2022-05-26T03:51:29Z,1000,5.6815081550519,211.822,160,162.09375,2,2
running,2022,5,26,2022-05-26T03:57:39Z,1000,9.18260869565217,369.458,155,144.875,4,4
running,2022,5,26,2022-05-26T04:02:49Z,1000,8.32993788819876,310.576,158,148.875,5,9
running,2022,5,26,2022-05-26T04:06:49Z,587.77,9.45449418399718,237.052,152,141.921875,2,0
running,2022,5,27,2022-05-27T00:54:08Z,1000,8.29387755102041,313.518,121,148.28125,2,0
running,2022,5,27,2022-05-27T00:59:27Z,1000,8.54488690665817,318.609,130,147.34375,2,0
running,2022,5,27,2022-05-27T01:04:37Z,1000,8.31186860861481,309.902,134,146.8125,2,0
running,2022,5,27,2022-05-27T01:10:01Z,1000,8.69163966299417,324.095,130,145.71875,0,2
running,2022,5,27,2022-05-27T01:15:10Z,1000,8.30414860681115,309.557,132,146.71875,4,4
running,2022,5,27,2022-05-27T01:20:25Z,1000,8.44534005037783,314.832,134,146.203125,2,0
running,2022,5,27,2022-05-27T01:25:33Z,1000,8.26831072749692,308.271,134,146.15625,0,0
running,2022,5,27,2022-05-27T01:30:28Z,955.84,8.14033383915023,290.116,135,147.609375,0,0
running,2022,5,27,2022-05-27T22:33:16Z,1000,7.86811381636844,293.343,130,149.265625,19,2
running,2022,5,27,2022-05-27T22:38:14Z,1000,7.84969271290606,298.053,142,145.84375,2,0
running,2022,5,27,2022-05-27T22:42:06Z,1000,6.21752433936022,231.796,160,154.734375,3,2
running,2022,5,27,2022-05-27T22:46:01Z,1000,6.30077519379845,234.917,174,154,0,0
running,2022,5,27,2022-05-27T22:49:59Z,1000,6.38932825154836,238.204,177,152.390625,2,0
running,2022,5,27,2022-05-27T22:53:45Z,1000,6.0780421481985,226.582,179,152.015625,0,0
running,2022,5,27,2022-05-27T22:57:45Z,1000,6.42298850574713,239.489,181,151.359375,0,0
running,2022,5,27,2022-05-27T23:02:33Z,1000,7.70094745908699,287.115,169,147.28125,0,2
running,2022,5,27,2022-05-27T23:07:20Z,1000,7.68990825688073,286.693,166,147.5,2,2
running,2022,5,27,2022-05-27T23:10:16Z,588.89,7.7364868762619,169.857,165,148.140625,0,2
running,2022,5,28,2022-05-28T18:44:40Z,1000,9.70068716094032,408.872,121,148.015625,2,0
running,2022,5,28,2022-05-28T18:50:40Z,1000,9.64487594390507,359.621,129,150.515625,5,2
running,2022,5,28,2022-05-28T18:56:46Z,1000,9.8214573416331,366.176,129,151.15625,2,0
running,2022,5,28,2022-05-28T19:02:39Z,1000,9.46784327567949,352.947,131,151.453125,0,4
running,2022,5,28,2022-05-28T19:08:42Z,1000,9.73236574746009,362.905,134,151.8125,4,2
running,2022,5,28,2022-05-28T19:14:38Z,1000,9.55213675213675,356.07,138,150.1875,2,0
running,2022,5,28,2022-05-28T19:15:02Z,60.68,9.48793774319066,21.46,133,149.734375,0,2
running,2022,5,28,2022-05-28T19:41:13Z,1000,9.90487444608567,406.244,124,143.125,2,8
running,2022,5,28,2022-05-28T19:42:50Z,278.76,9.07695431472081,94.322,134,152.375,0,0
running,2022,5,30,2022-05-30T00:11:21Z,1000,8.49078822412156,319.874,118,147.171875,0,0
running,2022,5,30,2022-05-30T00:16:46Z,1000,8.71139980513154,324.81,129,147.25,2,0
running,2022,5,30,2022-05-30T00:22:02Z,1000,8.47737041719343,316.01,131,147.046875,0,0
running,2022,5,30,2022-05-30T00:27:29Z,1000,8.78558794628235,327.578,131,147.234375,0,2
running,2022,5,30,2022-05-30T00:32:52Z,1000,8.66636510500808,323.112,132,147.734375,4,4
running,2022,5,30,2022-05-30T00:38:14Z,1000,8.62733998070119,321.674,137,148.171875,2,0
running,2022,5,30,2022-05-30T00:43:26Z,1000,8.20507800550627,311.529,134,146.03125,0,0
running,2022,5,30,2022-05-30T00:46:12Z,467.36,8.91109634551495,159.846,133,148.71875,0,0
running,2022,6,1,2022-06-01T13:21:06Z,1000,8.72273170731707,325.158,119,147.4375,4,0
running,2022,6,1,2022-06-01T13:26:22Z,1000,8.47469194312796,315.961,131,147.4375,2,0
running,2022,6,1,2022-06-01T13:31:34Z,1000,8.38462019381057,312.614,130,147.171875,2,0
running,2022,6,1,2022-06-01T13:37:01Z,1000,8.75690499510284,326.464,129,147.234375,0,0
running,2022,6,1,2022-06-01T13:42:26Z,1000,8.71706207344816,325.03,129,148.375,0,0
running,2022,6,1,2022-06-01T13:47:49Z,1000,8.67758007117438,323.483,129,148.5,2,4
running,2022,6,1,2022-06-01T13:53:00Z,1000,8.33252562907735,310.699,131,149.46875,2,2
running,2022,6,1,2022-06-01T13:58:13Z,1000,8.38724202626642,312.716,129,149.765625,0,0
running,2022,6,1,2022-06-01T14:03:25Z,554.52,8.74833659491194,180.834,130,145.25,0,2
running,2022,6,3,2022-06-03T03:50:32Z,1000,8.63845410628019,329.613,118,143.28125,2,0
running,2022,6,3,2022-06-03T03:55:41Z,1000,8.08390596745027,308.917,131,144.765625,0,0
running,2022,6,3,2022-06-03T04:00:03Z,830.83,8.21513016845329,262.018,135,142.875,0,0
running,2022,6,3,2022-06-03T04:01:23Z,399.27,5.34843469591226,79.616,146,164.0625,2,0
running,2022,6,3,2022-06-03T04:02:22Z,200.82,7.95916913946588,59.586,157,146.21875,0,2
running,2022,6,3,2022-06-03T04:03:40Z,410.5,5.06274065685164,77.481,158,166.46875,0,0
running,2022,6,3,2022-06-03T04:04:44Z,199.27,8.59416853572573,63.852,160,146.171875,0,0
running,2022,6,3,2022-06-03T04:06:02Z,401.37,5.23875,78.4,153,165.265625,0,0
running,2022,6,3,2022-06-03T04:07:03Z,204.4,7.96153161175423,60.673,162,146.53125,0,0
running,2022,6,3,2022-06-03T04:08:21Z,413.38,5.09447293447293,78.509,155,165.25,0,0
running,2022,6,3,2022-06-03T04:09:29Z,202.84,8.9408,67.603,166,146.84375,0,0
running,2022,6,3,2022-06-03T04:10:46Z,422.86,4.90982976386601,77.399,167,165.734375,0,0
running,2022,6,3,2022-06-03T04:11:49Z,205.88,8.128,62.397,175,146.75,2,0
running,2022,6,3,2022-06-03T04:13:06Z,409.82,5.0896394686907,77.759,171,167.1875,0,2
running,2022,6,3,2022-06-03T04:14:12Z,201.55,8.71423001949318,65.49,179,146.96875,0,0
running,2022,6,3,2022-06-03T04:15:30Z,401.06,5.25002935995302,78.495,168,167.46875,0,2
running,2022,6,3,2022-06-03T04:16:39Z,206.79,8.90517928286853,68.662,175,146.734375,2,0
running,2022,6,3,2022-06-03T04:17:58Z,420.13,5.03328954775755,78.833,173,164.75,0,0
running,2022,6,3,2022-06-03T04:19:17Z,199.96,10.59336492891,78.969,171,132.765625,0,0
running,2022,6,3,2022-06-03T04:20:35Z,398.78,5.2675569520817,78.317,159,164.59375,2,0
running,2022,6,3,2022-06-03T04:21:54Z,205.35,10.3401696222051,79.152,172,131.640625,0,0
running,2022,6,3,2022-06-03T04:23:13Z,409.38,5.14331735378715,78.507,169,166,0,5
running,2022,6,3,2022-06-03T04:25:11Z,42.27,15.7500880798591,118.288,179,116.578125,0,0
running,2022,6,3,2022-06-03T04:31:23Z,1000,9.63448275862069,372.13,141,145.015625,0,0
running,2022,6,3,2022-06-03T04:36:58Z,1000,8.97971208570472,334.81,150,149.15625,0,0
running,2022,6,3,2022-06-03T04:39:52Z,479.79,9.58627591136526,171.462,146,147.8125,0,0
running,2022,6,3,2022-06-03T22:50:26Z,1000,8.46399495108867,342.399,123,145.34375,3,0
running,2022,6,3,2022-06-03T22:55:47Z,1000,8.59692307692308,320.527,137,147.609375,0,0
running,2022,6,3,2022-06-03T23:01:06Z,1000,8.56945686900959,319.468,134,147.265625,2,0
running,2022,6,3,2022-06-03T23:06:17Z,1000,8.31960297766749,310.169,140,147.84375,2,4
running,2022,6,3,2022-06-03T23:11:19Z,1000,8.10589301903898,302.223,141,148.53125,2,0
running,2022,6,3,2022-06-03T23:16:07Z,784.7,8.15518394648829,284.799,148,146.03125,0,2
running,2022,6,4,2022-06-04T18:13:55Z,1000,9.10777589134126,355.063,119,142.875,2,0
running,2022,6,4,2022-06-04T18:19:34Z,1000,9.10159484221242,339.366,133,147.71875,2,0
running,2022,6,4,2022-06-04T18:25:22Z,1000,9.34578397212544,348.417,134,146.59375,2,2
running,2022,6,4,2022-06-04T18:31:25Z,1000,9.72178325480246,362.505,139,149.0625,9,9
running,2022,6,4,2022-06-04T18:39:12Z,1000,9.49801699716714,467.002,139,147.90625,0,2
running,2022,6,4,2022-06-04T18:45:53Z,1000,9.97857142857143,401.528,128,145.359375,0,0
running,2022,6,4,2022-06-04T18:51:27Z,1000,8.95572621035058,333.926,135,149.921875,0,0
running,2022,6,4,2022-06-04T18:56:55Z,1000,8.77409224730128,327.117,138,150.1875,2,2
running,2022,6,4,2022-06-04T19:03:05Z,1000,9.15752816660977,370.05,135,146,0,0
running,2022,6,4,2022-06-04T19:09:13Z,1000,8.94974974974975,368.24,138,145.546875,0,0
running,2022,6,4,2022-06-04T19:15:55Z,1000,9.16065573770492,402.221,139,140.046875,0,4
running,2022,6,4,2022-06-04T19:21:58Z,1000,9.74651162790698,363.36,133,146.65625,0,0
running,2022,6,4,2022-06-04T19:28:19Z,1000,9.69017341040462,380.388,133,136.609375,0,0
running,2022,6,4,2022-06-04T19:34:13Z,1000,9.50138150903294,354.195,136,149.46875,0,0
running,2022,6,4,2022-06-04T19:40:49Z,1000,9.70770901194354,395.681,138,140.390625,0,2
running,2022,6,4,2022-06-04T19:46:25Z,245.17,9.48793774319066,86.73,143,148.421875,0,0
running,2022,6,5,2022-06-05T17:38:29Z,1000,9.03111111111111,336.67,123,144.34375,5,2
running,2022,6,5,2022-06-05T17:43:47Z,1000,8.53944603629417,318.383,136,148.359375,0,2
running,2022,6,5,2022-06-05T17:49:33Z,1000,8.75690499510284,345.828,140,146.296875,2,0
running,2022,6,5,2022-06-05T17:54:46Z,1000,8.38462019381057,312.569,145,145.921875,0,2
running,2022,6,5,2022-06-05T18:00:12Z,1000,8.74833659491194,326.122,149,147.890625,2,0
running,2022,6,5,2022-06-05T18:01:50Z,296.56,8.89336870026525,98.332,150,147.890625,0,2
running,2022,6,5,2022-06-05T18:05:31Z,1000,5.92367491166078,220.862,177,159.390625,0,2
running,2022,6,5,2022-06-05T18:09:08Z,1000,5.82715620247665,217.265,188,159.28125,2,0
running,2022,6,5,2022-06-05T18:10:42Z,144.43,17.3607766990291,93.453,154,97.953125,0,0
running,2022,6,5,2022-06-05T18:14:13Z,1000,5.6599282549061,211.03,173,158.078125,2,5
running,2022,6,5,2022-06-05T18:17:46Z,1000,5.71662404092072,213.143,196,159.171875,0,2
running,2022,6,5,2022-06-05T18:19:20Z,129.02,19.6213606437454,94.393,165,108.28125,0,0
running,2022,6,5,2022-06-05T18:24:07Z,339.28,9.84308256880734,183.387,148,138.765625,0,0
running,2022,6,5,2022-06-05T18:31:30Z,1000,8.98271935699933,334.846,154,148.515625,7,10
running,2022,6,5,2022-06-05T18:37:15Z,1000,8.3221843003413,345.77,158,147.8125,2,2
running,2022,6,5,2022-06-05T18:38:30Z,222.61,8.1378640776699,67.543,164,149.953125,0,0
running,2022,6,7,2022-06-07T22:53:03Z,1000,8.59416853572573,320.452,126,145.265625,2,0
running,2022,6,7,2022-06-07T22:58:12Z,1000,8.28363187152563,308.865,137,146.78125,0,2
running,2022,6,7,2022-06-07T23:03:27Z,1000,8.46399495108867,315.537,136,145.515625,2,0
running,2022,6,7,2022-06-07T23:08:42Z,1000,8.44268177525968,314.767,137,145.671875,0,0
running,2022,6,7,2022-06-07T23:13:50Z,1000,8.26321626617375,308.07,143,145.671875,2,2
running,2022,6,7,2022-06-07T23:19:05Z,1000,8.43471698113208,314.436,148,146.515625,0,0
running,2022,6,7,2022-06-07T23:24:21Z,1000,8.47737041719343,316.016,139,147.453125,0,2
running,2022,6,7,2022-06-07T23:29:52Z,1000,8.8992700729927,331.734,140,147.6875,0,0
running,2022,6,7,2022-06-07T23:32:48Z,510.7,9.11396534148828,173.546,148,146.90625,0,0
running,2022,6,9,2022-06-09T13:14:47Z,1000,8.49885931558935,316.848,119,147.65625,6,0
running,2022,6,9,2022-06-09T13:19:55Z,1000,8.27086031452359,308.376,130,148.28125,2,0
running,2022,6,9,2022-06-09T13:24:58Z,1000,8.13046377690209,303.091,130,148.78125,2,2
running,2022,6,9,2022-06-09T13:30:18Z,1000,8.58591549295775,320.1,129,148.796875,10,0
running,2022,6,9,2022-06-09T13:35:38Z,1000,8.58866474543708,320.155,125,148.1875,0,12
running,2022,6,9,2022-06-09T13:40:57Z,1000,8.54216560509554,318.471,130,150.15625,0,0
running,2022,6,9,2022-06-09T13:46:16Z,1000,8.56671989779623,319.347,130,150.1875,0,0
running,2022,6,9,2022-06-09T13:51:29Z,1000,8.39774577332498,313.111,131,150.53125,0,0
running,2022,6,9,2022-06-09T13:56:49Z,1000,8.56671989779623,319.405,135,150.671875,2,0
running,2022,6,9,2022-06-09T14:28:57Z,799.91,8.06931407942238,240.681,136,150.859375,0,2
running,2022,6,10,2022-06-10T13:22:48Z,1000,8.53129770992366,324.533,114,145.28125,0,0
running,2022,6,10,2022-06-10T13:28:02Z,1000,8.41883239171375,313.843,125,148,2,0
running,2022,6,10,2022-06-10T13:33:20Z,1000,8.54488690665817,318.58,135,148.59375,2,0
running,2022,6,10,2022-06-10T13:38:47Z,1000,8.77696335078534,327.211,132,148.578125,0,2
running,2022,6,10,2022-06-10T13:44:12Z,1000,8.70857142857143,324.658,131,150.125,2,2
running,2022,6,10,2022-06-10T13:49:34Z,1000,8.63845410628019,322.055,133,149.8125,0,0
running,2022,6,10,2022-06-10T13:55:02Z,1000,8.79711380780584,328.013,133,150.78125,2,2
running,2022,6,10,2022-06-10T14:00:20Z,1000,8.52045743329098,317.629,136,150.484375,0,0
running,2022,6,10,2022-06-10T14:11:59Z,980.37,8.41091251175917,315.405,137,149.140625,0,0
running,2022,6,11,2022-06-11T14:48:06Z,1000,9.424595924104,382.163,123,140.453125,2,0
running,2022,6,11,2022-06-11T14:54:00Z,1000,9.51823988644429,354.809,126,147.1875,0,0
running,2022,6,11,2022-06-11T14:59:44Z,1000,9.21415321195465,343.497,126,150.859375,0,0
running,2022,6,11,2022-06-11T15:06:05Z,1000,10.2219512195122,381.141,129,149.390625,9,0
running,2022,6,11,2022-06-11T15:11:53Z,1000,9.34252873563218,348.329,127,145.359375,0,11
running,2022,6,11,2022-06-11T15:18:31Z,1000,9.49801699716714,398.037,132,145.953125,0,0
running,2022,6,11,2022-06-11T15:24:08Z,1000,9.0250336473755,336.454,134,148.578125,0,0
running,2022,6,11,2022-06-11T15:29:47Z,1000,9.09233898305085,338.959,135,151.109375,0,0
running,2022,6,11,2022-06-11T15:35:46Z,1000,9.49129511677282,359.427,137,145.15625,0,2
running,2022,6,11,2022-06-11T15:41:40Z,1000,9.47787985865724,353.336,137,152.484375,4,4
running,2022,6,11,2022-06-11T15:42:25Z,127.07,9.04939271255061,42.874,137,154.703125,0,0
running,2022,6,13,2022-06-13T17:59:52Z,1000,8.8992700729927,551.436,113,139.953125,0,0
running,2022,6,13,2022-06-13T18:05:19Z,1000,8.79711380780584,327.945,130,147.53125,4,2
running,2022,6,13,2022-06-13T18:10:42Z,1000,8.64402191427651,322.249,134,148.59375,0,0
running,2022,6,13,2022-06-13T18:16:36Z,1000,9.49801699716714,354.087,135,143.78125,7,0
running,2022,6,13,2022-06-13T18:23:10Z,1000,9.49801699716714,393.796,132,144.375,4,10
running,2022,6,13,2022-06-13T18:32:48Z,1000,8.44268177525968,578.63,134,147.203125,0,2
running,2022,6,13,2022-06-13T18:38:04Z,1000,8.47469194312796,316.004,138,143.0625,5,0
running,2022,6,13,2022-06-13T18:43:29Z,1000,8.71423001949318,324.881,136,148.640625,2,5
running,2022,6,13,2022-06-13T18:49:27Z,1000,9.58970325348588,357.496,133,145.40625,0,2
running,2022,6,13,2022-06-13T18:49:43Z,10.96,10.0987951807229,4.127,134,151.5,0,0
running,2022,6,13,2022-06-13T19:28:51Z,1000,9.67968242511729,360.86,120,146.9375,0,0
running,2022,6,13,2022-06-13T19:34:58Z,1000,9.37846153846154,366.658,134,142.03125,12,0
running,2022,6,13,2022-06-13T19:40:54Z,1000,9.51486342674707,354.725,136,146.890625,0,7
running,2022,6,13,2022-06-13T19:46:33Z,1000,9.09850746268657,339.202,139,149.625,0,0
running,2022,6,13,2022-06-13T19:52:12Z,1000,9.10159484221242,339.362,142,146.90625,4,2
running,2022,6,13,2022-06-13T19:57:33Z,810.07,9.97115241635688,316.518,140,145.9375,0,2
running,2022,6,15,2022-06-15T00:49:17Z,1000,8.14527786213179,303.638,122,149.46875,0,2
running,2022,6,15,2022-06-15T00:54:11Z,1000,7.89590815425375,294.35,140,146.859375,2,0
running,2022,6,15,2022-06-15T00:56:06Z,294.63,7.95444839857651,115.2,147,139.640625,0,0
running,2022,6,15,2022-06-15T00:59:21Z,1000,5.21938120256859,194.572,157,166.234375,2,0
running,2022,6,15,2022-06-15T01:01:39Z,681.78,5.43403565640195,138.125,187,165.703125,0,0
running,2022,6,15,2022-06-15T01:03:47Z,173.28,19.8684444444444,128.345,142,92.609375,0,0
running,2022,6,15,2022-06-15T01:05:09Z,406.04,5.40012079726193,81.743,144,159.171875,0,0
running,2022,6,15,2022-06-15T01:06:12Z,74.5,22.5587888982338,62.647,165,69.890625,0,0
running,2022,6,15,2022-06-15T01:07:27Z,396.17,5.13249138920781,75.802,143,177,0,0
running,2022,6,15,2022-06-15T01:08:41Z,108.88,18.2589516678012,74.117,169,99.21875,0,2
running,2022,6,15,2022-06-15T01:10:01Z,400.58,5.35056852184321,79.91,155,168.1875,0,0
running,2022,6,15,2022-06-15T01:11:20Z,113.29,18.5365583966828,78.266,166,83.328125,3,0
running,2022,6,15,2022-06-15T01:12:36Z,404.36,5.0522508947071,76.172,166,163.125,0,0
running,2022,6,15,2022-06-15T01:14:38Z,154.27,21.2707375099128,122.335,151,91.828125,0,2
running,2022,6,15,2022-06-15T01:20:13Z,1000,8.99476861167002,335.299,153,146.109375,2,2
running,2022,6,15,2022-06-15T01:26:39Z,1000,8.48541600759253,384.533,162,141.890625,0,0
running,2022,6,15,2022-06-15T01:27:45Z,187.27,8.74263363754889,61.043,156,147.984375,0,0
running,2022,6,18,2022-06-18T00:07:48Z,1000,7.70315910396324,306.768,134,144.34375,0,0
running,2022,6,18,2022-06-18T00:12:30Z,1000,7.55347789355111,281.6,146,148.6875,4,0
running,2022,6,18,2022-06-18T00:17:09Z,1000,7.48810720268007,279.167,150,149.21875,0,0
running,2022,6,18,2022-06-18T00:21:45Z,1000,7.4156483273431,276.45,151,149.796875,0,0
running,2022,6,18,2022-06-18T00:26:39Z,1000,7.87273260933372,293.526,145,148.8125,8,10
running,2022,6,18,2022-06-18T00:31:11Z,1000,7.31054783319706,272.546,148,150.296875,0,5
running,2022,6,18,2022-06-18T00:35:54Z,1000,7.57694915254237,282.481,152,149.34375,4,0
running,2022,6,18,2022-06-18T00:40:28Z,1000,7.35263157894737,274.127,152,149.59375,0,2
running,2022,6,18,2022-06-18T00:44:58Z,1000,7.25125709651257,270.316,156,149.625,0,2
running,2022,6,18,2022-06-18T00:49:38Z,1000,7.10903790087464,279.416,158,146.8125,0,0
running,2022,6,18,2022-06-18T00:54:44Z,1000,7.50486849468383,305.907,153,147.546875,0,0
running,2022,6,18,2022-06-18T01:00:21Z,1000,7.98761167361525,337.282,148,143.984375,2,2
running,2022,6,18,2022-06-18T01:01:29Z,226.99,7.81310806874454,66.122,143,150.359375,0,0
running,2022,6,23,2022-06-23T04:43:51Z,1000,8.27851851851852,320.752,135,145.078125,0,2
running,2022,6,23,2022-06-23T04:48:48Z,1000,7.95916913946588,296.72,146,147.140625,0,2
running,2022,6,23,2022-06-23T04:53:55Z,1000,8.25050753614273,307.583,143,146.953125,2,2
running,2022,6,23,2022-06-23T04:58:59Z,1000,8.14033383915023,303.477,143,146.796875,0,2
running,2022,6,23,2022-06-23T05:03:47Z,1000,7.72757130509939,288.082,146,146.9375,0,0
running,2022,6,23,2022-06-23T05:09:16Z,667.04,8.18255033557047,326.893,144,146.71875,0,2
running,2022,6,24,2022-06-24T03:21:31Z,1000,7.62866894197952,296.306,135,145.671875,3,0
running,2022,6,24,2022-06-24T03:26:10Z,1000,7.47558528428094,278.687,144,149.390625,2,4
running,2022,6,24,2022-06-24T03:31:03Z,1000,7.85428989751098,292.808,144,149.09375,0,0
running,2022,6,24,2022-06-24T03:35:53Z,1000,7.78815331010453,290.331,145,148.3125,0,2
running,2022,6,24,2022-06-24T03:40:33Z,1000,7.49647847959754,279.461,149,149,5,2
running,2022,6,24,2022-06-24T03:45:34Z,984.63,7.85889246996777,298.745,147,148.671875,0,0
running,2022,6,25,2022-06-25T22:53:54Z,1000,7.80174520069808,290.885,142,145.28125,7,0
running,2022,6,25,2022-06-25T22:58:34Z,1000,7.50486849468383,279.778,139,148.5,14,45
running,2022,6,25,2022-06-25T23:03:11Z,1000,7.4238582895101,276.81,151,150.125,24,2
running,2022,6,25,2022-06-25T23:07:58Z,1000,7.69211356466877,286.767,142,148.125,0,34
running,2022,6,25,2022-06-25T23:12:48Z,1000,7.77686285879965,289.961,123,148.84375,0,62
running,2022,6,25,2022-06-25T23:17:29Z,1000,7.54073657576609,281.175,150,151.890625,45,8
running,2022,6,25,2022-06-25T23:22:08Z,1000,7.49438390611903,279.438,165,152.234375,52,0
running,2022,6,25,2022-06-25T23:27:11Z,1000,8.08390596745027,301.425,155,149.34375,12,13
running,2022,6,25,2022-06-25T23:32:29Z,1000,8.52858505564388,317.977,159,150.375,27,22
running,2022,6,25,2022-06-25T23:37:16Z,1000,7.71867625899281,287.809,153,148.875,0,21
running,2022,6,25,2022-06-25T23:37:32Z,40.93,8.40300751879699,12.82,158,148.15625,0,0
running,2022,6,26,2022-06-26T23:53:11Z,1000,8.85227722772277,341.755,119,145.453125,10,6
running,2022,6,26,2022-06-26T23:58:35Z,1000,8.67477360931436,323.38,135,149.703125,15,7
running,2022,6,26,2022-06-26T23:59:38Z,201.46,8.49616724738676,63.806,152,150.21875,3,0
running,2022,6,27,2022-06-27T00:03:21Z,1000,5.98046822742475,222.942,168,163.828125,13,11
running,2022,6,27,2022-06-27T00:05:53Z,663.18,6.13925383382925,151.8,185,163.171875,3,8
running,2022,6,27,2022-06-27T00:09:52Z,675.41,9.47118644067797,238.485,166,148.296875,5,5
running,2022,6,27,2022-06-27T00:13:37Z,1000,6.05608489501016,225.792,190,165.140625,11,9
running,2022,6,27,2022-06-27T00:16:04Z,638.74,6.16040422599908,146.696,195,163.65625,5,7
running,2022,6,27,2022-06-27T00:22:19Z,1000,10.0458426966292,374.526,167,145.859375,8,5
running,2022,6,27,2022-06-27T00:27:59Z,1000,9.12636951343995,340.215,165,149.171875,8,15
running,2022,6,27,2022-06-27T00:28:52Z,179.42,7.64388714733542,51.126,165,149.765625,0,8
running,2022,6,28,2022-06-28T03:30:38Z,1000,8.31186860861481,309.86,131,148.609375,11,5
running,2022,6,28,2022-06-28T03:35:46Z,1000,8.26831072749692,308.224,136,148.734375,3,12
running,2022,6,28,2022-06-28T03:42:36Z,1000,8.9081368316174,409.642,137,148.953125,20,2
running,2022,6,28,2022-06-28T03:47:55Z,1000,8.55851946394384,319.107,134,148.734375,6,2
running,2022,6,28,2022-06-28T03:52:58Z,1000,8.14280510018215,303.539,136,148.546875,2,5
running,2022,6,28,2022-06-28T03:58:31Z,1000,8.9408,333.336,136,148.78125,20,17
running,2022,6,28,2022-06-28T04:03:49Z,1000,8.51775166719594,317.577,135,146.640625,2,19
running,2022,6,28,2022-06-28T04:09:01Z,1000,8.37938144329897,312.391,143,148.671875,12,2
running,2022,6,28,2022-06-28T04:13:19Z,851.13,8.01625821876868,254.41,145,148.8125,4,9
running,2022,6,28,2022-06-28T18:39:54Z,1000,10.8989841527834,487.253,115,140.21875,5,0
running,2022,6,28,2022-06-28T18:45:32Z,1000,9.06468401486989,337.908,123,149.296875,2,17
running,2022,6,28,2022-06-28T18:51:51Z,1000,10.1792789373814,379.561,124,152.078125,4,4
running,2022,6,28,2022-06-28T18:59:29Z,1000,11.0973934629706,458.236,112,147.84375,2,0
running,2022,6,28,2022-06-28T19:04:01Z,739.15,9.6103188821211,264.881,129,150.421875,11,0
running,2022,6,28,2022-06-28T19:34:05Z,1000,9.27789692148046,345.927,118,151.265625,4,2
running,2022,6,28,2022-06-28T19:40:03Z,1000,9.62411194833154,358.816,124,152.53125,0,10
running,2022,6,28,2022-06-28T19:47:04Z,1000,10.3044179792547,420.635,128,148,16,2
running,2022,6,28,2022-06-28T19:53:09Z,1000,9.7963476990504,365.26,129,152.625,5,2
running,2022,6,28,2022-06-28T19:54:16Z,176.66,9.80350877192982,64.579,133,153.875,0,7
running,2022,6,30,2022-06-30T22:26:46Z,1000,9.56917588298252,356.726,130,141.96875,6,6
running,2022,6,30,2022-06-30T22:32:34Z,1000,9.32304483837331,347.566,137,150.15625,6,2
running,2022,6,30,2022-06-30T22:38:36Z,1000,9.71474103585657,362.157,138,146.34375,2,0
running,2022,6,30,2022-06-30T22:44:30Z,1000,9.48123011664899,353.471,132,148.453125,2,14
running,2022,6,30,2022-06-30T22:50:44Z,1000,10.0345679012346,374.135,144,150.734375,16,5
running,2022,6,30,2022-06-30T22:57:02Z,1000,10.156152972359,378.635,136,141.671875,7,25
running,2022,6,30,2022-06-30T23:03:28Z,1000,10.3322033898305,385.275,145,141.296875,13,0
running,2022,6,30,2022-06-30T23:09:26Z,1000,9.61376344086021,358.448,142,144.171875,0,5
running,2022,6,30,2022-06-30T23:15:58Z,1000,10.5185882352941,392.136,139,146.515625,4,4
running,2022,6,30,2022-06-30T23:22:42Z,1000,10.819846712384,403.353,135,145.25,5,9
running,2022,6,30,2022-06-30T23:32:40Z,1000,11.6517810599479,598.598,131,144.671875,12,5
running,2022,6,30,2022-06-30T23:39:27Z,1000,10.9078487189915,406.707,138,150.859375,10,7
running,2022,6,30,2022-06-30T23:46:35Z,1000,9.87569955817378,427.767,137,141.515625,4,7
running,2022,6,30,2022-06-30T23:52:49Z,1000,9.72178325480246,374.692,141,142.078125,7,6
running,2022,6,30,2022-06-30T23:58:49Z,1000,9.65529157667387,359.956,141,151.8125,9,15
running,2022,7,1,2022-07-01T00:05:25Z,1000,10.626941362916,396.196,147,146.5,17,8
running,2022,7,1,2022-07-01T00:11:43Z,1000,9.88661997788426,377.297,144,146.828125,12,2
running,2022,7,1,2022-07-01T00:13:50Z,356.33,9.424595924104,125.188,143,139.25,0,9
running,2022,7,1,2022-07-01T23:30:02Z,1000,8.79422950819672,327.818,128,149.46875,8,5
running,2022,7,1,2022-07-01T23:35:38Z,1000,8.99778597785978,335.431,134,148.9375,20,37
running,2022,7,1,2022-07-01T23:40:55Z,1000,8.52045743329098,317.648,148,148.328125,19,4
running,2022,7,1,2022-07-01T23:47:12Z,1000,9.55553972212326,376.842,126,144.8125,0,59
running,2022,7,1,2022-07-01T23:52:01Z,623.79,9.78919708029197,288.893,126,143.4375,0,42
running,2022,7,1,2022-07-01T23:56:54Z,1000,7.85428989751098,292.824,148,160.0625,88,0
running,2022,7,1,2022-07-01T23:57:58Z,274.73,6.29486036141751,64.475,164,160.46875,17,0
running,2022,7,2,2022-07-02T00:05:38Z,1000,9.39159663865546,459.621,150,138.40625,13,9
running,2022,7,2,2022-07-02T00:10:50Z,1000,8.36370439663237,311.803,166,147.21875,16,9
running,2022,7,2,2022-07-02T00:15:54Z,1000,8.16014602981442,304.183,161,148.609375,5,11
running,2022,7,2,2022-07-02T00:21:29Z,1000,8.99476861167002,335.377,156,150.234375,29,34
running,2022,7,2,2022-07-02T00:26:28Z,1000,8.01146953405018,298.672,164,149,12,9
running,2022,7,2,2022-07-02T00:26:40Z,28.81,7.36676737160121,7.915,161,145.75,0,0
cycling,2022,7,2,2022-07-02T14:34:51Z,5000,13.4989431303473,2516.49,143,513.984375,356,13
cycling,2022,7,2,2022-07-02T15:05:45Z,1781.81,14.2520722635494,946.657,154,513.984375,140,8
running,2022,7,3,2022-07-03T17:40:14Z,1000,8.29644293226106,309.28,140,150.5,11,4
running,2022,7,3,2022-07-03T17:45:33Z,1000,8.53944603629417,318.42,146,149.5625,11,12
running,2022,7,3,2022-07-03T17:50:50Z,1000,8.51775166719594,317.539,145,148.75,15,4
running,2022,7,3,2022-07-03T17:56:10Z,1000,8.583168,320.049,142,149.25,14,16
running,2022,7,3,2022-07-03T18:01:22Z,1000,8.3741492350921,312.172,147,149,14,25
running,2022,7,3,2022-07-03T18:06:47Z,1000,8.58591549295775,324.561,140,147.921875,12,11
running,2022,7,3,2022-07-03T18:11:56Z,1000,8.28107440568077,308.753,136,148.546875,0,9
running,2022,7,3,2022-07-03T18:17:51Z,1000,8.76262659261679,354.905,138,147.875,13,9
running,2022,7,3,2022-07-03T18:21:06Z,592.77,8.41883239171375,186.059,146,150.5625,0,6
cycling,2022,7,4,2022-07-04T18:24:28Z,5000,14.5694731124389,2716.54,119,513.984375,97,79
cycling,2022,7,4,2022-07-04T19:01:25Z,5000,11.8946341463415,2217.103,119,513.984375,58,59
cycling,2022,7,4,2022-07-04T19:11:19Z,1163.72,13.5809620253165,589.324,110,513.984375,0,13
running,2022,7,5,2022-07-05T22:21:00Z,1000,8.44534005037783,330.445,128,147.890625,0,0
running,2022,7,5,2022-07-05T22:26:00Z,1000,8.04511097780444,299.905,138,148.953125,2,0
running,2022,7,5,2022-07-05T22:32:18Z,1000,8.12061762034514,378.143,140,147.5,0,0
running,2022,7,5,2022-07-05T22:37:26Z,1000,8.25812807881773,307.887,147,149.90625,0,0
running,2022,7,5,2022-07-05T22:46:59Z,1000,8.13292904790782,573.062,133,145.609375,4,2
running,2022,7,5,2022-07-05T22:52:11Z,1000,8.36109725685786,311.696,140,149.984375,2,2
running,2022,7,5,2022-07-05T22:57:10Z,1000,8.00429722470904,298.452,136,149.578125,0,2
running,2022,7,5,2022-07-05T23:02:11Z,1000,8.07417218543046,301.014,136,149.828125,0,2
running,2022,7,5,2022-07-05T23:07:11Z,1000,8.05235664965476,300.174,137,149.9375,7,9
running,2022,7,5,2022-07-05T23:12:17Z,1000,8.21513016845329,306.306,136,146.8125,2,4
running,2022,7,5,2022-07-05T23:16:16Z,365.05,8.39511737089202,114.247,140,149.890625,0,0
running,2022,7,7,2022-07-07T00:15:47Z,1000,7.91221238938053,294.983,141,150.40625,7,2
running,2022,7,7,2022-07-07T00:20:23Z,860.59,8.1181598062954,276.397,136,140.09375,0,7
running,2022,7,7,2022-07-07T00:21:40Z,407.71,5.03140123804164,76.482,146,170.921875,0,0
running,2022,7,7,2022-07-07T00:22:43Z,208,8.09610624811349,62.786,155,149.578125,0,0
running,2022,7,7,2022-07-07T00:23:58Z,414.42,4.8910284463895,75.572,156,170.953125,0,2
running,2022,7,7,2022-07-07T00:25:01Z,205.9,8.17257769652651,62.729,167,143.9375,0,0
running,2022,7,7,2022-07-07T00:26:17Z,415.47,4.89727953259083,75.862,159,166.578125,0,0
running,2022,7,7,2022-07-07T00:27:25Z,204.58,8.93484343770819,68.147,173,148.234375,2,2
running,2022,7,7,2022-07-07T00:28:42Z,412.98,5.01634561436319,77.241,174,162.203125,0,0
running,2022,7,7,2022-07-07T00:29:52Z,202.88,9.25229389444636,69.98,176,147.953125,0,0
running,2022,7,7,2022-07-07T00:31:12Z,414.99,5.13740662708293,79.478,175,166.796875,0,0
running,2022,7,7,2022-07-07T00:32:20Z,203.74,9.00382678751259,68.4,177,147.0625,0,0
running,2022,7,7,2022-07-07T00:33:38Z,400.11,5.23057722308892,78.029,181,169.625,0,0
running,2022,7,7,2022-07-07T00:34:49Z,204.31,9.25229389444636,70.475,179,148.828125,0,0
running,2022,7,7,2022-07-07T00:36:07Z,403.48,5.20520085387153,78.296,182,169.78125,2,2
running,2022,7,7,2022-07-07T00:37:18Z,206.57,9.18260869565217,70.723,181,149.21875,0,0
running,2022,7,7,2022-07-07T00:38:36Z,406.97,5.15716208421457,78.249,182,168.359375,3,0
running,2022,7,7,2022-07-07T00:45:32Z,1000,10.2846625766871,415.058,158,131.828125,9,0
running,2022,7,7,2022-07-07T00:47:43Z,420.19,8.01146953405018,125.491,165,148.390625,2,6
running,2022,7,7,2022-07-07T20:52:23Z,1000,8.34808590102708,311.265,123,148.40625,6,4
running,2022,7,7,2022-07-07T20:57:28Z,1000,8.19004580152672,305.382,134,150.890625,9,12
running,2022,7,7,2022-07-07T21:02:30Z,1000,8.09366324683162,301.707,142,150.265625,14,2
running,2022,7,7,2022-07-07T21:07:32Z,1000,8.10589301903898,302.239,139,150.578125,17,23
running,2022,7,7,2022-07-07T21:12:43Z,1000,8.33770593720858,310.864,137,150.921875,16,36
running,2022,7,7,2022-07-07T21:17:33Z,1000,7.7949433304272,290.6,152,151.125,24,9
running,2022,7,7,2022-07-07T21:18:09Z,119.66,7.53226621735468,33.602,148,150.140625,0,0
running,2022,7,8,2022-07-08T15:41:38Z,1000,8.91998669770535,332.559,122,150.140625,48,33
running,2022,7,8,2022-07-08T15:47:10Z,1000,8.90517928286853,331.983,138,151.796875,26,30
running,2022,7,8,2022-07-08T15:52:39Z,1000,8.82896642527979,329.187,142,151.9375,28,23
running,2022,7,8,2022-07-08T15:58:06Z,1000,8.77409224730128,327.07,142,151.875,25,30
running,2022,7,8,2022-07-08T16:03:41Z,1000,8.97670682730924,334.67,143,151.390625,22,25
running,2022,7,8,2022-07-08T16:09:05Z,1000,8.6860103626943,323.813,146,152.46875,24,25
running,2022,7,8,2022-07-08T16:14:34Z,1000,8.81735700197239,328.717,148,152.375,22,30
running,2022,7,8,2022-07-08T16:20:02Z,1000,8.82315789473684,328.907,148,152.671875,23,27
running,2022,7,8,2022-07-08T16:25:36Z,1000,8.93484343770819,333.147,150,152.390625,30,29
running,2022,7,8,2022-07-08T16:31:03Z,1000,8.78846657929227,327.637,150,152.84375,25,27
running,2022,7,8,2022-07-08T16:32:10Z,165.48,10.3842044134727,64.058,170,156.359375,19,0
cycling,2022,7,8,2022-07-08T20:31:57Z,5000,13.1482352941176,2450.765,129,513.984375,180,216
cycling,2022,7,8,2022-07-08T21:04:05Z,4332.87,11.9157707685473,1925.08,106,513.984375,9,184
cycling,2022,7,9,2022-07-09T22:26:29Z,5000,9.09850746268657,1696.01,117,513.984375,256,239
cycling,2022,7,9,2022-07-09T22:47:58Z,5000,6.91298969072165,1288.542,120,513.984375,16,392
cycling,2022,7,9,2022-07-09T22:57:24Z,5000,3.03455141984387,565.65,114,513.984375,143,81
cycling,2022,7,9,2022-07-09T22:57:30Z,104.08,0.997820021576578,3.872,109,513.984375,3,0
cycling,2022,7,10,2022-07-10T04:07:37Z,5000,11.3895541401274,2122.735,156,513.984375,420,2
cycling,2022,7,10,2022-07-10T04:36:15Z,4435,9.6103188821211,1715.685,143,513.984375,61,378
cycling,2022,7,10,2022-07-10T15:56:24Z,3595.98,12.7604186489058,1711.142,139,513.984375,221,16
cycling,2022,7,10,2022-07-10T16:18:42Z,2472.98,13.9048211508554,1282.223,116,513.984375,0,220
running,2022,7,10,2022-07-10T18:00:44Z,1000,9.31010065949323,347.125,153,144.96875,25,5
running,2022,7,10,2022-07-10T18:05:58Z,1000,8.44002517306482,314.699,135,147.140625,7,13
running,2022,7,10,2022-07-10T18:11:18Z,1000,8.56671989779623,319.391,138,148.359375,7,10
running,2022,7,10,2022-07-10T18:16:49Z,1000,8.89042094796155,331.427,153,153.1875,24,0
running,2022,7,10,2022-07-10T18:22:35Z,1000,8.46399495108867,345.432,143,146.6875,14,15
running,2022,7,10,2022-07-10T18:29:31Z,1000,9.54873620505518,416.868,138,148.578125,18,8
running,2022,7,10,2022-07-10T18:34:56Z,1000,8.71706207344816,325.006,132,140.96875,5,20
running,2022,7,10,2022-07-10T18:40:09Z,1000,8.37676452217364,312.262,139,145.6875,0,9
running,2022,7,10,2022-07-10T18:45:25Z,1000,8.47201516108654,315.876,155,146.53125,14,0
running,2022,7,10,2022-07-10T18:50:24Z,1000,8.03787833383278,299.7,139,146.75,0,27
running,2022,7,10,2022-07-10T18:50:35Z,9.72,16.8165517241379,6.097,131,101.171875,0,0
running,2022,7,12,2022-07-12T00:32:17Z,714,9.13880749574106,243.289,124,146.578125,8,84
running,2022,7,12,2022-07-12T00:36:24Z,1000,6.62772424017791,247.114,156,162.609375,12,9
running,2022,7,12,2022-07-12T00:38:47Z,638.34,6.00725643896976,142.965,175,164.046875,3,5
running,2022,7,12,2022-07-12T00:40:12Z,164.93,7.87042253521127,85.142,165,134.875,0,2
running,2022,7,12,2022-07-12T00:43:54Z,1000,5.95127579321056,221.869,174,164.015625,12,9
running,2022,7,12,2022-07-12T00:46:39Z,701.91,6.29781638882367,164.823,183,160.6875,5,10
running,2022,7,12,2022-07-12T00:47:53Z,199.97,10.0233183856502,74.72,170,150.203125,3,2
running,2022,7,12,2022-07-12T00:51:40Z,1000,6.06978954514596,226.275,183,162.0625,12,10
running,2022,7,12,2022-07-12T00:54:24Z,684.15,6.4384061449832,164.235,189,162.484375,8,7
running,2022,7,12,2022-07-12T01:00:39Z,1000,9.99716734998136,375.223,160,137.0625,8,7
running,2022,7,12,2022-07-12T01:02:51Z,405.39,8.53944603629417,129.045,152,148.75,0,4
running,2022,7,13,2022-07-13T00:12:58Z,1000,10.0760330578512,375.625,122,139.546875,7,5
running,2022,7,13,2022-07-13T00:19:07Z,1000,9.66572972972973,368.552,120,150.265625,2,13
running,2022,7,13,2022-07-13T00:25:15Z,1000,9.864803236484,367.721,133,151.5625,11,0
running,2022,7,13,2022-07-13T00:27:05Z,260.07,9.76780772032047,94.712,129,148.296875,0,0
cycling,2022,7,13,2022-07-13T01:19:21Z,5000,10.2336512781381,1980.007,125,513.984375,42,32
cycling,2022,7,13,2022-07-13T01:25:32Z,1016.11,9.73943355119826,368.944,134,513.984375,3,10
running,2022,7,15,2022-07-15T00:00:50Z,1000,11.8004399472063,439.993,123,118.703125,9,4
running,2022,7,15,2022-07-15T00:06:29Z,1000,9.08925787868519,338.903,127,150.03125,4,14
running,2022,7,15,2022-07-15T00:12:31Z,1000,9.72883569096844,362.653,127,150.4375,2,2
running,2022,7,15,2022-07-15T00:18:50Z,1000,10.1677028051554,379.063,134,152.21875,13,0
running,2022,7,15,2022-07-15T00:25:13Z,1000,9.49129511677282,382.302,132,149.8125,9,7
running,2022,7,15,2022-07-15T00:30:51Z,1000,9.08310193024043,338.596,133,151.984375,2,4
running,2022,7,15,2022-07-15T00:36:31Z,1000,9.11086956521739,339.718,131,151.203125,10,7
running,2022,7,15,2022-07-15T00:55:50Z,1000,10.2102778835173,380.67,121,137.078125,7,9
running,2022,7,15,2022-07-15T01:01:48Z,1000,9.5931330472103,357.652,131,148.921875,11,4
running,2022,7,15,2022-07-15T01:04:54Z,512.41,9.63102333931777,184.017,126,143.53125,2,8
cycling,2022,7,15,2022-07-15T21:57:35Z,4914.85,13.451554663992,2464.349,136,513.984375,339,27
running,2022,7,16,2022-07-16T18:47:14Z,1000,8.59416853572573,320.37,124,145.65625,2,50
running,2022,7,16,2022-07-16T18:52:46Z,1000,8.91998669770535,332.588,115,149.265625,2,56
running,2022,7,16,2022-07-16T18:57:57Z,1000,8.34548848786559,311.11,127,149.359375,2,2
running,2022,7,16,2022-07-16T19:03:44Z,1000,8.6468085106383,346.57,128,148.640625,0,0
running,2022,7,16,2022-07-16T19:10:28Z,1000,9.54873620505518,404.439,128,145.5625,14,11
running,2022,7,16,2022-07-16T19:16:14Z,1000,9.26827919834139,345.574,140,151.125,39,2
running,2022,7,16,2022-07-16T19:22:40Z,1000,10.356138996139,386.115,151,152.203125,66,0
running,2022,7,16,2022-07-16T19:27:58Z,1000,8.52045743329098,317.619,136,149.921875,18,9
running,2022,7,16,2022-07-16T19:32:55Z,1000,7.97810826888757,297.452,132,149.140625,2,15
running,2022,7,16,2022-07-16T19:37:44Z,1000,7.76335745296671,289.399,131,149.703125,0,11
running,2022,7,16,2022-07-16T19:42:53Z,1000,8.28619091751622,308.908,138,151.203125,18,0
running,2022,7,16,2022-07-16T19:47:57Z,1000,8.15270516717325,303.922,136,151.15625,19,13
running,2022,7,16,2022-07-16T19:53:37Z,1000,8.20507800550627,340.182,137,149.3125,12,7
running,2022,7,16,2022-07-16T20:00:15Z,1000,7.84051446945338,397.526,129,147.390625,4,25
running,2022,7,16,2022-07-16T20:05:34Z,1000,8.5530612244898,318.895,146,151.109375,36,5
running,2022,7,16,2022-07-16T20:10:37Z,1000,8.13046377690209,303.147,129,149.546875,15,57
running,2022,7,16,2022-07-16T20:17:51Z,1000,11.327027027027,434.043,145,152.21875,37,19
running,2022,7,16,2022-07-16T20:22:51Z,1000,8.03787833383278,299.639,150,149.421875,6,0
running,2022,7,16,2022-07-16T20:27:45Z,1000,7.905216622458,294.702,140,149.890625,6,24
running,2022,7,16,2022-07-16T20:32:57Z,1000,8.34548848786559,311.154,155,150.734375,25,3
running,2022,7,16,2022-07-16T20:34:00Z,209.18,7.55347789355111,58.903,149,149.65625,0,5
running,2022,7,17,2022-07-17T18:20:25Z,1000,11.0018047579984,428.606,120,136.203125,10,2
running,2022,7,17,2022-07-17T18:27:02Z,1000,9.64487594390507,396.721,128,151.796875,2,12
running,2022,7,17,2022-07-17T18:34:42Z,1000,12.3264705882353,459.542,126,128.375,20,0
running,2022,7,17,2022-07-17T18:41:49Z,1000,10.4083818393481,426.851,141,149.640625,13,24
running,2022,7,17,2022-07-17T18:48:10Z,1000,9.98228507629326,381.59,131,150.15625,9,25
running,2022,7,17,2022-07-17T18:54:41Z,1000,10.493896713615,391.212,139,152.203125,19,22
running,2022,7,17,2022-07-17T19:01:37Z,1000,11.1388704318937,415.288,144,157.828125,44,4
running,2022,7,17,2022-07-17T19:08:33Z,1000,10.1754172989378,416.46,120,148.421875,5,25
running,2022,7,17,2022-07-17T19:14:53Z,1000,10.1831435079727,379.711,122,156.328125,14,7
running,2022,7,17,2022-07-17T19:22:08Z,1000,10.4530007794232,434.913,120,150.96875,7,3
running,2022,7,17,2022-07-17T19:24:53Z,413.77,9.79992692729265,163.066,110,144.078125,0,7
cycling,2022,7,19,2022-07-19T03:18:04Z,5000,10.202510460251,1901.631,144,513.984375,219,203
cycling,2022,7,19,2022-07-19T03:48:56Z,5000,9.93422222222222,1851.967,149,513.984375,206,204
cycling,2022,7,19,2022-07-19T03:55:33Z,1078.89,6.81290322580645,274.012,136,513.984375,14,22
running,2022,7,20,2022-07-20T01:40:19Z,1000,6.87753846153846,256.43,158,153.90625,14,2
running,2022,7,20,2022-07-20T01:44:17Z,1000,6.38780662062396,238.129,174,154.40625,10,31
running,2022,7,20,2022-07-20T01:49:51Z,1000,8.95273698264352,333.728,179,156.953125,29,16
running,2022,7,20,2022-07-20T01:54:13Z,1000,7.03815271582262,262.393,184,156.390625,16,8
running,2022,7,20,2022-07-20T01:58:20Z,1000,6.60162441545656,246.13,181,154.046875,5,27
running,2022,7,20,2022-07-20T02:03:57Z,1000,9.06162162162162,337.838,182,157.265625,27,16
running,2022,7,20,2022-07-20T02:08:19Z,1000,7.01239215686274,261.407,188,156.890625,18,6
running,2022,7,20,2022-07-20T02:12:21Z,1000,6.49610075078712,242.207,184,154,7,31
running,2022,7,20,2022-07-20T02:17:45Z,1000,8.68319844609906,323.745,186,158.859375,28,15
running,2022,7,20,2022-07-20T02:20:33Z,508.68,7.13551476456504,135.333,191,151.046875,9,9
running,2022,7,21,2022-07-21T03:02:00Z,1000,8.57767828589703,319.753,128,149.5625,9,2
running,2022,7,21,2022-07-21T03:07:02Z,1000,8.10589301903898,302.199,141,150.265625,10,10
running,2022,7,21,2022-07-21T03:11:53Z,1000,7.78815331010453,290.395,146,150.484375,9,0
running,2022,7,21,2022-07-21T03:16:49Z,1000,7.94737777777778,296.264,138,151.40625,16,22
running,2022,7,21,2022-07-21T03:21:47Z,1000,8.0019093078759,298.322,140,153.484375,24,32
running,2022,7,21,2022-07-21T03:26:21Z,1000,7.34055829228243,273.7,153,151.515625,14,7
running,2022,7,21,2022-07-21T03:26:45Z,59.69,7.84280701754386,17.455,145,149.46875,0,0
running,2022,7,21,2022-07-21T23:54:22Z,1000,9.55553972212326,359.235,119,141.21875,6,4
running,2022,7,22,2022-07-22T00:00:44Z,1000,10.2492930836836,382.145,124,151.171875,10,12
running,2022,7,22,2022-07-22T00:06:41Z,1000,9.58285101822079,357.219,123,151.234375,4,10
running,2022,7,22,2022-07-22T00:14:30Z,1000,9.9158595194085,468.291,125,149.359375,9,0
running,2022,7,22,2022-07-22T00:20:34Z,1000,9.78562568405691,364.831,125,150.9375,5,4
running,2022,7,22,2022-07-22T00:26:54Z,1000,9.45116279069767,378.918,125,150.28125,2,2
running,2022,7,22,2022-07-22T00:32:35Z,1000,9.15127942681679,341.128,123,150.59375,2,13
running,2022,7,22,2022-07-22T00:39:00Z,1000,9.87569955817378,384.647,131,152.5625,12,0
running,2022,7,22,2022-07-22T00:45:05Z,1000,9.79277108433735,365.127,132,150,5,2
running,2022,7,22,2022-07-22T00:46:54Z,300.71,9.39488616462347,105.316,123,151.171875,0,7
running,2022,7,23,2022-07-23T00:19:36Z,1000,8.22773006134969,306.722,124,150.03125,6,2
running,2022,7,23,2022-07-23T00:24:41Z,1000,8.17756097560976,304.857,136,149.96875,10,12
running,2022,7,23,2022-07-23T00:29:51Z,1000,8.31702325581395,310.111,137,149.640625,19,2
running,2022,7,23,2022-07-23T00:35:00Z,1000,8.28875154511743,309.054,138,149.28125,24,22
running,2022,7,23,2022-07-23T00:39:57Z,1000,7.95680806882231,296.631,138,149.359375,5,35
running,2022,7,23,2022-07-23T00:44:59Z,1000,8.10589301903898,302.248,144,150.875,17,21
running,2022,7,23,2022-07-23T00:50:14Z,1000,8.44534005037783,314.816,153,152.234375,43,16
running,2022,7,23,2022-07-23T00:53:24Z,669.03,7.51327731092437,187.41,142,149.71875,0,9
running,2022,7,23,2022-07-23T16:15:21Z,1000,8.21513016845329,306.291,123,151.9375,9,2
running,2022,7,23,2022-07-23T16:20:28Z,1000,8.24290104486786,307.313,133,151.140625,9,12
running,2022,7,23,2022-07-23T16:24:37Z,1000,6.67223880597015,248.728,154,157.046875,12,8
running,2022,7,23,2022-07-23T16:28:25Z,1000,6.1098861047836,227.8,169,159.96875,3,2
running,2022,7,23,2022-07-23T16:32:12Z,1000,6.09738576949307,227.314,174,160.453125,17,7
running,2022,7,23,2022-07-23T16:33:02Z,214.99,6.20458015267175,49.728,177,157.875,0,2
running,2022,7,23,2022-07-23T16:38:14Z,1000,8.382,312.465,141,150.125,0,24
running,2022,7,23,2022-07-23T16:43:23Z,1000,8.26831072749692,308.218,147,151.609375,7,8
running,2022,7,23,2022-07-23T16:47:16Z,1000,6.27131166705635,233.794,172,162.4375,20,0
running,2022,7,23,2022-07-23T16:50:48Z,1000,5.6647096092925,211.202,175,159.671875,2,18
running,2022,7,23,2022-07-23T16:54:26Z,1000,5.84875708678587,218.04,183,162.4375,8,13
running,2022,7,23,2022-07-23T16:55:07Z,195.83,5.67189680693593,41.409,179,162.546875,0,10
running,2022,7,23,2022-07-23T17:00:37Z,1000,8.8435212660732,329.723,167,154.03125,43,14
running,2022,7,23,2022-07-23T17:04:37Z,812.5,7.87273260933372,238.456,155,150.671875,0,11
cycling,2022,7,24,2022-07-24T15:01:13Z,5000,19.1042735042735,4717.083,117,513.984375,229,216
cycling,2022,7,24,2022-07-24T15:32:18Z,5000,10.0046251398732,1864.814,135,513.984375,203,214
cycling,2022,7,24,2022-07-24T15:33:08Z,219.49,5.6851208139042,48.159,118,513.984375,0,18
running,2022,7,24,2022-07-24T18:16:50Z,1000,10.5766561514196,394.394,124,131.953125,6,21
running,2022,7,24,2022-07-24T18:22:14Z,1000,8.67477360931436,323.409,142,151.109375,10,2
running,2022,7,24,2022-07-24T18:27:46Z,1000,8.9288948069241,332.893,144,146.765625,6,10
running,2022,7,24,2022-07-24T18:33:22Z,1000,9.00382678751259,335.647,146,152.546875,12,7
running,2022,7,24,2022-07-24T18:38:48Z,1000,8.74548418650147,326.103,140,150.4375,2,5
running,2022,7,24,2022-07-24T18:44:11Z,1000,8.66356589147287,323.034,142,149.390625,4,5
running,2022,7,24,2022-07-24T18:49:35Z,1000,8.688824101069,323.988,149,145.828125,4,0
running,2022,7,24,2022-07-24T18:58:15Z,1000,8.86690909090909,520.138,139,141.15625,3,0
running,2022,7,24,2022-07-24T19:03:14Z,1000,8.00429722470904,298.377,142,149,4,9
running,2022,7,24,2022-07-24T19:08:16Z,1000,8.11079528273359,302.378,152,151.6875,2,2
running,2022,7,24,2022-07-24T19:13:14Z,1000,7.98761167361525,297.82,152,151.0625,2,3
running,2022,7,24,2022-07-24T19:18:43Z,1000,8.82315789473684,328.95,152,149.125,13,11
running,2022,7,24,2022-07-24T19:24:10Z,734.85,9.23000688231246,252.907,150,149.75,10,4
running,2022,7,24,2022-07-24T19:36:05Z,1000,9.525,355.136,146,149.390625,6,17
running,2022,7,24,2022-07-24T19:41:54Z,1000,9.37518350227193,349.493,149,147.296875,17,10
running,2022,7,24,2022-07-24T19:43:21Z,244.39,9.33277661795407,85.028,145,153.109375,2,0
running,2022,7,26,2022-07-26T03:28:17Z,1000,8.54760994263862,318.689,124,148.390625,7,4
running,2022,7,26,2022-07-26T03:35:21Z,1000,8.65797288573273,423.079,125,149.71875,10,10
running,2022,7,26,2022-07-26T03:40:47Z,1000,8.40037582211087,325.579,128,147.875,4,2
running,2022,7,26,2022-07-26T03:45:54Z,1000,8.23530856616518,307.015,132,150.171875,6,7
running,2022,7,26,2022-07-26T03:51:13Z,1000,8.55578947368421,318.989,127,149.875,7,23
running,2022,7,26,2022-07-26T03:56:27Z,1000,8.43737024221453,314.536,121,149.421875,0,46
running,2022,7,26,2022-07-26T04:02:08Z,1000,9.14192229038855,340.85,142,151.828125,40,12
running,2022,7,26,2022-07-26T04:07:55Z,1000,8.41619077502353,346.969,138,149.671875,9,2
running,2022,7,26,2022-07-26T04:13:16Z,1000,8.61625441696113,321.189,137,150.859375,14,0
running,2022,7,26,2022-07-26T04:20:16Z,1000,9.51148936170213,420.056,135,148.890625,28,11
running,2022,7,26,2022-07-26T04:25:27Z,1000,8.32735175411363,310.453,133,149.984375,0,6
running,2022,7,26,2022-07-26T04:31:04Z,1000,8.52045743329098,337.287,131,147.203125,2,7
running,2022,7,26,2022-07-26T04:36:26Z,1000,8.65238709677419,322.534,136,149.71875,11,2
running,2022,7,26,2022-07-26T04:40:09Z,666.34,8.86105054509415,220.165,133,150.125,4,7
running,2022,7,26,2022-07-26T23:24:55Z,1000,8.72556929082628,325.263,141,150.109375,2,7
running,2022,7,26,2022-07-26T23:30:12Z,1000,8.50155309033281,316.926,139,151.375,21,23
running,2022,7,26,2022-07-26T23:35:28Z,1000,8.48273244781784,316.246,142,150.078125,10,10
running,2022,7,26,2022-07-26T23:40:45Z,1000,8.49078822412156,316.593,128,150.4375,0,57
running,2022,7,26,2022-07-26T23:44:18Z,672.07,8.48810126582279,212.679,124,150.375,0,43
running,2022,7,26,2022-07-26T23:49:26Z,1000,8.27086031452359,308.393,156,153.140625,54,0
running,2022,7,26,2022-07-26T23:52:32Z,586.23,8.49347688410386,185.624,168,152.484375,44,0
running,2022,7,26,2022-07-26T23:52:39Z,21.73,9.23954529796762,7.484,162,151.140625,0,0
running,2022,7,26,2022-07-26T23:57:54Z,1000,8.43737024221453,314.554,151,150.03125,4,11
running,2022,7,27,2022-07-27T00:03:06Z,1000,8.38986549890522,312.777,155,150.765625,24,22
running,2022,7,27,2022-07-27T00:08:26Z,1000,8.5639846743295,319.242,165,150.9375,19,7
running,2022,7,27,2022-07-27T00:08:33Z,15.17,8.8,4.976,156,147,0,0
cycling,2022,7,28,2022-07-28T00:32:22Z,668.24,7.18713826366559,179.055,108,513.984375,24,9
cycling,2022,7,28,2022-07-28T01:08:52Z,5000,11.7436077057793,2188.984,142,513.984375,211,198
cycling,2022,7,28,2022-07-28T01:58:50Z,5000,16.0805755395683,2998.075,133,513.984375,341,5
cycling,2022,7,28,2022-07-28T02:30:15Z,5000,10.1102148511119,1884.512,128,513.984375,101,301
cycling,2022,7,28,2022-07-28T02:57:46Z,3936.69,11.236866359447,1649.009,126,513.984375,59,205
running,2022,7,28,2022-07-28T23:49:53Z,1000,8.21513016845329,306.248,123,150.859375,9,7
running,2022,7,28,2022-07-28T23:55:43Z,943.47,8.82025649457415,349.516,135,145.734375,4,11
running,2022,7,28,2022-07-28T23:57:08Z,408.67,5.55099337748344,84.57,163,163.75,0,0
running,2022,7,28,2022-07-28T23:58:29Z,415.62,5.26652267818575,81.61,174,167.015625,0,0
running,2022,7,28,2022-07-28T23:59:52Z,416.25,5.32401746724891,82.623,178,165.65625,0,0
running,2022,7,29,2022-07-29T00:01:15Z,407.8,5.46281059063136,83.052,180,164.078125,0,0
running,2022,7,29,2022-07-29T00:03:19Z,135.48,24.5851512373969,124.19,134,82.71875,0,0
running,2022,7,29,2022-07-29T00:04:40Z,409.49,5.26859163229228,80.436,137,165.6875,2,2
running,2022,7,29,2022-07-29T00:06:02Z,406.96,5.43954573108903,82.531,180,166.25,0,0
running,2022,7,29,2022-07-29T00:07:24Z,411.84,5.34950139609095,82.135,187,164.953125,0,0
running,2022,7,29,2022-07-29T00:08:47Z,425.42,5.19411309062742,82.387,189,165.09375,0,0
running,2022,7,29,2022-07-29T00:10:58Z,179.73,19.6213606437454,131.441,145,97.421875,0,2
running,2022,7,29,2022-07-29T00:12:19Z,397.21,5.49977445150707,81.439,160,163.84375,2,0
running,2022,7,29,2022-07-29T00:13:44Z,403.56,5.63495798319328,84.788,191,162.78125,0,0
running,2022,7,29,2022-07-29T00:15:09Z,416.18,5.46503667481663,84.793,193,161.953125,0,0
running,2022,7,29,2022-07-29T00:16:31Z,406.1,5.42304892842701,82.106,194,163.671875,0,0
running,2022,7,29,2022-07-29T00:19:34Z,223.41,21.9137254901961,182.54,143,81.625,0,0
running,2022,7,29,2022-07-29T00:24:40Z,1000,8.23025467934949,306.801,163,149.3125,11,8
running,2022,7,29,2022-07-29T00:24:47Z,17.12,6.36960341961529,4.066,164,148.796875,0,0
running,2022,7,30,2022-07-30T03:55:24Z,1000,8.63567289117836,321.938,123,150.546875,9,4
running,2022,7,30,2022-07-30T04:00:34Z,1000,8.29387755102041,309.231,128,151.109375,7,11
running,2022,7,30,2022-07-30T04:06:14Z,1000,9.13569482288828,340.562,132,144.484375,21,7
running,2022,7,30,2022-07-30T04:11:53Z,1000,9.08617886178862,338.763,126,150.4375,11,14
running,2022,7,30,2022-07-30T04:17:09Z,1000,8.48541600759253,316.324,125,149.828125,8,27
running,2022,7,30,2022-07-30T04:22:27Z,1000,8.53401209035953,318.134,137,150.578125,13,2
running,2022,7,30,2022-07-30T04:26:54Z,822.02,8.43206538824269,262.717,135,146.6875,3,8
running,2022,7,30,2022-07-30T17:12:20Z,1000,8.23530856616518,307.046,136,150.109375,6,9
running,2022,7,30,2022-07-30T17:17:56Z,1000,9.01290322580645,336.065,143,152.015625,25,25
running,2022,7,30,2022-07-30T17:23:11Z,1000,8.42676720075401,314.205,144,150.203125,5,21
running,2022,7,30,2022-07-30T17:28:22Z,1000,8.33770593720858,310.886,145,150.984375,4,19
running,2022,7,30,2022-07-30T17:33:38Z,1000,8.47737041719343,316.091,153,150.546875,4,2
running,2022,7,30,2022-07-30T17:38:57Z,1000,8.55578947368421,318.977,137,150.03125,0,59
running,2022,7,30,2022-07-30T17:45:34Z,1000,8.47737041719343,396.925,144,147.671875,5,19
running,2022,7,30,2022-07-30T17:50:46Z,1000,8.39249061326658,312.904,155,150.828125,14,12
running,2022,7,30,2022-07-30T17:56:22Z,1000,8.99175326852162,335.224,156,145.84375,32,10
running,2022,7,30,2022-07-30T17:59:23Z,186.55,7.46310517529215,51.899,156,150.5625,0,14
running,2022,7,30,2022-07-30T18:14:16Z,1000,8.59141575912876,320.265,136,150.328125,2,58
running,2022,7,30,2022-07-30T18:19:30Z,1000,8.40564086493262,313.364,148,150.34375,0,3
running,2022,7,30,2022-07-30T18:24:37Z,1000,8.23783783783784,307.102,153,150.484375,7,10
running,2022,7,30,2022-07-30T18:29:38Z,1000,8.07660343270099,301.076,157,150.140625,5,7
running,2022,7,30,2022-07-30T18:37:00Z,1000,8.6468085106383,441.917,159,142.359375,12,13
running,2022,7,30,2022-07-30T18:42:08Z,1000,8.26831072749692,308.249,163,149.53125,2,0
running,2022,7,30,2022-07-30T18:47:12Z,1000,8.16014602981442,304.234,165,150.234375,21,18
running,2022,7,30,2022-07-30T18:52:13Z,1000,8.05961538461538,300.447,170,149.640625,7,18
running,2022,7,30,2022-07-30T18:56:05Z,365.72,17.0300952380952,232.141,145,100.359375,10,12
running,2022,7,30,2022-07-30T19:03:38Z,1000,12.1588395285585,453.258,170,135.5,70,0
running,2022,7,30,2022-07-30T19:09:18Z,693.74,12.9764876632801,337.746,159,126.46875,37,0
running,2022,7,30,2022-07-30T19:17:50Z,1000,8.74833659491194,326.188,160,148.59375,52,20
running,2022,7,30,2022-07-30T19:18:43Z,47.09,8.01146953405018,14.066,170,148.5,2,0
running,2022,7,31,2022-07-31T18:09:13Z,1000,8.74833659491194,326.105,121,149.546875,15,5
running,2022,7,31,2022-07-31T18:15:03Z,1000,9.37190775681342,349.43,128,151.1875,10,12
running,2022,7,31,2022-07-31T18:20:53Z,1000,9.38830941547077,350.005,130,151.46875,17,10
running,2022,7,31,2022-07-31T18:26:36Z,1000,9.22048814025438,343.767,130,150.75,6,9
running,2022,7,31,2022-07-31T18:32:15Z,1000,9.09233898305085,338.926,138,150.921875,15,15
running,2022,7,31,2022-07-31T18:39:01Z,1000,9.6275664034458,405.916,135,147.765625,5,21
running,2022,7,31,2022-07-31T18:42:46Z,612.18,9.71122375090514,221.677,139,152.984375,18,10
running,2022,8,1,2022-08-01T14:24:01Z,1000,9.82865518504947,366.448,128,148.9375,34,22
running,2022,8,1,2022-08-01T14:30:39Z,1000,10.6522637013503,397.169,151,154.625,96,0
running,2022,8,1,2022-08-01T14:36:12Z,1000,8.94378126042014,333.484,138,150.984375,14,0
running,2022,8,1,2022-08-01T14:41:47Z,1000,8.98572864321608,335.035,138,152.828125,31,0
running,2022,8,1,2022-08-01T14:48:12Z,1000,9.38830941547077,385.213,145,151.546875,52,0
running,2022,8,1,2022-08-01T14:53:16Z,1000,8.15022789425706,303.817,128,150.75,2,45
running,2022,8,1,2022-08-01T14:57:52Z,1000,7.39520264681555,275.707,129,151.84375,0,41
running,2022,8,1,2022-08-01T15:02:29Z,1000,7.43826955074875,277.285,139,151.46875,0,11
running,2022,8,1,2022-08-01T15:07:20Z,1000,7.79947659203257,290.758,123,154.75,0,95
running,2022,8,1,2022-08-01T15:12:38Z,1000,8.52316491897045,317.801,122,152.8125,6,64
running,2022,8,1,2022-08-01T15:13:59Z,186.92,11.171345272803,77.855,156,157.390625,23,0
cycling,2022,8,1,2022-08-01T21:03:58Z,5000,14.1992588671255,2647.108,116,513.984375,189,15
cycling,2022,8,1,2022-08-01T21:57:41Z,5000,17.2936170212766,3223.296,112,513.984375,141,148
cycling,2022,8,1,2022-08-01T22:07:31Z,1852.62,8.35328558081594,576.975,112,513.984375,4,162
cycling,2022,8,1,2022-08-01T22:57:24Z,5000,11.4871092077088,2141.116,130,513.984375,170,160
cycling,2022,8,1,2022-08-01T23:37:50Z,5000,13.0142649199418,2426.023,128,513.984375,153,128
cycling,2022,8,1,2022-08-01T23:56:17Z,5000,4.83809523809524,1106.455,129,513.984375,11,168
cycling,2022,8,2,2022-08-02T00:03:45Z,3246.51,3.64732118574925,441.481,127,513.984375,0,79
cycling,2022,8,2,2022-08-02T22:05:25Z,5000,9.92319644839068,1849.456,127,513.984375,218,23
cycling,2022,8,2,2022-08-02T22:53:39Z,5000,15.5222222222222,2893.137,111,513.984375,155,152
cycling,2022,8,2,2022-08-02T23:18:59Z,5000,8.15518394648829,1520.439,122,513.984375,82,253
cycling,2022,8,2,2022-08-02T23:46:02Z,5000,8.70574488802337,1623.04,130,513.984375,151,164
cycling,2022,8,2,2022-08-02T23:47:17Z,192.92,9.89756457564576,71.198,124,513.984375,3,0
cycling,2022,8,3,2022-08-03T15:22:25Z,5000,13.7833504624872,2569.499,131,513.984375,272,152
cycling,2022,8,3,2022-08-03T16:00:20Z,3666.1,16.628890266584,2273.177,113,513.984375,91,205
running,2022,8,3,2022-08-03T18:41:15Z,1000,8.62733998070119,321.675,119,148.53125,2,44
running,2022,8,3,2022-08-03T18:46:57Z,1000,9.17318741450068,341.96,152,151.734375,63,0
running,2022,8,3,2022-08-03T18:52:53Z,1000,9.54194236926361,355.706,156,151.8125,76,0
running,2022,8,3,2022-08-03T18:59:29Z,1000,10.605931198102,395.357,164,152.515625,101,0
running,2022,8,3,2022-08-03T19:01:27Z,350.87,9.04939271255061,118.379,153,150.15625,9,5
running,2022,8,3,2022-08-03T19:06:35Z,1000,8.27341147439852,308.443,133,150.21875,7,78
running,2022,8,3,2022-08-03T19:11:30Z,1000,7.905216622458,294.694,131,149.5,0,76
running,2022,8,3,2022-08-03T19:16:28Z,1000,7.98048199940494,297.546,130,150.53125,5,67
running,2022,8,3,2022-08-03T19:21:30Z,1000,8.11079528273359,302.409,148,151.375,20,25
running,2022,8,3,2022-08-03T19:26:18Z,1000,7.72312122084653,287.933,140,150.296875,0,30
running,2022,8,3,2022-08-03T19:30:27Z,706.34,9.37846153846154,246.976,162,152.125,43,0
running,2022,8,4,2022-08-04T13:57:11Z,1000,9.65181720043181,359.878,114,149.859375,3,39
running,2022,8,4,2022-08-04T14:03:06Z,1000,9.53854907539118,355.587,140,153.109375,54,0
running,2022,8,4,2022-08-04T14:08:27Z,1000,8.60519730510106,320.837,145,155.515625,38,19
running,2022,8,4,2022-08-04T14:14:42Z,1000,10.04960659423,374.634,133,153.3125,47,0
running,2022,8,4,2022-08-04T14:20:14Z,1000,8.91702127659574,332.482,126,151.859375,7,15
running,2022,8,4,2022-08-04T14:26:18Z,1000,8.42412060301508,363.372,131,151.84375,16,2
running,2022,8,4,2022-08-04T14:31:27Z,1000,8.29387755102041,309.219,121,151.4375,0,51
running,2022,8,4,2022-08-04T14:36:33Z,1000,8.21513016845329,306.286,131,153.234375,20,34
running,2022,8,4,2022-08-04T14:41:31Z,1000,8.0019093078759,298.337,121,151.953125,0,51
running,2022,8,4,2022-08-04T14:47:05Z,1000,8.93782072642452,333.184,136,154.21875,36,12
running,2022,8,4,2022-08-04T14:47:43Z,33.8,11.4821917808219,14.468,157,155,3,0
cycling,2022,8,4,2022-08-04T23:49:54Z,5000,10.493896713615,1956.264,124,513.984375,237,48
cycling,2022,8,5,2022-08-05T00:13:28Z,5000,7.58337574215437,1413.492,123,513.984375,65,341
cycling,2022,8,5,2022-08-05T00:30:27Z,2128.95,12.8091690544413,1016.903,122,513.984375,115,49
cycling,2022,8,5,2022-08-05T16:55:50Z,5000,12.9827686350436,2420.272,124,513.984375,288,120
cycling,2022,8,5,2022-08-05T17:39:34Z,5000,14.08,2624.409,102,513.984375,107,307
cycling,2022,8,5,2022-08-05T18:02:05Z,2231.06,16.2068882175227,1348.429,101,513.984375,83,65
running,2022,8,5,2022-08-05T22:02:53Z,1000,9.82505494505494,366.308,127,149.859375,24,36
running,2022,8,5,2022-08-05T22:08:37Z,1000,9.24272915230875,344.546,128,150.15625,18,29
running,2022,8,5,2022-08-05T22:14:03Z,1000,8.73978494623656,325.795,140,150.953125,25,0
running,2022,8,5,2022-08-05T22:19:31Z,1000,8.80577806959948,328.334,143,150.5625,27,0
running,2022,8,5,2022-08-05T22:25:07Z,1000,8.9887399463807,335.167,150,150.984375,41,0
running,2022,8,5,2022-08-05T22:30:16Z,1000,8.29644293226106,309.269,134,146.765625,2,30
running,2022,8,5,2022-08-05T22:35:13Z,1000,7.98048199940494,297.488,134,149.953125,0,26
running,2022,8,5,2022-08-05T22:43:45Z,1000,7.94031971580817,511.715,126,148.015625,0,27
running,2022,8,5,2022-08-05T22:48:37Z,1000,7.82678727750219,291.801,132,150.453125,0,26
running,2022,8,5,2022-08-05T22:53:07Z,720.06,9.81068032187271,263.381,148,152.046875,38,0
cycling,2022,8,6,2022-08-06T15:02:53Z,5000,13.4448120300752,2506.643,135,513.984375,268,183
cycling,2022,8,6,2022-08-06T15:46:33Z,5000,14.0578616352201,2619.97,127,513.984375,247,236
cycling,2022,8,6,2022-08-06T15:56:40Z,1797.29,9.03415291343887,605.343,108,513.984375,0,125
running,2022,8,6,2022-08-06T20:06:30Z,1000,9.88297715549005,368.424,113,149.0625,2,46
running,2022,8,6,2022-08-06T20:12:18Z,1000,9.34904147786685,348.503,141,152.078125,50,0
running,2022,8,6,2022-08-06T20:18:02Z,1000,9.23636363636364,344.298,138,151.265625,30,11
running,2022,8,6,2022-08-06T20:23:28Z,1000,8.73125,325.483,142,151.9375,48,0
running,2022,8,6,2022-08-06T20:28:34Z,1000,8.21764705882353,306.356,137,150.625,11,6
running,2022,8,6,2022-08-06T20:33:36Z,1000,8.10589301903898,302.167,122,149.90625,0,47
running,2022,8,6,2022-08-06T20:38:47Z,1000,8.32735175411363,310.456,128,150.546875,12,27
running,2022,8,6,2022-08-06T20:43:41Z,1000,7.89126213592233,294.194,122,150.046875,0,50
running,2022,8,6,2022-08-06T20:49:08Z,1000,8.77122302158273,327.002,140,152.3125,38,9
running,2022,8,6,2022-08-06T20:51:56Z,499.3,8.89336870026525,165.555,148,137.734375,12,6
cycling,2022,8,7,2022-08-07T16:55:50Z,5000,11.9157707685473,2220.794,124,513.984375,226,4
cycling,2022,8,7,2022-08-07T17:12:49Z,2932.27,9.30364203954214,1016.93,99,513.984375,2,210
cycling,2022,8,7,2022-08-07T17:49:02Z,5000,9.12947583390061,1701.968,126,513.984375,152,119
cycling,2022,8,7,2022-08-07T18:07:02Z,5000,5.79442644199611,1080.174,120,513.984375,18,267
cycling,2022,8,7,2022-08-07T18:21:33Z,5000,4.66801253045597,870.129,114,513.984375,5,125
cycling,2022,8,7,2022-08-07T18:32:27Z,1407.65,12.4350486787204,652.666,112,513.984375,0,45
cycling,2022,8,9,2022-08-09T23:33:05Z,5000,11.1157894736842,2072.188,150,513.984375,329,31
cycling,2022,8,10,2022-08-10T00:07:58Z,5000,11.2227615062762,2092.313,154,513.984375,154,196
cycling,2022,8,10,2022-08-10T00:36:50Z,5000,9.29397089397089,1732.478,142,513.984375,104,360
cycling,2022,8,10,2022-08-10T00:42:17Z,1149.12,7.56412859560068,324.084,116,513.984375,18,26
running,2022,8,10,2022-08-10T23:31:58Z,1000,8.28619091751622,308.901,130,151.40625,7,2
running,2022,8,10,2022-08-10T23:37:11Z,1000,8.40300751879699,313.308,135,149.71875,7,12
running,2022,8,10,2022-08-10T23:42:29Z,1000,8.53129770992366,318.073,139,150.125,21,7
running,2022,8,10,2022-08-10T23:47:45Z,1000,8.46399495108867,315.595,133,150.53125,18,23
running,2022,8,10,2022-08-10T23:53:09Z,1000,8.68319844609906,323.775,130,150.859375,19,37
running,2022,8,10,2022-08-10T23:58:12Z,1000,8.14033383915023,303.451,140,151.8125,20,9
running,2022,8,10,2022-08-10T23:58:46Z,104.11,7.87273260933372,30.556,132,151.09375,0,0
running,2022,8,11,2022-08-11T17:47:37Z,1000,8.5639846743295,319.281,131,149.59375,7,4
running,2022,8,11,2022-08-11T17:52:57Z,1000,8.583168,319.98,129,150.96875,9,14
running,2022,8,11,2022-08-11T17:58:25Z,1000,8.82315789473684,328.929,136,151.21875,24,7
running,2022,8,11,2022-08-11T18:03:54Z,1000,8.8028880866426,328.14,133,151.375,18,25
running,2022,8,11,2022-08-11T18:09:29Z,1000,9.00685023505709,335.85,128,151.84375,17,38
running,2022,8,11,2022-08-11T18:14:36Z,1000,8.22773006134969,306.793,144,151.828125,22,7
running,2022,8,11,2022-08-11T18:15:15Z,119.29,7.90754716981132,35.168,134,150.40625,0,2
cycling,2022,8,12,2022-08-12T19:36:38Z,5000,12.4813401582131,2326.576,131,513.984375,233,12
cycling,2022,8,12,2022-08-12T20:02:16Z,5000,8.25304615384615,1538.367,132,513.984375,118,191
cycling,2022,8,12,2022-08-12T20:28:37Z,2183.7,19.3943600867679,1579.33,134,513.984375,170,5
cycling,2022,8,13,2022-08-13T01:52:27Z,4706.05,9.60343716433942,1684.843,136,513.984375,116,301
cycling,2022,8,13,2022-08-13T15:46:39Z,5000,14.6490442381212,2731.127,133,513.984375,280,41
cycling,2022,8,13,2022-08-13T16:28:19Z,5000,13.4044977511244,2499.263,128,513.984375,229,208
cycling,2022,8,13,2022-08-13T16:57:28Z,4917.79,9.39488616462347,1722.349,123,513.984375,43,305
cycling,2022,8,13,2022-08-13T19:02:49Z,5000,10.7203836930456,1998.096,116,513.984375,168,19
cycling,2022,8,13,2022-08-13T19:56:21Z,5000,17.2269749518304,3211.438,109,513.984375,176,220
cycling,2022,8,13,2022-08-13T21:05:13Z,5000,22.1672727272727,4131.989,109,513.984375,236,132
cycling,2022,8,13,2022-08-13T21:56:18Z,5000,16.4453709380748,3065.824,108,513.984375,76,198
cycling,2022,8,14,2022-08-14T00:14:08Z,4057.82,15.4685121107266,2340.066,118,513.984375,156,60
running,2022,8,14,2022-08-14T22:24:40Z,1000,8.61625441696113,321.268,131,149.5,7,2
running,2022,8,14,2022-08-14T22:30:25Z,1000,9.25229389444636,344.978,130,148.375,26,35
running,2022,8,14,2022-08-14T22:35:51Z,1000,8.75690499510284,326.432,134,149.75,17,17
running,2022,8,14,2022-08-14T22:41:09Z,1000,8.52587412587413,317.844,136,149.484375,17,10
running,2022,8,14,2022-08-14T22:46:24Z,1000,8.45066162570888,315.099,132,149.078125,14,12
running,2022,8,14,2022-08-14T22:51:46Z,1000,8.63845410628019,322.065,140,149.640625,26,13
running,2022,8,14,2022-08-14T22:56:50Z,1000,8.13539581437671,303.334,134,149.28125,7,32
running,2022,8,14,2022-08-14T23:02:11Z,1000,8.61348747591522,321.129,138,149.09375,10,2
running,2022,8,14,2022-08-14T23:07:07Z,1000,7.93562130177515,295.884,142,150.09375,9,2
running,2022,8,14,2022-08-14T23:11:59Z,1000,7.82907180385289,291.92,134,150.03125,5,32
running,2022,8,14,2022-08-14T23:16:57Z,1000,8.01625821876868,298.893,140,149.96875,0,2
running,2022,8,14,2022-08-14T23:22:10Z,1000,8.31702325581395,312.296,143,148.65625,2,0
running,2022,8,14,2022-08-14T23:27:14Z,1000,8.16014602981442,304.211,143,149.828125,11,11
running,2022,8,14,2022-08-14T23:32:42Z,1000,8.79422950819672,327.826,149,150.53125,23,2
running,2022,8,14,2022-08-14T23:37:35Z,1000,7.87273260933372,293.474,152,149.84375,7,3
running,2022,8,14,2022-08-14T23:42:39Z,1000,8.13292904790782,303.235,150,149.890625,5,9
running,2022,8,14,2022-08-14T23:43:31Z,161.81,8.22520699172033,49.617,151,149.546875,0,0
running,2022,8,16,2022-08-16T00:52:32Z,1000,8.36370439663237,311.804,135,150.609375,4,2
running,2022,8,16,2022-08-16T00:57:55Z,1000,8.66916612798966,323.244,134,150.453125,18,41
running,2022,8,16,2022-08-16T01:03:11Z,1000,8.49078822412156,316.582,147,150.421875,20,4
running,2022,8,16,2022-08-16T01:08:45Z,1000,8.96171065820247,334.109,128,150.40625,0,57
running,2022,8,16,2022-08-16T01:14:59Z,1000,10.0195741501681,373.554,139,151.46875,37,44
running,2022,8,16,2022-08-16T01:21:11Z,1000,9.97115241635688,371.728,162,151.5,63,0
running,2022,8,16,2022-08-16T01:26:11Z,1000,8.04269865067466,299.833,144,149.984375,5,13
running,2022,8,16,2022-08-16T01:31:41Z,1000,8.84935664797097,329.977,141,151.046875,26,25
running,2022,8,16,2022-08-16T01:36:40Z,1000,8.04269865067466,299.832,153,151.421875,18,7
running,2022,8,16,2022-08-16T01:37:07Z,83.37,7.83822326125073,24.361,142,150.203125,0,0
running,2022,8,21,2022-08-21T23:32:55Z,1000,9.1481582537517,341.013,123,148.03125,9,6
running,2022,8,21,2022-08-21T23:38:50Z,1000,9.51823988644429,354.922,119,148.203125,4,14
running,2022,8,21,2022-08-21T23:45:00Z,1000,9.91952662721893,369.762,121,146.890625,11,11
running,2022,8,21,2022-08-21T23:51:29Z,1000,10.4489287105571,389.572,124,148.421875,15,4
running,2022,8,21,2022-08-21T23:57:13Z,911.6,10.0233183856502,340.597,121,142.25,2,7
running,2022,8,23,2022-08-23T03:04:41Z,1000,8.77983633387889,327.295,114,147.8125,9,4
running,2022,8,23,2022-08-23T03:10:04Z,1000,8.67758007117438,323.478,122,149.78125,7,16
running,2022,8,23,2022-08-23T03:15:35Z,1000,8.86984126984127,330.72,129,149.546875,12,0
running,2022,8,23,2022-08-23T03:20:59Z,1000,8.70574488802337,324.586,122,148.796875,0,9
running,2022,8,23,2022-08-23T03:26:19Z,1000,8.58042226487524,319.919,129,150.09375,14,4
running,2022,8,23,2022-08-23T03:31:30Z,1000,8.32993788819876,310.538,129,149.890625,0,9
running,2022,8,23,2022-08-23T03:32:20Z,146.24,8.3741492350921,45.659,128,152.375,0,0
running,2022,8,25,2022-08-25T02:24:15Z,1000,8.42147566718995,313.975,126,149.3125,9,5
running,2022,8,25,2022-08-25T02:29:30Z,1000,8.45598991172762,315.225,132,150.4375,29,35
running,2022,8,25,2022-08-25T02:34:41Z,1000,8.34548848786559,311.152,143,149.015625,20,18
running,2022,8,25,2022-08-25T02:39:54Z,1000,8.382,312.464,143,148.625,11,9
running,2022,8,25,2022-08-25T02:44:55Z,1000,8.08878166465621,301.523,138,148.53125,10,12
running,2022,8,25,2022-08-25T02:49:57Z,1000,8.07660343270099,301.136,145,148.328125,5,11
running,2022,8,25,2022-08-25T02:52:52Z,537.04,8.63567289117836,172.913,139,140.5625,4,2
running,2022,8,26,2022-08-26T03:12:51Z,1000,7.88662158188768,294.068,127,147.59375,7,8
running,2022,8,26,2022-08-26T03:15:04Z,419.59,8.47201516108654,132.528,131,143,0,2
running,2022,8,26,2022-08-26T03:16:21Z,431.64,4.7914255091104,77.101,139,173.78125,0,0
running,2022,8,26,2022-08-26T03:17:31Z,204.01,9.20150943396226,69.981,146,148.21875,0,0
running,2022,8,26,2022-08-26T03:18:48Z,412.48,4.98650306748466,76.679,153,169.96875,0,0
running,2022,8,26,2022-08-26T03:19:58Z,209.24,9.03415291343887,70.484,151,147.578125,0,0
running,2022,8,26,2022-08-26T03:21:18Z,417.74,5.13543940264216,79.988,150,167.453125,0,0
running,2022,8,26,2022-08-26T03:22:29Z,204.42,9.35556330659226,71.306,155,147.609375,0,0
running,2022,8,26,2022-08-26T03:23:48Z,412.16,5.11000190512479,78.521,156,168,0,2
running,2022,8,26,2022-08-26T03:25:04Z,207.83,9.7963476990504,75.907,164,148.59375,0,0
running,2022,8,26,2022-08-26T03:26:25Z,396.92,5.50541871921182,81.474,167,164.625,2,0
running,2022,8,26,2022-08-26T03:27:38Z,204.78,9.51486342674707,72.654,172,148.28125,0,0
running,2022,8,26,2022-08-26T03:28:58Z,398.65,5.38170144462279,79.99,159,168.453125,0,0
running,2022,8,26,2022-08-26T03:30:15Z,206.27,9.86843267108168,75.893,169,148.359375,0,0
running,2022,8,26,2022-08-26T03:32:41Z,189.87,20.6009216589862,145.807,123,97.640625,0,2
running,2022,8,26,2022-08-26T03:35:24Z,820.5,5.33036565977742,163.069,178,166.09375,2,0
running,2022,8,26,2022-08-26T03:42:53Z,1000,12.0495956873315,449.136,140,130.875,8,2
running,2022,8,26,2022-08-26T03:44:42Z,328.99,8.73125,107.099,153,147.734375,2,7
running,2022,9,11,2022-09-11T20:01:30Z,1609.34,9.33277661795407,691.516,125,143.953125,9,9
running,2022,9,11,2022-09-11T20:10:35Z,1609.34,9.09233898305085,545.541,137,149.4375,20,15
running,2022,9,11,2022-09-11T20:20:44Z,1609.34,9.35230125523013,609.127,131,145.890625,11,23
running,2022,9,11,2022-09-11T20:32:05Z,1609.34,9.70770901194354,681.217,136,150.78125,20,4
running,2022,9,11,2022-09-11T20:41:32Z,1609.34,9.44783374427615,566.836,132,148.25,10,16
running,2022,9,11,2022-09-11T20:52:35Z,1609.34,9.6,662.508,133,149.375,13,10
running,2022,9,11,2022-09-11T21:02:31Z,1609.34,9.42128556375132,596.656,135,147.8125,9,9
running,2022,9,11,2022-09-11T21:12:02Z,1609.34,9.50138150903294,570.141,134,150.109375,11,13
running,2022,9,11,2022-09-11T21:21:14Z,1609.34,9.21098901098901,552.565,135,147.765625,4,6
running,2022,9,11,2022-09-11T21:25:50Z,849.18,8.66356589147287,274.3,138,147.890625,4,7
running,2022,9,13,2022-09-13T06:51:36Z,1609.34,9.23636363636364,554.181,125,148.5625,2,2
running,2022,9,13,2022-09-13T06:51:42Z,4.03,5.75341055341055,0.865,138,147,0,0
running,2022,9,13,2022-09-13T23:02:06Z,1609.34,8.42147566718995,505.327,134,145.15625,9,43
running,2022,9,13,2022-09-13T23:10:41Z,1609.34,8.57767828589703,514.639,144,145.859375,30,28
running,2022,9,13,2022-09-13T23:23:06Z,1609.34,8.35328558081594,745.191,136,148.171875,0,4
running,2022,9,13,2022-09-13T23:32:21Z,1609.34,9.24910344827586,554.931,147,149.625,35,9
running,2022,9,13,2022-09-13T23:45:15Z,1609.34,9.63102333931777,774.279,132,143.015625,11,13
running,2022,9,13,2022-09-13T23:55:21Z,1609.34,9.05550303848751,605.822,133,144.34375,6,12
running,2022,9,14,2022-09-14T00:05:29Z,1609.34,9.43122362869198,608.505,137,151.328125,20,16
running,2022,9,14,2022-09-14T00:15:41Z,1609.34,9.34904147786685,611.327,137,142.5625,18,6
running,2022,9,14,2022-09-14T00:18:22Z,497.43,8.42676720075401,156.258,146,145.203125,2,7
running,2022,9,14,2022-09-14T23:27:14Z,1609.34,8.3221843003413,499.377,135,149.40625,24,34
running,2022,9,14,2022-09-14T23:35:22Z,1609.34,8.12307692307692,487.444,147,149.84375,22,18
running,2022,9,14,2022-09-14T23:42:50Z,1149.86,9.49801699716714,448.069,130,149.8125,0,101
running,2022,9,14,2022-09-14T23:51:31Z,1609.34,8.6860103626943,521.104,139,148.921875,106,0
running,2022,9,14,2022-09-14T23:59:57Z,1609.34,8.43737024221453,506.164,150,148.1875,19,38
running,2022,9,15,2022-09-15T00:00:03Z,18.75,9.23000688231246,6.454,149,149,0,2
running,2022,9,15,2022-09-15T00:05:31Z,1232.82,7.0827567995775,325.502,173,156.828125,35,11
running,2022,9,16,2022-09-16T00:14:42Z,1609.34,8.26321626617375,495.734,128,149.65625,9,17
running,2022,9,16,2022-09-16T00:21:47Z,1609.34,7.08649933949802,425.233,144,152.203125,21,17
running,2022,9,16,2022-09-16T00:30:09Z,1609.34,8.36370439663237,501.808,139,150.578125,26,47
running,2022,9,16,2022-09-16T00:36:34Z,1224.32,8.22016549187864,375.156,150,151.578125,34,9
running,2022,9,16,2022-09-16T18:58:53Z,1609.34,9.20150943396226,572.111,128,144.375,12,9
running,2022,9,16,2022-09-16T19:08:16Z,1609.34,9.14192229038855,562.143,131,150.453125,15,12
running,2022,9,16,2022-09-16T19:17:23Z,1609.34,9.12326530612245,547.461,133,150.4375,15,7
running,2022,9,16,2022-09-16T19:29:56Z,1609.34,9.45449418399718,752.314,127,141.71875,11,16
running,2022,9,16,2022-09-16T19:41:16Z,1609.34,9.45116279069767,680.59,119,140,0,13
running,2022,9,16,2022-09-16T19:50:31Z,1609.34,9.24272915230875,554.614,129,148.703125,22,7
running,2022,9,16,2022-09-16T19:51:08Z,109.5,7.6373576309795,31.174,129,150.609375,0,5
cycling,2022,9,18,2022-09-18T16:21:07Z,7023.45,11.3366018596788,2968.941,141,513.984375,250,298
running,2022,9,20,2022-09-20T00:41:08Z,1609.34,9.24910344827586,554.907,131,137,16,13
running,2022,9,20,2022-09-20T00:50:03Z,1609.34,8.90222369731165,534.22,131,151.203125,13,14
running,2022,9,20,2022-09-20T00:59:34Z,1609.34,9.51823988644429,571.087,129,144.609375,13,9
running,2022,9,20,2022-09-20T01:04:22Z,814.69,9.42128556375132,286.144,126,147.421875,5,9
running,2022,9,20,2022-09-20T23:11:04Z,1609.34,7.99237187127533,479.507,132,148.78125,7,29
running,2022,9,20,2022-09-20T23:20:03Z,1609.34,8.98572864321608,539.097,144,138,27,26
running,2022,9,20,2022-09-20T23:32:36Z,1609.34,9.51823988644429,752.827,131,137.09375,0,2
running,2022,9,20,2022-09-20T23:43:46Z,1609.34,10.2571319311663,670.068,138,148.9375,30,10
running,2022,9,20,2022-09-20T23:56:23Z,1609.34,10.171558589306,756.821,133,138.28125,11,3
running,2022,9,21,2022-09-21T00:05:16Z,1609.34,8.88453130175555,533.094,138,151.109375,10,12
running,2022,9,21,2022-09-21T00:14:40Z,1609.34,9.07081501521813,564.631,143,151.671875,17,18
running,2022,9,21,2022-09-21T00:24:01Z,1609.34,9.33602506091194,560.253,137,147.109375,9,11
running,2022,9,21,2022-09-21T00:26:14Z,22.85,9.34578397212544,7.964,130,153.75,0,0
running,2022,9,21,2022-09-21T23:19:57Z,1609.34,9.20782698249228,561.789,131,142.96875,14,13
running,2022,9,21,2022-09-21T23:29:59Z,1609.34,9.02807135644564,602.421,133,149.03125,13,10
running,2022,9,21,2022-09-21T23:39:09Z,1609.34,9.17005128205128,550.21,134,148.140625,11,6
running,2022,9,21,2022-09-21T23:48:11Z,1609.34,9.03111111111111,541.875,135,149.03125,9,9
running,2022,9,21,2022-09-21T23:58:02Z,1609.34,9.4080673447913,590.342,135,148.28125,13,15
running,2022,9,22,2022-09-22T00:07:34Z,1609.34,9.5317697228145,571.996,134,138.375,7,11
running,2022,9,23,2022-09-23T00:52:43Z,1609.34,7.74989887315805,553.2,133,147.484375,99,3
running,2022,9,23,2022-09-23T01:00:30Z,1609.34,7.78363319791062,466.963,146,149.1875,0,0
running,2022,9,23,2022-09-23T01:06:09Z,1609.34,5.63969722455845,338.408,174,163.09375,6,8
running,2022,9,23,2022-09-23T01:09:10Z,557.87,8.74263363754889,181.861,158,146.671875,3,0
running,2022,9,23,2022-09-23T01:14:45Z,1609.34,5.57290671099107,334.348,174,162.90625,7,5
running,2022,9,23,2022-09-23T01:17:47Z,529.17,9.22683178534572,182.057,165,140.390625,2,6
running,2022,9,23,2022-09-23T01:23:23Z,1609.34,5.59499374217772,335.727,185,162.453125,7,10
running,2022,9,23,2022-09-23T01:32:34Z,1609.34,9.18890030832477,551.427,157,140.640625,5,2
running,2022,9,23,2022-09-23T01:40:31Z,1609.34,7.94973325429757,476.937,161,149.921875,2,4
running,2022,9,23,2022-09-23T01:42:05Z,292.68,8.44002517306482,92.098,159,150.71875,0,0
running,2022,9,23,2022-09-23T14:24:24Z,1609.34,8.84935664797097,530.991,134,150.046875,9,5
running,2022,9,23,2022-09-23T14:33:21Z,1609.34,8.63011583011583,537.016,143,149.484375,2,5
running,2022,9,23,2022-09-23T14:42:19Z,1609.34,8.71139980513154,537.416,147,150.0625,7,7
running,2022,9,23,2022-09-23T14:52:44Z,1609.34,8.57219558964525,625.394,144,148.8125,0,0
running,2022,9,23,2022-09-23T15:01:05Z,1609.34,8.1378640776699,500.71,145,148.546875,0,0
running,2022,9,23,2022-09-23T15:09:05Z,1609.34,7.94502369668247,480.158,154,151.203125,0,0
running,2022,9,23,2022-09-23T15:17:30Z,1609.34,8.01146953405018,505.307,145,149.34375,0,0
running,2022,9,23,2022-09-23T15:25:17Z,1609.34,7.77911832946636,466.75,151,152.171875,0,0
running,2022,9,23,2022-09-23T15:32:18Z,1454.79,7.71645569620253,418.556,159,152.671875,2,7
cycling,2022,9,24,2022-09-24T23:18:04Z,8046.72,11.6975141735717,3509.327,132,513.984375,231,200
cycling,2022,9,24,2022-09-24T23:47:32Z,4312.14,10.9837837837838,1765.789,116,513.984375,23,31
running,2022,9,25,2022-09-25T23:44:27Z,1609.34,8.48810126582279,509.302,130,150.375,10,16
running,2022,9,25,2022-09-25T23:53:36Z,1609.34,8.53944603629417,547.792,132,149.84375,21,7
running,2022,9,26,2022-09-26T00:02:24Z,1609.34,8.7913470993117,527.454,130,148,22,31
running,2022,9,26,2022-09-26T00:10:52Z,1609.34,8.47469194312796,508.416,130,149.015625,9,14
running,2022,9,26,2022-09-26T00:19:47Z,1609.34,8.91702127659574,535.003,137,150.21875,36,15
running,2022,9,26,2022-09-26T00:28:04Z,1609.34,8.28363187152563,496.969,136,149.671875,13,15
running,2022,9,26,2022-09-26T00:36:33Z,1609.34,8.48810126582279,509.235,131,150.375,41,41
running,2022,9,26,2022-09-26T00:40:10Z,728.76,7.85659050966608,213.44,137,149.59375,0,7
running,2022,9,27,2022-09-27T00:44:13Z,1609.34,8.10834340991536,486.43,135,149.84375,11,16
running,2022,9,27,2022-09-27T00:52:10Z,1609.34,7.94502369668247,476.731,139,150.765625,17,23
running,2022,9,27,2022-09-27T01:01:03Z,1609.34,8.2226854690374,533.538,136,149.53125,17,14
running,2022,9,27,2022-09-27T01:08:35Z,1609.34,7.52592592592593,451.575,144,151.84375,18,4
running,2022,9,27,2022-09-27T01:08:52Z,22.09,8.39249061326658,6.911,148,150.578125,0,0
running,2022,9,29,2022-09-29T00:08:00Z,1609.34,9.13258426966292,547.89,138,146.9375,10,16
running,2022,9,29,2022-09-29T00:18:11Z,1609.34,9.96374442793462,610.576,137,147.671875,23,12
running,2022,9,29,2022-09-29T00:27:45Z,1609.34,9.3004160887656,574.616,128,148.484375,9,9
running,2022,9,29,2022-09-29T00:37:08Z,1609.34,9.3850244926522,563.003,135,150.09375,20,16
running,2022,9,29,2022-09-29T00:46:35Z,1609.34,9.17946611909651,566.857,134,151.375,11,14
running,2022,9,29,2022-09-29T00:56:24Z,1609.34,8.93484343770819,589.467,132,150.984375,2,15
running,2022,9,29,2022-09-29T01:06:01Z,1609.34,9.60687679083095,576.398,135,145.53125,20,9
running,2022,9,29,2022-09-29T01:06:16Z,38.88,8.14280510018215,11.802,135,150.921875,0,2
running,2022,9,30,2022-09-30T00:34:37Z,1609.34,7.72534562211982,533.567,121,147.984375,98,2
running,2022,9,30,2022-09-30T00:42:19Z,1609.34,7.69652797704448,461.847,139,150.046875,2,2
running,2022,9,30,2022-09-30T00:48:15Z,1609.34,5.93810050918751,356.262,165,159.625,9,2
running,2022,9,30,2022-09-30T00:54:11Z,1609.34,5.93810050918751,356.27,179,158.671875,0,8
running,2022,9,30,2022-09-30T01:00:08Z,1609.34,5.94599866991798,356.794,187,158.828125,0,0
running,2022,9,30,2022-09-30T01:06:12Z,1609.34,6.0629294755877,363.812,190,157.234375,0,0
running,2022,9,30,2022-09-30T01:08:51Z,226.72,18.7700489853044,158.707,145,105.53125,0,0
running,2022,9,30,2022-09-30T01:17:02Z,1609.34,8.19505041246563,491.726,162,149.78125,7,5
running,2022,9,30,2022-09-30T01:25:12Z,1609.34,8.16760048721072,490.035,160,150.90625,0,2
running,2022,9,30,2022-09-30T01:33:13Z,1609.34,8.00429722470904,480.228,160,150.5,4,2
running,2022,9,30,2022-09-30T01:40:12Z,1269.83,7.87504403992954,417.035,158,148.125,2,0
running,2022,9,30,2022-09-30T14:23:06Z,1609.34,9.08617886178862,545.142,130,149.515625,4,100
running,2022,9,30,2022-09-30T14:31:57Z,1609.34,8.84060646011866,530.491,132,149.546875,0,0
running,2022,9,30,2022-09-30T14:40:40Z,1609.34,8.71706207344816,522.994,132,150.5,0,0
running,2022,9,30,2022-09-30T14:48:53Z,1609.34,8.21261481935089,492.779,134,151.734375,2,2
running,2022,9,30,2022-09-30T14:49:10Z,43.56,9.11086956521739,14.796,135,152.140625,0,0
running,2022,10,1,2022-10-01T21:22:31Z,1609.34,8.24290104486786,494.541,135,150.375,9,17
running,2022,10,1,2022-10-01T21:30:48Z,1609.34,7.63301081388731,496.625,144,148.90625,23,18
running,2022,10,1,2022-10-01T21:38:37Z,1609.34,7.81310806874454,468.811,142,150.484375,12,20
running,2022,10,1,2022-10-01T21:46:48Z,1609.34,8.19254734270006,491.525,146,151.0625,31,7
running,2022,10,1,2022-10-01T21:55:21Z,1609.34,8.09122171945701,511.979,145,149.1875,24,23
running,2022,10,1,2022-10-01T22:03:12Z,1609.34,7.74542304360381,470.266,141,150.421875,6,22
running,2022,10,1,2022-10-01T22:11:49Z,1609.34,7.93327417923691,517.513,146,149.453125,19,11
running,2022,10,1,2022-10-01T22:19:35Z,1609.34,7.6373576309795,465.713,146,151.1875,4,20
running,2022,10,1,2022-10-01T22:28:42Z,1609.34,7.94031971580817,547.225,152,149.921875,17,2
running,2022,10,1,2022-10-01T22:36:29Z,1609.34,7.78137510879025,466.939,151,150.546875,25,22
running,2022,10,1,2022-10-01T22:44:15Z,1609.34,7.77010428736964,466.16,154,150.703125,11,12
running,2022,10,1,2022-10-01T22:52:08Z,1609.34,7.87967097532315,472.77,154,150.453125,14,17
running,2022,10,1,2022-10-01T22:52:20Z,23.66,8.23278084714549,7.263,157,149,0,0
running,2022,10,3,2022-10-03T00:03:24Z,1609.34,8.72273170731707,523.432,128,150.328125,11,16
running,2022,10,3,2022-10-03T00:11:51Z,1609.34,8.45332492908919,507.262,137,150.59375,20,15
running,2022,10,3,2022-10-03T00:20:38Z,1609.34,8.78558794628235,527.076,133,150.484375,17,25
running,2022,10,3,2022-10-03T00:28:42Z,1609.34,8.06203787195672,483.67,139,151.625,17,6
running,2022,10,3,2022-10-03T00:29:47Z,205.67,7.7364868762619,59.324,136,150.984375,0,0
running,2022,10,4,2022-10-04T00:26:59Z,1609.34,9.66572972972973,611.198,130,148.5625,13,11
running,2022,10,4,2022-10-04T00:37:01Z,1609.34,9.83586358635864,601.461,130,151.34375,13,10
running,2022,10,4,2022-10-04T00:54:59Z,1609.34,10.2728456530065,1078.364,119,138.609375,11,11
running,2022,10,4,2022-10-04T01:05:16Z,1609.34,9.98228507629326,616.454,134,140.125,9,14
running,2022,10,4,2022-10-04T01:14:40Z,1609.34,9.41467181467181,564.791,133,153.484375,13,14
running,2022,10,4,2022-10-04T01:24:55Z,1609.34,9.96374442793462,615.089,131,138.609375,11,9
running,2022,10,4,2022-10-04T01:25:10Z,4.86,16.256,2.942,130,127,0,0
running,2022,10,4,2022-10-04T22:45:14Z,1609.34,9.12326530612245,547.485,132,143.46875,11,18
running,2022,10,4,2022-10-04T22:54:52Z,1609.34,9.09233898305085,577.375,138,145.09375,22,22
running,2022,10,4,2022-10-04T23:05:02Z,1609.34,8.88158940397351,610.365,129,146.734375,12,4
running,2022,10,4,2022-10-04T23:13:17Z,1609.34,8.25304615384615,495.19,140,148.984375,4,27
running,2022,10,4,2022-10-04T23:30:34Z,1609.34,9.47787985865724,1036.747,136,139.3125,17,4
running,2022,10,4,2022-10-04T23:42:31Z,1609.34,10.1792789373814,717.557,136,138.34375,12,4
running,2022,10,4,2022-10-04T23:51:39Z,1609.34,8.78271119842829,547.484,142,148.875,12,19
running,2022,10,5,2022-10-05T00:01:26Z,1609.34,9.68317689530686,586.838,140,146.90625,14,7
running,2022,10,5,2022-10-05T00:08:26Z,1023.15,9.18890030832477,418.43,127,147.3125,6,11
running,2022,10,6,2022-10-06T00:25:12Z,1609.34,8.28875154511743,497.25,144,150.109375,29,0
running,2022,10,6,2022-10-06T00:27:25Z,478.92,7.45066666666667,133.04,159,151.03125,0,0
running,2022,10,6,2022-10-06T00:28:26Z,331.99,4.95884636716584,61.375,160,171.875,0,0
running,2022,10,6,2022-10-06T00:29:27Z,200.17,8.12307692307692,60.625,161,149.203125,0,0
running,2022,10,6,2022-10-06T00:31:28Z,585.4,5.5648132780083,121.447,162,165.046875,0,0
running,2022,10,6,2022-10-06T00:32:30Z,191.44,8.57493606138107,61.196,170,147.9375,0,0
running,2022,10,6,2022-10-06T00:35:30Z,822.04,5.89632886348648,180.725,162,162,0,0
running,2022,10,6,2022-10-06T00:36:32Z,185.63,8.86397884996695,61.351,171,147.296875,0,0
running,2022,10,6,2022-10-06T00:40:32Z,1082.83,5.96318363717208,240.727,176,160.359375,2,0
running,2022,10,6,2022-10-06T00:41:33Z,165.36,9.87206477732793,60.872,177,148.328125,0,0
running,2022,10,6,2022-10-06T00:46:34Z,1369.18,5.88597761685319,300.436,179,158.90625,0,0
running,2022,10,6,2022-10-06T00:47:35Z,165.28,9.89391368498709,60.959,181,147.734375,0,0
running,2022,10,6,2022-10-06T00:51:35Z,1112.18,5.80822867042009,240.855,172,157.953125,0,0
running,2022,10,6,2022-10-06T00:52:37Z,166.88,9.81427003293084,61.068,182,149.578125,0,0
running,2022,10,6,2022-10-06T00:55:38Z,815.75,5.97114870881567,181.602,160,157.109375,0,2
running,2022,10,6,2022-10-06T00:56:39Z,175.93,9.31980542043085,61.133,175,149.578125,0,0
running,2022,10,6,2022-10-06T00:58:40Z,534.68,6.05745257452575,120.743,179,161.46875,0,2
running,2022,10,6,2022-10-06T00:59:41Z,143.97,11.298399326032,60.633,178,138.734375,0,0
running,2022,10,6,2022-10-06T01:00:41Z,300.14,5.40447310094701,60.471,175,167.515625,0,0
running,2022,10,6,2022-10-06T01:01:45Z,81.06,20.32,64.151,172,95.46875,0,0
running,2022,10,6,2022-10-06T01:09:02Z,1376.69,8.41619077502353,431.946,168,148.171875,0,2
running,2022,10,6,2022-10-06T14:43:32Z,1609.34,8.73125,523.887,135,150,4,3
running,2022,10,6,2022-10-06T14:52:08Z,1609.34,8.59416853572573,515.605,134,150.484375,0,2
running,2022,10,6,2022-10-06T15:00:30Z,1609.34,8.36631316281971,501.963,130,151.96875,2,0
running,2022,10,6,2022-10-06T15:08:48Z,1609.34,8.30157845868152,498.105,135,151.953125,2,4
running,2022,10,6,2022-10-06T15:08:51Z,2.12,18.2093686354379,1.442,135,125,0,0
running,2022,10,9,2022-10-09T14:45:48Z,1609.34,8.76549019607843,525.912,130,149.671875,13,17
running,2022,10,9,2022-10-09T14:55:02Z,1609.34,9.22048814025438,553.284,140,150.859375,43,21
running,2022,10,9,2022-10-09T15:03:50Z,1609.34,8.8028880866426,528.224,128,151.390625,14,33
running,2022,10,9,2022-10-09T15:12:27Z,1609.34,8.61625441696113,516.954,128,151.890625,9,22
running,2022,10,9,2022-10-09T15:20:42Z,1609.34,8.25050753614273,495.017,130,151.703125,2,11
running,2022,10,9,2022-10-09T15:31:04Z,1609.34,8.75404699738903,622.508,134,152.578125,29,7
running,2022,10,9,2022-10-09T15:39:32Z,1609.34,8.45865657521287,507.536,146,152.515625,11,9
running,2022,10,9,2022-10-09T15:47:47Z,1609.34,8.25050753614273,495.021,144,152.6875,4,14
running,2022,10,9,2022-10-09T15:56:06Z,1609.34,8.32735175411363,499.68,144,153.609375,27,16
running,2022,10,9,2022-10-09T16:01:44Z,1103.42,8.03787833383278,330.646,149,152.859375,2,9
running,2022,10,10,2022-10-10T22:28:45Z,1609.34,10.3882261812548,743.736,116,138.8125,0,5
running,2022,10,10,2022-10-10T22:43:21Z,1609.34,12.1368325791855,875.46,122,130.28125,2,2
running,2022,10,12,2022-10-12T22:17:30Z,1609.34,8.59141575912876,559.68,136,144.578125,11,20
running,2022,10,12,2022-10-12T22:26:03Z,1609.34,8.55578947368421,513.285,150,151.265625,22,9
running,2022,10,12,2022-10-12T22:37:28Z,1609.34,9.83586358635864,685.183,144,149.25,44,21
running,2022,10,12,2022-10-12T22:46:53Z,1609.34,8.79422950819672,565.102,138,148.796875,7,25
running,2022,10,12,2022-10-12T22:59:05Z,1609.34,9.05550303848751,731.576,148,147.765625,11,7
running,2022,10,12,2022-10-12T23:07:54Z,1609.34,8.82606120434353,529.501,156,148.875,0,14
running,2022,10,12,2022-10-12T23:17:26Z,1609.34,9.525,571.442,140,147.453125,18,6
running,2022,10,12,2022-10-12T23:21:08Z,644.89,9.12636951343995,219.405,134,148.375,2,5
running,2022,10,14,2022-10-14T00:50:26Z,1609.34,7.84739613809245,478.729,131,150.125,48,0
running,2022,10,14,2022-10-14T00:56:05Z,1609.34,5.64682105263158,338.826,173,162.125,2,2
running,2022,10,14,2022-10-14T01:01:53Z,1609.34,5.8107452339688,348.616,182,160.953125,2,0
running,2022,10,14,2022-10-14T01:04:07Z,188.4,19.0906761565836,134.054,139,100.96875,0,0
running,2022,10,14,2022-10-14T01:14:29Z,1609.34,9.20782698249228,621.889,144,144.1875,2,0
running,2022,10,14,2022-10-14T01:22:44Z,1609.34,8.2479704797048,494.923,143,151.4375,0,2
running,2022,10,14,2022-10-14T01:30:27Z,1609.34,7.71645569620253,462.957,155,151.96875,0,2
running,2022,10,14,2022-10-14T01:37:50Z,1609.34,7.38705590746351,443.238,157,151.625,0,2
running,2022,10,14,2022-10-14T01:45:36Z,1609.34,7.75662232504338,465.418,157,151.46875,0,2
running,2022,10,14,2022-10-14T01:45:45Z,1.91,29.2183006535948,2.084,154,98,0,0
running,2022,10,14,2022-10-14T14:40:45Z,1609.34,8.59141575912876,526.056,133,150.578125,5,2
running,2022,10,14,2022-10-14T14:49:16Z,1609.34,8.5069457659372,510.42,132,151.90625,3,5
running,2022,10,14,2022-10-14T14:57:30Z,1609.34,8.2479704797048,494.861,137,152.640625,9,3
running,2022,10,14,2022-10-14T15:05:52Z,1609.34,8.35849174197569,501.563,133,152.828125,0,7
running,2022,10,14,2022-10-14T15:13:07Z,1609.34,7.25517987557479,435.313,154,154.265625,0,0
running,2022,10,14,2022-10-14T15:21:31Z,1609.34,7.88198648251543,503.695,148,151.125,0,0
running,2022,10,14,2022-10-14T15:30:36Z,1609.34,7.89126213592233,544.55,144,150.65625,10,0
running,2022,10,14,2022-10-14T15:36:51Z,1357.62,7.37284222100055,373.139,146,154.375,0,9
running,2022,10,15,2022-10-15T21:07:15Z,1609.34,8.24543498309253,528.341,124,151.625,53,99
running,2022,10,15,2022-10-15T21:07:52Z,119.61,8.39774577332498,37.453,127,151.71875,0,8
running,2022,10,15,2022-10-15T21:14:10Z,1396.97,7.25714285714286,377.921,147,161.421875,104,0
running,2022,10,15,2022-10-15T21:23:12Z,1609.34,8.97070234113712,542.028,137,144.96875,4,100
running,2022,10,15,2022-10-15T21:29:10Z,499.89,19.2,357.839,142,86.75,31,39
running,2022,10,15,2022-10-15T21:37:36Z,1609.34,8.42676720075401,505.661,177,156.234375,105,0
running,2022,10,15,2022-10-15T21:39:16Z,277.29,8.22520699172033,96.992,152,146.75,2,2
running,2022,10,18,2022-10-18T00:20:35Z,1609.34,8.33252562907735,500.026,128,150.015625,7,10
running,2022,10,18,2022-10-18T00:21:44Z,235.71,7.7656050955414,68.252,135,151.8125,0,0
running,2022,10,18,2022-10-18T00:24:24Z,835.74,5.13249138920781,159.92,145,169.34375,0,0
running,2022,10,18,2022-10-18T00:26:04Z,291.88,9.20782698249228,100.198,145,148.671875,0,2
running,2022,10,18,2022-10-18T00:28:45Z,806.42,5.34843469591226,160.804,145,167.203125,4,2
running,2022,10,18,2022-10-18T00:29:54Z,202.68,9.12947583390061,68.979,153,148.828125,0,2
running,2022,10,18,2022-10-18T00:32:34Z,791.06,5.44175289105295,160.506,149,167.484375,0,0
running,2022,10,18,2022-10-18T00:34:17Z,274.6,10.0722493428464,103.119,152,149.359375,0,0
running,2022,10,18,2022-10-18T00:36:59Z,819.81,5.28520197044335,161.554,150,165.9375,0,0
running,2022,10,18,2022-10-18T00:38:47Z,286.05,10.1025988700565,107.743,158,148.953125,0,0
running,2022,10,18,2022-10-18T00:43:59Z,1609.34,5.20116346713205,312.054,170,166.796875,2,3
running,2022,10,18,2022-10-18T00:44:07Z,42.92,5.26342229199372,8.423,190,171.71875,0,0
running,2022,10,18,2022-10-18T00:45:32Z,130.68,16.79549154665,85.247,155,108.96875,0,0
running,2022,10,18,2022-10-18T00:54:14Z,1609.34,8.688824101069,521.324,142,147.53125,9,4
running,2022,10,18,2022-10-18T00:55:13Z,106.47,13.6918836140888,56.754,132,127.34375,0,0
running,2022,10,21,2022-10-21T04:06:03Z,1609.34,8.84935664797097,530.944,132,149.46875,4,2
running,2022,10,21,2022-10-21T04:14:46Z,1609.34,8.72273170731707,523.434,137,149.15625,2,2
running,2022,10,21,2022-10-21T04:23:32Z,1609.34,8.75690499510284,525.455,141,148.21875,2,0
running,2022,10,21,2022-10-21T04:32:00Z,1609.34,8.48005058488777,508.754,143,147.765625,2,0
running,2022,10,21,2022-10-21T04:40:26Z,1609.34,8.41619077502353,505.028,142,148.09375,0,0
running,2022,10,21,2022-10-21T04:49:33Z,1609.34,8.09366324683162,547.287,144,148.0625,0,0
running,2022,10,21,2022-10-21T04:58:15Z,1609.34,8.70574488802337,522.393,150,146.046875,0,2
running,2022,10,21,2022-10-21T05:06:37Z,1609.34,8.36109725685786,501.672,151,146.46875,0,0
running,2022,10,21,2022-10-21T05:14:49Z,1609.34,8.19755501222494,491.855,154,147.4375,0,0
running,2022,10,21,2022-10-21T05:23:10Z,1609.34,8.35068493150685,501.072,147,148.40625,2,4
running,2022,10,21,2022-10-21T05:31:17Z,1609.34,8.12061762034514,487.23,150,150.203125,5,4
running,2022,10,21,2022-10-21T05:34:23Z,548.92,8.49347688410386,173.828,149,149.34375,0,2
running,2022,10,22,2022-10-22T18:43:46Z,1609.34,8.34029850746269,500.403,131,149.359375,9,29
running,2022,10,22,2022-10-22T18:53:08Z,1609.34,9.37190775681342,562.298,133,135.671875,10,11
running,2022,10,22,2022-10-22T19:01:08Z,1609.34,7.99237187127533,479.48,148,151.84375,7,4
running,2022,10,22,2022-10-22T19:09:15Z,1609.34,8.1181598062954,487.044,142,152.1875,28,9
running,2022,10,22,2022-10-22T19:16:59Z,1609.34,7.73425605536332,464.005,142,152.96875,35,15
running,2022,10,22,2022-10-22T19:24:29Z,1609.34,7.50276923076923,450.182,146,153.296875,18,44
running,2022,10,22,2022-10-22T19:31:57Z,1609.34,7.46518229891456,447.889,151,153.15625,17,11
running,2022,10,22,2022-10-22T19:32:02Z,3.88,15.8057748968768,2.287,146,105.5,0,0
cycling,2022,10,23,2022-10-23T23:43:03Z,8046.72,15.1027027027027,4529.996,116,513.984375,262,237
cycling,2022,10,24,2022-10-24T00:01:14Z,2726.49,10.7032721468476,1087.788,111,513.984375,48,76
running,2022,10,24,2022-10-24T23:57:57Z,1609.34,9.21098901098901,552.665,132,149.8125,10,12
running,2022,10,25,2022-10-25T00:07:40Z,1609.34,9.24272915230875,583.351,136,149.296875,13,9
running,2022,10,25,2022-10-25T00:18:45Z,1609.34,9.3004160887656,665.016,139,151.1875,11,9
running,2022,10,25,2022-10-25T00:28:29Z,1609.34,9.48123011664899,584.188,137,147.890625,2,16
running,2022,10,25,2022-10-25T00:39:24Z,1609.34,9.97115241635688,654.698,138,147.640625,18,4
running,2022,10,25,2022-10-25T00:45:24Z,1063.4,9.00382678751259,356.958,143,153.390625,2,12
running,2022,10,26,2022-10-26T00:23:51Z,1609.34,8.128,487.627,129,146.515625,12,16
running,2022,10,26,2022-10-26T00:27:07Z,666.73,7.90754716981132,196.567,141,152.25,15,0
running,2022,10,26,2022-10-26T00:33:01Z,1609.34,5.8976253298153,353.866,174,163.5,36,26
running,2022,10,26,2022-10-26T00:38:48Z,1609.34,5.76949881694988,346.196,177,161.46875,16,35
running,2022,10,26,2022-10-26T00:40:13Z,125.89,18.1354969574037,85.123,167,115.34375,5,0
running,2022,10,26,2022-10-26T00:49:02Z,1609.34,8.82315789473684,529.314,144,150.328125,22,20
running,2022,10,26,2022-10-26T00:55:36Z,1251.47,8.34548848786559,389.405,148,151.71875,7,7
running,2022,10,26,2022-10-26T23:53:30Z,1609.34,8.77409224730128,540.324,133,143.375,13,7
running,2022,10,27,2022-10-27T00:02:25Z,1609.34,8.91405782652044,534.787,141,147.71875,25,14
running,2022,10,27,2022-10-27T00:12:39Z,1609.34,10.2336512781381,614.101,143,147.953125,33,38
running,2022,10,27,2022-10-27T00:22:52Z,1609.34,9.42128556375132,613.201,142,150.484375,17,20
running,2022,10,27,2022-10-27T00:28:49Z,1025.35,9.27789692148046,354.726,144,145.9375,6,12
running,2022,10,28,2022-10-28T15:18:43Z,1609.34,8.21513016845329,492.942,136,151.203125,11,10
running,2022,10,28,2022-10-28T15:27:07Z,1609.34,8.39511737089202,503.649,143,149.25,2,0
running,2022,10,28,2022-10-28T15:35:06Z,1609.34,7.88894117647059,478.838,146,150.0625,0,0
running,2022,10,28,2022-10-28T15:42:40Z,1609.34,7.57053344623201,454.205,151,152.546875,2,2
running,2022,10,28,2022-10-28T15:46:13Z,732.19,7.70537201953462,210.345,152,150.28125,0,2
cycling,2022,10,29,2022-10-29T18:18:00Z,8046.72,19.282818116463,5785.399,118,513.984375,111,107
cycling,2022,10,29,2022-10-29T18:18:05Z,67.98,1.13678321678322,2.881,97,513.984375,0,0
running,2022,10,29,2022-10-29T22:33:49Z,1609.34,7.905216622458,474.338,153,149.109375,7,11
running,2022,10,29,2022-10-29T22:35:08Z,235.83,8.97370357979257,78.904,159,134.734375,0,0
running,2022,10,29,2022-10-29T22:41:04Z,1609.34,5.93678618857902,356.229,168,158.234375,0,0
running,2022,10,29,2022-10-29T22:41:14Z,40.48,6.71231231231231,10.129,174,155,0,2
running,2022,10,29,2022-10-29T22:43:18Z,386.88,8.56671989779623,123.563,167,148.859375,2,2
running,2022,10,29,2022-10-29T22:49:01Z,1564.23,5.89244288224956,343.635,171,158.875,4,3
running,2022,10,29,2022-10-29T22:49:13Z,56.44,5.79693105684029,12.199,177,160.421875,0,0
running,2022,10,29,2022-10-29T22:52:00Z,408.28,10.9122864117168,166.078,156,114.46875,0,0
running,2022,10,29,2022-10-29T22:54:41Z,806.53,5.36233506597361,161.234,166,165.125,2,3
running,2022,10,29,2022-10-29T22:56:10Z,201.2,11.8946341463415,89.242,155,126.34375,0,0
running,2022,10,29,2022-10-29T22:58:52Z,806.5,5.39903381642512,162.34,154,164.078125,0,0
running,2022,10,29,2022-10-29T23:00:28Z,201.27,12.7422327790974,95.599,151,120.296875,0,0
running,2022,10,29,2022-10-29T23:01:39Z,406.26,4.69415470773539,71.103,153,178.875,0,0
running,2022,10,29,2022-10-29T23:02:44Z,92.47,18.7963559915907,64.786,160,98.0625,0,0
running,2022,10,29,2022-10-29T23:03:54Z,401.94,4.71312598840274,70.631,149,172.578125,0,0
running,2022,10,29,2022-10-29T23:06:01Z,166.6,20.2128108515448,125.56,149,78.78125,0,0
running,2022,10,29,2022-10-29T23:14:27Z,1609.34,8.43206538824269,505.946,160,147.65625,14,7
running,2022,10,29,2022-10-29T23:17:17Z,408.68,10.956862745098,166.947,156,70.171875,0,0
running,2022,10,30,2022-10-30T17:54:11Z,1609.34,10.6480349344978,694.101,132,148.875,32,14
running,2022,10,30,2022-10-30T18:05:49Z,1609.34,10.3004608294931,697.442,132,155.0625,36,15
running,2022,10,30,2022-10-30T18:16:34Z,1609.34,8.96770310932798,644.855,131,152.3125,14,15
running,2022,10,30,2022-10-30T18:25:43Z,1609.34,9.15752816660977,549.468,135,154.328125,21,22
running,2022,10,30,2022-10-30T18:34:54Z,1609.34,9.18890030832477,551.302,132,154.546875,11,22
running,2022,10,30,2022-10-30T18:45:44Z,1609.34,9.90853343184337,649.921,136,155.734375,37,4
running,2022,10,30,2022-10-30T18:54:39Z,1609.34,8.91702127659574,534.966,141,154.625,10,48
running,2022,10,30,2022-10-30T19:03:50Z,1609.34,9.17946611909651,550.714,139,153.953125,6,45
running,2022,10,30,2022-10-30T19:15:43Z,1551.78,9.31656825286558,587.582,140,153.5625,14,2
running,2022,11,2,2022-11-02T23:28:40Z,1609.34,7.57480937588252,475.117,136,153.953125,12,14
running,2022,11,2,2022-11-02T23:36:27Z,1609.34,7.79041533546326,467.439,135,152.328125,17,9
running,2022,11,2,2022-11-02T23:46:08Z,1609.34,8.83478260869565,580.971,135,149.265625,41,23
running,2022,11,2,2022-11-02T23:54:11Z,1609.34,8.04752475247525,482.849,139,151.421875,11,34
running,2022,11,3,2022-11-03T00:13:09Z,665.35,8.33770593720858,206.841,144,151.484375,5,5
running,2022,11,3,2022-11-03T00:22:57Z,1609.34,9.27148288973384,567.649,148,150.890625,28,11
running,2022,11,3,2022-11-03T00:33:00Z,1609.34,10.04960659423,603.002,148,142.71875,20,14
running,2022,11,3,2022-11-03T00:33:12Z,28.44,9.33927576601671,9.904,148,152.796875,0,2
running,2022,11,4,2022-11-04T00:31:08Z,1609.34,9.26187845303867,555.687,130,149.671875,5,3
running,2022,11,4,2022-11-04T00:40:10Z,1609.34,9.03719676549865,542.161,142,149.75,0,2
running,2022,11,4,2022-11-04T00:49:20Z,1609.34,9.16065573770492,549.73,141,148.546875,2,2
running,2022,11,4,2022-11-04T00:58:33Z,1609.34,9.21098901098901,552.689,142,149.1875,2,2
running,2022,11,4,2022-11-04T01:07:48Z,1609.34,9.25548654244306,555.252,141,151.234375,8,7
running,2022,11,4,2022-11-04T01:07:58Z,22.86,8.34548848786559,7.112,141,148.28125,0,0
running,2022,11,4,2022-11-04T14:50:51Z,1609.34,8.43737024221453,506.29,127,152.921875,0,0
running,2022,11,4,2022-11-04T14:59:30Z,1609.34,8.38724202626642,518.951,142,150.625,9,10
running,2022,11,4,2022-11-04T15:08:01Z,1609.34,8.52045743329098,511.268,151,152.8125,9,11
running,2022,11,4,2022-11-04T15:16:02Z,1609.34,8.02345198923123,481.385,151,153.171875,2,5
running,2022,11,4,2022-11-04T15:24:08Z,1609.34,8.10099667774086,486.023,159,153.859375,2,0
running,2022,11,4,2022-11-04T15:24:19Z,21.78,10.3441573467027,8.397,162,151,0,0
running,2022,11,5,2022-11-05T17:01:21Z,1609.34,8.24036866359447,494.434,145,153.390625,11,16
running,2022,11,5,2022-11-05T17:07:21Z,1609.34,6.00591133004926,360.327,168,160.609375,12,7
running,2022,11,5,2022-11-05T17:13:12Z,1609.34,5.8462074978204,350.734,178,160.546875,9,17
running,2022,11,5,2022-11-05T17:19:04Z,1609.34,5.87051871306632,352.239,181,162.03125,23,25
running,2022,11,5,2022-11-05T17:19:43Z,177.49,5.8976253298153,39.03,179,160.453125,0,0
running,2022,11,5,2022-11-05T17:20:57Z,83.12,15.4329113924051,73.674,161,87.453125,0,2
running,2022,11,5,2022-11-05T17:29:36Z,1609.34,8.64959690422444,518.933,151,151.515625,18,9
running,2022,11,5,2022-11-05T17:30:07Z,85.56,8.31960297766749,26.539,149,152.515625,0,0
running,2022,11,6,2022-11-06T19:51:50Z,1609.34,8.64959690422444,519.006,129,151.875,11,15
running,2022,11,6,2022-11-06T20:01:16Z,1609.34,8.688824101069,565.151,134,149.9375,24,6
running,2022,11,6,2022-11-06T20:09:31Z,1609.34,8.25304615384615,495.153,142,150.421875,12,21
running,2022,11,6,2022-11-06T20:18:02Z,1609.34,8.52045743329098,511.207,143,149.375,16,25
running,2022,11,6,2022-11-06T20:27:12Z,1609.34,8.31702325581395,550.427,134,148.5,10,20
running,2022,11,6,2022-11-06T20:35:41Z,1609.34,8.47201516108654,508.314,132,151.28125,23,16
running,2022,11,6,2022-11-06T20:44:21Z,1609.34,8.66636510500808,519.969,139,152.4375,54,12
running,2022,11,6,2022-11-06T20:52:04Z,1609.34,7.72979827089337,463.724,134,151.03125,2,35
running,2022,11,6,2022-11-06T20:59:43Z,1609.34,7.6460661345496,458.759,140,152.171875,16,11
running,2022,11,6,2022-11-06T20:59:56Z,21.22,11.038024691358,8.731,144,148,0,0
running,2022,11,8,2022-11-08T23:30:59Z,1609.34,8.63567289117836,518.098,142,151.96875,33,15
running,2022,11,8,2022-11-08T23:39:54Z,1609.34,8.93186813186813,535.855,144,153.109375,12,17
running,2022,11,8,2022-11-08T23:54:25Z,1609.34,10.1947548460661,870.59,140,156.28125,65,106
running,2022,11,9,2022-11-09T00:03:56Z,1609.34,9.51823988644429,571.048,158,154.046875,53,13
running,2022,11,9,2022-11-09T00:12:50Z,1609.34,8.90222369731165,534.115,151,153,15,14
running,2022,11,9,2022-11-09T00:19:13Z,1301.46,7.70758620689655,373.931,159,153.9375,18,26
running,2022,11,9,2022-11-09T23:57:04Z,1609.34,8.34289269051322,500.595,143,152.8125,11,17
running,2022,11,10,2022-11-10T00:05:38Z,1609.34,8.57493606138107,514.466,154,152.4375,34,3
running,2022,11,10,2022-11-10T00:07:31Z,210.88,12.1149051490515,95.241,153,106.953125,0,0
running,2022,11,10,2022-11-10T00:10:53Z,801.8,5.16610169491525,154.417,147,168.4375,0,7
running,2022,11,10,2022-11-10T00:13:03Z,161.54,21.5440963855422,129.752,136,100.5625,0,0
running,2022,11,10,2022-11-10T00:15:38Z,817.42,5.05987549518959,154.206,139,169.515625,0,2
running,2022,11,10,2022-11-10T00:18:16Z,189.29,22.4267558528428,158.302,135,89.78125,0,0
running,2022,11,10,2022-11-10T00:20:59Z,805.85,5.4252427184466,162.997,152,162,0,0
running,2022,11,10,2022-11-10T00:23:27Z,196.67,20.2586102719033,148.531,136,107.6875,2,0
running,2022,11,10,2022-11-10T00:32:37Z,1609.34,9.16065573770492,549.666,152,148,10,34
running,2022,11,10,2022-11-10T00:39:06Z,1173.7,8.82606120434353,386.232,164,150.8125,7,6
running,2022,11,11,2022-11-11T20:54:43Z,1609.34,8.13292904790782,487.978,152,152.734375,14,14
running,2022,11,11,2022-11-11T21:03:04Z,1609.34,8.35588785046729,501.309,163,151.765625,21,22
running,2022,11,11,2022-11-11T21:11:09Z,1609.34,8.07903614457831,484.752,168,151.125,18,14
running,2022,11,11,2022-11-11T21:18:41Z,1609.34,7.53226621735468,451.922,160,151.21875,8,9
running,2022,11,11,2022-11-11T21:18:57Z,44.83,8.15766423357664,13.635,165,151.78125,0,0
running,2022,11,12,2022-11-12T20:07:51Z,1609.34,9.83947175348496,663.995,134,148.65625,70,11
running,2022,11,12,2022-11-12T20:16:16Z,1609.34,8.41883239171375,505.119,152,152.734375,13,14
running,2022,11,12,2022-11-12T20:24:31Z,1609.34,8.25304615384615,495.201,153,152.21875,20,5
running,2022,11,12,2022-11-12T20:33:53Z,1609.34,9.36863429968564,562.073,141,152.46875,2,70
running,2022,11,12,2022-11-12T20:42:28Z,1609.34,8.34808590102708,514.923,136,151.359375,0,2
running,2022,11,12,2022-11-12T20:42:53Z,13.43,25.8404624277457,12.937,145,158,3,0
running,2022,11,13,2022-11-13T14:10:03Z,1609.34,9.33927576601671,585.988,128,150.84375,15,14
running,2022,11,13,2022-11-13T14:19:11Z,1609.34,9.13569482288828,548.21,131,152.71875,15,9
running,2022,11,13,2022-11-13T14:28:47Z,1609.34,8.7029201817002,576.157,127,151.53125,9,7
running,2022,11,13,2022-11-13T14:36:48Z,1609.34,8.01865470852018,481.05,135,152.6875,9,18
running,2022,11,13,2022-11-13T14:44:39Z,1609.34,7.84280701754386,470.543,140,154.125,16,14
running,2022,11,13,2022-11-13T14:45:00Z,61.96,8.16760048721072,18.868,139,155.421875,2,0
cycling,2022,11,13,2022-11-13T23:14:02Z,8046.72,10.7246701319472,3217.47,108,513.984375,113,69
cycling,2022,11,14,2022-11-14T00:03:26Z,8046.72,9.87933701657458,2963.969,121,513.984375,88,151
cycling,2022,11,14,2022-11-14T00:03:32Z,73.53,1.2295956725039,3.371,141,513.984375,0,0
running,2022,11,14,2022-11-14T22:44:39Z,1609.34,9.89026548672566,679.41,128,142.46875,8,33
running,2022,11,14,2022-11-14T22:53:59Z,1609.34,9.32304483837331,559.475,141,153.46875,15,2
running,2022,11,14,2022-11-14T23:03:47Z,1609.34,9.57259100642398,587.79,138,150.921875,9,9
running,2022,11,14,2022-11-14T23:15:40Z,1609.34,9.85031215571061,713.133,138,141.765625,16,27
running,2022,11,14,2022-11-14T23:25:57Z,1609.34,9.94527252502781,617.09,142,150.109375,17,18
running,2022,11,14,2022-11-14T23:36:07Z,1609.34,10.1254813137033,610.432,139,146.265625,20,2
running,2022,11,14,2022-11-14T23:45:30Z,1609.34,9.37846153846154,562.705,144,148.78125,7,14
running,2022,11,16,2022-11-16T00:55:13Z,1609.34,8.93782072642452,536.33,130,149.75,11,16
running,2022,11,16,2022-11-16T01:04:30Z,1609.34,9.28431983385254,557.115,141,150.734375,31,21
running,2022,11,16,2022-11-16T01:13:25Z,1609.34,8.91405782652044,534.859,140,151.234375,25,22
running,2022,11,16,2022-11-16T01:21:49Z,1609.34,8.30414860681115,504.113,147,150.140625,7,12
running,2022,11,16,2022-11-16T01:21:59Z,18.99,10.7634028892456,7.62,146,148.25,0,0
running,2022,11,19,2022-11-19T00:05:01Z,1609.34,7.84051446945338,470.363,141,150.734375,11,14
running,2022,11,19,2022-11-19T00:12:15Z,1609.34,7.2414686825054,434.519,162,152.65625,16,11
running,2022,11,19,2022-11-19T00:19:31Z,1609.34,7.25910690121786,435.505,162,152.6875,15,20
running,2022,11,19,2022-11-19T00:26:21Z,1586.21,6.89344641480339,407.692,166,152.15625,14,9
running,2022,11,19,2022-11-19T18:38:49Z,1609.34,7.6460661345496,458.761,122,155.296875,9,15
running,2022,11,19,2022-11-19T18:46:02Z,1609.34,7.21614205004036,432.971,136,155.59375,32,24
running,2022,11,19,2022-11-19T18:53:25Z,1609.34,7.3809576224546,442.818,141,155.109375,26,48
running,2022,11,19,2022-11-19T19:00:44Z,1609.34,7.31852660300136,439.164,145,155.859375,40,16
running,2022,11,19,2022-11-19T19:01:03Z,28.37,9.17005128205128,9.697,155,151.40625,0,0
running,2022,11,19,2022-11-19T22:24:45Z,1609.34,9.99716734998136,599.769,136,144.53125,13,13
running,2022,11,19,2022-11-19T22:36:55Z,1609.34,9.7963476990504,729.671,146,149.671875,20,12
running,2022,11,19,2022-11-19T22:48:02Z,1609.34,9.6103188821211,667.02,148,144.046875,18,18
running,2022,11,19,2022-11-19T22:56:24Z,1331.12,8.96171065820247,497.555,150,151.6875,6,12
running,2022,11,22,2022-11-22T00:11:30Z,1609.34,8.71706207344816,523.016,138,151,56,12
running,2022,11,22,2022-11-22T00:21:51Z,1609.34,8.37676452217364,620.972,150,151.140625,54,20
running,2022,11,22,2022-11-22T00:28:57Z,1609.34,7.08837209302326,425.335,146,151.53125,5,58
running,2022,11,22,2022-11-22T00:35:43Z,1609.34,6.77504420308159,406.474,148,152.8125,10,45
running,2022,11,22,2022-11-22T00:36:53Z,218.08,8.30672034685661,67.534,166,154.53125,20,2
running,2022,11,22,2022-11-22T21:04:41Z,1609.34,8.91109634551495,534.58,126,147.4375,5,7
running,2022,11,22,2022-11-22T21:16:45Z,1609.34,9.32628650904033,723.008,130,139.625,11,9
running,2022,11,22,2022-11-22T21:30:48Z,1609.34,8.87571144937128,842.96,132,147,13,7
running,2022,11,22,2022-11-22T21:39:24Z,1609.34,8.58591549295775,515.144,142,150.421875,16,13
running,2022,11,22,2022-11-22T21:48:41Z,1609.34,8.33770593720858,557.154,137,149.09375,19,8
running,2022,11,22,2022-11-22T21:57:01Z,1609.34,8.33511497824736,500.183,140,149.859375,7,11
running,2022,11,22,2022-11-22T22:05:40Z,1609.34,8.41883239171375,519.203,136,146.046875,8,13
running,2022,11,22,2022-11-22T22:14:11Z,1609.34,8.51504761904762,510.941,136,151.5625,2,0
running,2022,11,22,2022-11-22T22:23:36Z,1609.34,8.86397884996695,564.605,134,147.8125,7,9
running,2022,11,22,2022-11-22T22:23:51Z,5.82,11.1481296758105,2.419,137,158,0,0
cycling,2022,11,23,2022-11-23T00:58:08Z,4568.46,11.0018047579984,1873.73,109,513.984375,83,85
running,2022,11,23,2022-11-23T14:38:54Z,1609.34,7.74766031195841,464.801,129,153.609375,5,138
running,2022,11,23,2022-11-23T14:47:20Z,1609.34,8.4294154619736,505.723,138,154.3125,85,101
running,2022,11,23,2022-11-23T14:55:49Z,1609.34,8.49347688410386,509.582,184,157.84375,155,0
running,2022,11,23,2022-11-23T15:04:08Z,1609.34,8.29131375579598,497.487,164,150.046875,6,9
running,2022,11,23,2022-11-23T15:04:26Z,42.36,9.83586358635864,15.531,162,151,0,0
running,2022,11,24,2022-11-24T14:37:27Z,1609.34,9.08925787868519,545.436,133,152.03125,43,25
running,2022,11,24,2022-11-24T14:46:28Z,1609.34,9.0250336473755,541.515,142,153.15625,55,14
running,2022,11,24,2022-11-24T14:55:35Z,1609.34,9.10777589134126,546.491,148,153.921875,82,0
running,2022,11,24,2022-11-24T15:03:37Z,1609.34,8.03787833383278,482.324,154,152.640625,25,21
running,2022,11,24,2022-11-24T15:10:41Z,1609.34,7.05852631578947,423.565,150,153.15625,0,83
running,2022,11,24,2022-11-24T15:18:01Z,1609.34,7.34256775253216,440.571,161,154.4375,5,63
running,2022,11,24,2022-11-24T15:25:52Z,1609.34,7.84510090669786,470.739,168,155.328125,28,28
running,2022,11,24,2022-11-24T15:26:31Z,106.03,9.25548654244306,36.582,168,153.625,3,7
running,2022,11,25,2022-11-25T14:12:39Z,1609.34,9.27789692148046,556.741,129,153.203125,16,30
running,2022,11,25,2022-11-25T14:21:33Z,1609.34,8.8992700729927,533.906,130,153.125,14,11
running,2022,11,25,2022-11-25T14:31:13Z,1609.34,9.07695431472081,580.475,127,151.734375,4,61
running,2022,11,25,2022-11-25T14:40:23Z,1609.34,9.17005128205128,550.232,139,155.28125,39,5
running,2022,11,25,2022-11-25T14:49:18Z,1609.34,8.91109634551495,534.666,139,154.984375,37,9
running,2022,11,25,2022-11-25T14:58:07Z,1609.34,8.23278084714549,528.816,140,152.59375,19,21
running,2022,11,25,2022-11-25T15:05:16Z,1346.83,8.46934006946637,425.327,144,154.734375,21,20
running,2022,11,27,2022-11-27T20:15:00Z,1609.34,8.50424857324033,510.248,127,151.078125,24,0
running,2022,11,27,2022-11-27T20:22:53Z,1609.34,7.87273260933372,472.373,143,152.21875,13,2
running,2022,11,27,2022-11-27T20:30:59Z,1609.34,8.11324863883847,486.807,155,150.53125,8,6
running,2022,11,27,2022-11-27T20:40:04Z,1609.34,7.87967097532315,544.4,140,151.609375,7,8
running,2022,11,27,2022-11-27T20:47:06Z,1609.34,7.0436974789916,422.654,143,152.625,2,11
running,2022,11,27,2022-11-27T20:53:59Z,1609.34,6.87577544219431,412.5,144,155.203125,0,21
running,2022,11,27,2022-11-27T20:54:39Z,132.64,7.41155015197568,36.653,143,153.59375,0,0
running,2022,11,28,2022-11-28T23:51:05Z,1609.34,9.08925787868519,545.433,124,147.4375,14,11
running,2022,11,29,2022-11-29T00:01:02Z,1609.34,8.78846657929227,596.75,136,150.046875,18,14
running,2022,11,29,2022-11-29T00:10:07Z,1609.34,9.08310193024043,544.963,149,147.71875,18,16
running,2022,11,29,2022-11-29T00:18:36Z,1609.34,8.47737041719343,508.647,162,148.34375,9,9
running,2022,11,29,2022-11-29T00:19:40Z,204.48,8.10099667774086,61.749,165,134.484375,0,7
running,2022,11,30,2022-11-30T17:42:55Z,1609.34,7.44239733629301,446.505,142,154.171875,6,2
running,2022,11,30,2022-11-30T17:49:59Z,1609.34,7.07715039577836,424.683,157,152.5,0,2
running,2022,11,30,2022-11-30T17:57:19Z,1609.34,7.32652280797596,439.628,165,151.828125,2,2
running,2022,11,30,2022-11-30T18:04:00Z,1609.34,6.68887780548629,401.342,169,152.953125,3,2
running,2022,11,30,2022-11-30T18:05:30Z,299.21,7.80174520069808,87.019,166,151.796875,0,0
running,2022,12,1,2022-12-01T00:25:49Z,1609.34,7.52592592592593,451.614,141,152.078125,33,2
running,2022,12,1,2022-12-01T00:33:08Z,1609.34,7.30855585831063,438.534,155,151.578125,0,0
running,2022,12,1,2022-12-01T00:38:58Z,1609.34,5.82968919800043,349.771,163,159.5625,2,0
running,2022,12,1,2022-12-01T00:44:50Z,1609.34,5.87437582128778,352.425,175,158.65625,2,0
running,2022,12,1,2022-12-01T00:48:27Z,266.29,21.8779771615008,217.195,130,101.921875,0,0
running,2022,12,1,2022-12-01T00:54:14Z,1609.34,5.78068965517241,346.815,162,157.953125,0,2
running,2022,12,1,2022-12-01T00:59:57Z,1609.34,5.72028150991683,343.198,178,159.390625,0,2
running,2022,12,1,2022-12-01T01:00:49Z,234.06,5.86410144293835,51.17,176,157.765625,0,0
running,2022,12,1,2022-12-01T01:03:26Z,212.61,19.9126948775056,157.896,137,100.375,0,0
running,2022,12,1,2022-12-01T01:11:42Z,1609.34,8.26831072749692,496.06,148,150.65625,0,2
running,2022,12,1,2022-12-01T01:19:51Z,1609.34,8.14527786213179,488.679,154,151.125,2,4
running,2022,12,1,2022-12-01T01:19:57Z,4.96,15.7500880798591,2.912,153,153,0,0
running,2022,12,3,2022-12-03T00:26:56Z,1609.34,8.34548848786559,500.715,140,152.046875,16,13
running,2022,12,3,2022-12-03T00:35:14Z,1609.34,8.3092936802974,498.494,158,153.34375,20,21
running,2022,12,3,2022-12-03T00:44:12Z,1609.34,8.95871743486974,537.593,153,150.921875,20,22
running,2022,12,3,2022-12-03T00:52:39Z,1609.34,8.45332492908919,507.175,151,150.640625,12,8
running,2022,12,3,2022-12-03T00:53:07Z,76.26,9.04329062710721,25.713,161,149.46875,0,0
running,2022,12,3,2022-12-03T22:41:40Z,1609.34,8.73693811074919,524.194,138,154.625,14,0
running,2022,12,3,2022-12-03T22:49:09Z,1609.34,7.47558528428094,448.512,157,150.546875,4,5
running,2022,12,3,2022-12-03T22:56:30Z,1609.34,7.34256775253216,440.562,162,149.734375,6,5
running,2022,12,3,2022-12-03T23:04:13Z,1609.34,7.72089810017271,463.285,161,145.578125,7,15
running,2022,12,3,2022-12-03T23:04:18Z,2.95,23.4052356020942,2.576,160,107.5,0,0
running,2022,12,6,2022-12-06T23:40:27Z,1609.34,8.04752475247525,482.909,141,155.15625,11,12
running,2022,12,6,2022-12-06T23:48:38Z,1609.34,8.180054894785,490.851,148,152.078125,19,23
running,2022,12,6,2022-12-06T23:56:40Z,1609.34,8.03547034152187,482.101,149,152.375,18,14
running,2022,12,6,2022-12-06T23:57:38Z,209.85,7.0197330541743,54.921,152,153.515625,0,0
running,2022,12,7,2022-12-07T23:11:34Z,1609.34,8.09610624811349,485.719,126,149.671875,3,0
running,2022,12,7,2022-12-07T23:20:32Z,1609.34,8.10099667774086,537.48,127,147.15625,2,0
running,2022,12,7,2022-12-07T23:28:41Z,1609.34,8.15270516717325,489.134,132,148.5,0,2
running,2022,12,7,2022-12-07T23:36:59Z,1609.34,8.30672034685661,498.416,145,147.90625,0,2
running,2022,12,7,2022-12-07T23:37:22Z,16.35,8.61072231139647,5.25,143,149.203125,0,0
running,2022,12,8,2022-12-08T15:08:33Z,1609.34,8.58042226487524,514.839,133,151.828125,2,2
running,2022,12,8,2022-12-08T15:17:30Z,1609.34,8.93782072642452,536.214,140,152.59375,43,19
running,2022,12,8,2022-12-08T15:26:32Z,1609.34,9.04634064080944,542.716,136,153.234375,34,29
running,2022,12,8,2022-12-08T15:35:43Z,1609.34,9.17318741450068,550.363,137,150.328125,37,25
running,2022,12,8,2022-12-08T15:44:20Z,1609.34,8.62733998070119,517.716,141,154.578125,14,23
running,2022,12,8,2022-12-08T15:55:27Z,1609.34,10.4205128205128,666.244,143,151.4375,57,42
running,2022,12,8,2022-12-08T16:03:54Z,1609.34,8.45865657521287,507.508,134,153.71875,20,69
running,2022,12,8,2022-12-08T16:11:37Z,1609.34,7.70980166714573,462.582,145,153.59375,0,0
running,2022,12,8,2022-12-08T16:11:57Z,60.18,8.14280510018215,18.268,150,153.671875,0,0
running,2022,12,9,2022-12-09T14:46:42Z,1609.34,8.52316491897045,511.384,132,151.609375,0,0
running,2022,12,9,2022-12-09T14:54:47Z,1609.34,8.07660343270099,484.539,136,151.75,2,0
running,2022,12,9,2022-12-09T15:03:37Z,1609.34,8.83769357495881,530.346,137,152.109375,42,20
running,2022,12,9,2022-12-09T15:12:14Z,1609.34,8.62179363548698,517.242,129,152.59375,26,46
running,2022,12,9,2022-12-09T15:20:16Z,1609.34,8.02345198923123,481.418,134,152.703125,0,4
running,2022,12,9,2022-12-09T15:28:09Z,1609.34,7.88198648251543,472.933,138,152.5625,0,0
running,2022,12,9,2022-12-09T15:28:27Z,39.19,9.57942857142857,13.997,135,150.578125,0,0
running,2022,12,10,2022-12-10T19:57:22Z,1609.34,8.32735175411363,499.619,135,152.3125,14,10
running,2022,12,10,2022-12-10T20:06:01Z,1609.34,7.91922054915855,519.102,147,151.453125,16,17
running,2022,12,10,2022-12-10T20:11:26Z,1609.34,5.41319878910192,324.797,146,166.578125,2,3
running,2022,12,10,2022-12-10T20:12:08Z,73.61,15.5312101910828,42.613,153,98.75,2,0
running,2022,12,10,2022-12-10T20:16:18Z,765.25,8.74263363754889,249.437,138,147.96875,2,0
running,2022,12,10,2022-12-10T20:21:46Z,1609.34,5.47507654623393,328.522,139,166.125,3,4
running,2022,12,10,2022-12-10T20:22:52Z,101.47,17.2936170212766,65.404,145,120.171875,2,0
running,2022,12,10,2022-12-10T20:25:43Z,485.22,9.46116402116402,171.176,141,146.546875,0,4
running,2022,12,10,2022-12-10T20:31:18Z,1609.34,5.58916440925193,335.371,162,163.5,8,10
running,2022,12,10,2022-12-10T20:33:04Z,155.6,17.8221926910299,105.775,151,113.265625,0,0
running,2022,12,10,2022-12-10T20:41:34Z,1609.34,8.5069457659372,510.49,152,145.828125,14,17
running,2022,12,10,2022-12-10T20:43:14Z,318.71,8.19004580152672,97.326,160,151.09375,0,0
running,2022,12,11,2022-12-11T21:18:36Z,1609.34,9.98228507629326,598.907,132,147.78125,12,11
running,2022,12,11,2022-12-11T21:28:11Z,1609.34,9.58970325348588,575.338,143,148.140625,15,11
running,2022,12,11,2022-12-11T21:38:12Z,1609.34,9.70068716094032,600.36,136,149.203125,9,4
running,2022,12,11,2022-12-11T21:47:18Z,1609.34,9.11086956521739,546.637,132,151.5625,4,13
running,2022,12,11,2022-12-11T21:56:40Z,1609.34,9.35230125523013,561.203,139,152.765625,11,13
running,2022,12,11,2022-12-11T22:06:31Z,1609.34,9.68317689530686,591.91,137,149.171875,11,6
running,2022,12,11,2022-12-11T22:09:33Z,484.4,9.86843267108168,178.211,141,143.4375,2,10
running,2022,12,12,2022-12-12T23:38:56Z,1609.34,7.72979827089337,463.794,127,151.8125,14,17
running,2022,12,12,2022-12-12T23:46:14Z,1609.34,7.30258644160087,438.202,143,152.890625,32,19
running,2022,12,12,2022-12-12T23:54:02Z,1609.34,7.79267867518884,467.515,131,152.046875,23,44
running,2022,12,13,2022-12-13T00:00:41Z,1412.31,7.53226621735468,396.561,147,153.078125,36,20
running,2022,12,14,2022-12-14T00:15:16Z,1609.34,8.17506857665346,490.53,124,151.390625,0,102
running,2022,12,14,2022-12-14T00:24:33Z,1609.34,9.26827919834139,556.136,154,153.296875,105,10
running,2022,12,14,2022-12-14T00:33:30Z,1609.34,8.96171065820247,537.616,131,148.359375,4,110
running,2022,12,14,2022-12-14T00:41:56Z,1609.34,8.42676720075401,505.632,161,154.890625,112,0
running,2022,12,14,2022-12-14T00:42:17Z,64.6,7.85889246996777,18.926,155,147.53125,0,0
running,2022,12,14,2022-12-14T23:59:58Z,1609.34,9.32953043478261,613.685,117,144.90625,12,14
running,2022,12,15,2022-12-15T00:09:48Z,1609.34,9.6,590.42,127,150.609375,14,9
running,2022,12,15,2022-12-15T00:20:16Z,1609.34,9.02199798183653,627.264,126,147.5625,14,19
running,2022,12,15,2022-12-15T00:30:04Z,1609.34,9.79992692729265,588.09,130,151.640625,21,13
running,2022,12,15,2022-12-15T00:32:14Z,378.88,9.06468401486989,128.045,131,150.390625,2,9
running,2022,12,16,2022-12-16T23:56:52Z,1609.34,7.89126213592233,473.407,140,154.78125,14,16
running,2022,12,17,2022-12-17T00:04:36Z,1609.34,7.7364868762619,464.177,152,151.984375,15,8
running,2022,12,17,2022-12-17T00:12:37Z,1609.34,8.01865470852018,481.116,143,151.578125,17,11
running,2022,12,17,2022-12-17T00:20:38Z,1609.34,8.00907733651836,480.525,144,151.078125,11,12
running,2022,12,17,2022-12-17T00:21:28Z,156.12,7.71867625899281,44.926,144,150.859375,0,2
cycling,2022,12,17,2022-12-17T17:29:18Z,8046.72,13.8976165803109,4168.535,121,513.984375,310,314
cycling,2022,12,17,2022-12-17T17:30:28Z,119.02,15.1624646693047,67.295,124,513.984375,0,2
running,2022,12,17,2022-12-17T22:35:31Z,1609.34,7.95916913946588,477.502,128,144.859375,14,18
running,2022,12,17,2022-12-17T22:42:58Z,1609.34,7.44239733629301,446.511,142,151.9375,22,22
running,2022,12,17,2022-12-17T22:50:01Z,1609.34,7.04554767533491,422.738,152,152.09375,21,4
running,2022,12,17,2022-12-17T22:57:38Z,1609.34,7.61567291311755,456.919,158,149.75,9,20
running,2022,12,17,2022-12-17T22:57:46Z,9.35,10.3401696222051,3.604,153,148,0,0
running,2022,12,18,2022-12-18T18:54:54Z,1609.34,9.525,571.599,150,150.484375,57,26
running,2022,12,18,2022-12-18T19:03:54Z,1609.34,9.00080536912752,539.993,162,151.46875,30,27
running,2022,12,18,2022-12-18T19:11:52Z,1609.34,7.97336504161712,478.41,161,152.09375,14,17
running,2022,12,18,2022-12-18T19:19:56Z,1609.34,8.06203787195672,483.726,163,153.15625,38,14
running,2022,12,18,2022-12-18T19:27:04Z,1609.34,7.00689655172414,428.313,151,151,5,30
running,2022,12,18,2022-12-18T19:33:46Z,1609.34,6.70224887556222,402.099,155,154.953125,17,18
running,2022,12,18,2022-12-18T19:40:41Z,1609.34,6.91477184841454,414.85,152,154.8125,31,15
running,2022,12,18,2022-12-18T19:47:19Z,1609.34,6.62117995556653,397.25,153,155.296875,13,20
running,2022,12,18,2022-12-18T19:54:27Z,1609.34,7.13931328187384,428.391,170,154.453125,30,14
running,2022,12,18,2022-12-18T20:02:27Z,1609.34,7.9995228153892,480.024,164,152.609375,5,28
running,2022,12,18,2022-12-18T20:03:28Z,159.25,9.04329062710721,58.241,157,154.90625,2,2
running,2022,12,20,2022-12-20T00:21:43Z,1609.34,8.76549019607843,525.904,136,152.921875,17,11
running,2022,12,20,2022-12-20T00:32:56Z,1609.34,8.688824101069,673.511,132,147.171875,19,12
running,2022,12,20,2022-12-20T00:41:14Z,1609.34,8.29644293226106,497.748,140,150.953125,16,17
running,2022,12,20,2022-12-20T00:49:24Z,1609.34,8.17506857665346,490.528,152,150.796875,7,9
running,2022,12,20,2022-12-20T00:49:54Z,85.8,8.57219558964525,27.421,152,150.46875,0,2
running,2022,12,20,2022-12-20T22:11:45Z,1609.34,9.24910344827586,555.008,129,153.3125,14,16
running,2022,12,20,2022-12-20T22:20:30Z,1609.34,8.76262659261679,525.736,137,151.8125,21,15
running,2022,12,20,2022-12-20T22:29:15Z,1609.34,8.74263363754889,524.491,143,150.5,14,14
running,2022,12,20,2022-12-20T22:33:38Z,818.03,8.43471698113208,257.22,139,149.640625,4,7
running,2022,12,22,2022-12-22T00:06:51Z,1609.34,8.53129770992366,518.893,116,151.765625,7,12
running,2022,12,22,2022-12-22T00:14:04Z,1609.34,7.21420118343195,432.85,134,159.59375,0,0
running,2022,12,22,2022-12-22T00:24:07Z,1609.34,9.12326530612245,603.107,137,150.46875,16,2
running,2022,12,22,2022-12-22T00:26:41Z,415.11,9.7963476990504,151.588,124,150.25,2,9
running,2022,12,23,2022-12-23T00:18:33Z,1609.34,9.10777589134126,568.214,130,148.859375,14,15
running,2022,12,23,2022-12-23T00:22:52Z,781.75,8.88747514910537,259.051,140,136.53125,2,2
running,2022,12,23,2022-12-23T00:28:03Z,1537.28,5.42963562753036,311.213,158,166.84375,0,0
running,2022,12,23,2022-12-23T00:30:46Z,505.73,8.59141575912876,162.014,157,148.890625,0,0
running,2022,12,23,2022-12-23T00:34:50Z,1181.25,5.55674331883157,244.722,151,166.875,2,2
running,2022,12,23,2022-12-23T00:37:03Z,355.67,10.0345679012346,133.053,150,140.96875,2,0
running,2022,12,23,2022-12-23T00:40:04Z,891.89,5.44396184290643,181.034,150,165.4375,0,3
running,2022,12,23,2022-12-23T00:41:42Z,234.06,11.1574043261231,97.371,150,135.34375,0,0
running,2022,12,23,2022-12-23T00:43:44Z,604.31,5.42304892842701,122.187,153,167.734375,0,0
running,2022,12,23,2022-12-23T00:44:46Z,135.62,12.3321379310345,62.351,157,135.859375,0,0
running,2022,12,23,2022-12-23T00:45:48Z,318.62,5.17008481110254,61.41,156,172.984375,0,0
running,2022,12,23,2022-12-23T00:57:29Z,1547.23,11.3654237288136,698.798,134,138.484375,17,9
running,2022,12,24,2022-12-24T15:58:20Z,1609.34,8.63011583011583,517.757,137,150.609375,2,17
running,2022,12,24,2022-12-24T16:06:47Z,1609.34,8.45066162570888,507.032,141,151.65625,0,0
running,2022,12,24,2022-12-24T16:15:26Z,1609.34,8.65238709677419,519.07,135,150.453125,2,0
running,2022,12,24,2022-12-24T16:23:40Z,1609.34,8.23025467934949,493.772,139,151.578125,0,4
running,2022,12,24,2022-12-24T16:31:31Z,1609.34,7.85659050966608,471.355,147,151.640625,0,0
running,2022,12,24,2022-12-24T16:33:32Z,401.18,7.91454706403069,118.381,152,152.25,0,0
running,2022,12,25,2022-12-25T15:03:11Z,1609.34,8.77409224730128,526.4,126,151.4375,14,13
running,2022,12,25,2022-12-25T15:12:11Z,1609.34,8.44002517306482,539.543,129,150.3125,18,9
running,2022,12,25,2022-12-25T15:20:24Z,1609.34,8.2226854690374,493.303,132,152.21875,17,9
running,2022,12,25,2022-12-25T15:28:17Z,1609.34,7.88430335097002,473.12,136,152.171875,7,9
running,2022,12,25,2022-12-25T15:36:12Z,1609.34,7.63953289661065,474.948,139,150.703125,12,16
running,2022,12,25,2022-12-25T15:44:02Z,1609.34,7.83364485981308,469.963,140,151.875,9,12
running,2022,12,25,2022-12-25T15:44:06Z,1.74,14.5694731124389,0.946,139,104,0,0
running,2022,12,27,2022-12-27T00:21:26Z,1609.34,7.95916913946588,477.562,135,151.6875,9,9
running,2022,12,27,2022-12-27T00:23:01Z,323.79,7.82907180385289,94.501,146,151,0,0
running,2022,12,27,2022-12-27T00:28:02Z,1538.5,5.26238964096527,301.843,160,167.25,4,5
running,2022,12,27,2022-12-27T00:30:36Z,421.71,9.76780772032047,153.549,167,133.140625,4,2
running,2022,12,27,2022-12-27T00:34:39Z,1224.41,5.33248508946322,243.423,164,164.984375,0,0
running,2022,12,27,2022-12-27T00:36:40Z,334.73,9.69718004338395,121.022,160,131.640625,0,2
running,2022,12,27,2022-12-27T00:39:41Z,903.95,5.36770062037222,180.902,163,164.78125,2,5
running,2022,12,27,2022-12-27T00:41:12Z,222.06,11.0063192449733,91.13,163,122.421875,3,0
running,2022,12,27,2022-12-27T00:43:15Z,617.01,5.30506329113924,122.035,166,161.703125,2,0
running,2022,12,27,2022-12-27T00:44:17Z,131.6,12.7060161061108,62.333,175,100.71875,0,0
running,2022,12,27,2022-12-27T00:45:18Z,315.88,5.1641124374278,60.819,170,169.625,0,0
running,2022,12,27,2022-12-27T00:46:21Z,90.15,18.39670781893,61.835,169,105.40625,0,0
running,2022,12,27,2022-12-27T00:49:24Z,448.48,10.3282248748556,183.173,137,141.96875,0,2
running,2022,12,27,2022-12-27T00:57:04Z,1397.94,8.74548418650147,455.728,149,148.734375,16,9
running,2022,12,27,2022-12-27T18:35:00Z,1609.34,8.28875154511743,497.33,118,152.625,11,19
running,2022,12,27,2022-12-27T18:43:02Z,1609.34,8.03065868263473,481.909,136,151.40625,24,21
running,2022,12,27,2022-12-27T18:51:00Z,1609.34,7.96862745098039,478.086,135,151.328125,17,8
running,2022,12,27,2022-12-27T18:59:04Z,1609.34,8.06688721804511,484.027,136,151.578125,23,14
running,2022,12,27,2022-12-27T19:00:37Z,319.33,7.49019826864004,89.169,142,150.671875,0,7
running,2022,12,28,2022-12-28T19:27:23Z,1609.34,9.25229389444636,555.107,124,149.953125,13,14
running,2022,12,28,2022-12-28T19:36:33Z,1609.34,9.16065573770492,549.684,129,153.671875,16,9
running,2022,12,28,2022-12-28T19:45:47Z,1609.34,9.23000688231246,553.824,126,150.703125,11,9
running,2022,12,28,2022-12-28T19:55:55Z,1609.34,9.25548654244306,607.905,125,152.59375,11,15
running,2022,12,28,2022-12-28T20:05:25Z,1609.34,9.50138150903294,570.074,131,152.5625,16,14
running,2022,12,28,2022-12-28T20:12:17Z,1230.21,8.94378126042014,410.225,134,149.609375,6,9
cycling,2022,12,28,2022-12-28T23:36:14Z,8046.72,10.0987951807229,3168.348,112,513.984375,79,71
cycling,2022,12,29,2022-12-29T00:04:07Z,6145.49,6.74777358490566,1671.052,124,513.984375,85,87
running,2022,12,29,2022-12-29T18:17:55Z,1609.34,9.02807135644564,541.597,131,146.953125,17,16
running,2022,12,29,2022-12-29T18:26:37Z,1609.34,8.70857142857143,522.515,132,153.796875,18,16
running,2022,12,29,2022-12-29T18:35:44Z,1609.34,9.10468431771894,546.261,132,151.59375,20,26
running,2022,12,29,2022-12-29T18:44:42Z,1609.34,8.97070234113712,538.154,132,148.390625,12,22
running,2022,12,29,2022-12-29T18:54:06Z,1609.34,9.4080673447913,564.46,134,153.53125,35,3
running,2022,12,29,2022-12-29T19:04:00Z,1609.34,9.51148936170213,593.863,129,142.171875,18,30
running,2022,12,29,2022-12-29T19:13:53Z,1609.34,9.18575342465753,593.144,130,150.40625,22,14
running,2022,12,29,2022-12-29T19:14:02Z,18.84,9.23000688231246,6.483,133,151.578125,0,3
running,2022,12,30,2022-12-30T18:10:58Z,1609.34,8.24036866359447,494.495,125,150.546875,11,17
running,2022,12,30,2022-12-30T18:16:56Z,1609.34,5.97247828991316,358.375,147,160.59375,21,14
running,2022,12,30,2022-12-30T18:22:43Z,1609.34,5.78442958809575,347.058,153,158.609375,4,18
running,2022,12,30,2022-12-30T18:28:42Z,1609.34,5.98180196253345,358.868,165,160.828125,27,9
running,2022,12,30,2022-12-30T18:30:14Z,134.3,18.3463748290014,91.884,156,105.71875,2,0
running,2022,12,30,2022-12-30T18:38:48Z,1609.34,8.56671989779623,513.928,148,147.125,20,23
running,2022,12,30,2022-12-30T18:43:02Z,803.53,8.05477477477477,241.29,155,150.203125,2,7
running,2022,12,31,2022-12-31T18:08:57Z,1609.34,9.57600856836844,574.527,130,146.84375,112,18
running,2022,12,31,2022-12-31T18:18:03Z,1609.34,9.10159484221242,546.187,140,152.578125,26,15
running,2022,12,31,2022-12-31T18:27:30Z,1609.34,9.44450704225352,566.72,136,147.078125,9,31
running,2022,12,31,2022-12-31T18:36:43Z,1609.34,9.21731958762886,553.109,137,151.203125,12,15
running,2022,12,31,2022-12-31T18:46:43Z,1609.34,9.43786066150598,599.553,137,151.890625,29,13
running,2022,12,31,2022-12-31T18:56:36Z,1609.34,9.6,593.638,127,135.015625,14,17
running,2022,12,31,2022-12-31T19:06:33Z,1609.34,8.91405782652044,596.383,135,148,24,13
running,2022,12,31,2022-12-31T19:15:03Z,1609.34,8.5069457659372,510.4,136,149.078125,7,22
running,2022,12,31,2022-12-31T19:24:50Z,1609.34,8.68319844609906,586.638,133,149.796875,16,16
running,2022,12,31,2022-12-31T19:37:45Z,1609.34,8.85519973588643,775.216,127,149.375,7,9
running,2022,12,31,2022-12-31T19:48:05Z,1609.34,10.3322033898305,619.862,132,153.3125,26,24
running,2022,12,31,2022-12-31T19:59:35Z,33.32,14.2445034519384,17.694,127,152.609375,0,2
running,2023,1,2,2023-01-02T20:37:09Z,1609.34,9.45782792665726,609.093,123,134.3125,13,17
running,2023,1,2,2023-01-02T20:46:19Z,1609.34,9.17632569278139,550.559,134,151.5,22,9
running,2023,1,2,2023-01-02T20:54:57Z,1609.34,8.62733998070119,517.596,138,147.71875,6,4
running,2023,1,2,2023-01-02T21:03:52Z,1609.34,8.91998669770535,535.285,135,152.828125,12,15
running,2023,1,2,2023-01-02T21:13:04Z,1609.34,9.19835390946502,551.912,136,149.578125,11,7
running,2023,1,2,2023-01-02T21:18:16Z,806.26,9.27789692148046,296.342,130,142.328125,2,10
cycling,2023,1,3,2023-01-03T00:29:01Z,8046.72,14.4985945945946,4349.063,117,513.984375,127,123
cycling,2023,1,3,2023-01-03T00:34:18Z,755.54,11.1993319415449,315.492,115,513.984375,5,11
running,2023,1,3,2023-01-03T23:36:24Z,1609.34,7.93562130177515,476.154,145,154.65625,27,12
running,2023,1,3,2023-01-03T23:44:31Z,1609.34,8.128,487.656,146,151.078125,18,17
running,2023,1,3,2023-01-03T23:52:30Z,1609.34,7.96862745098039,478.122,143,151.109375,20,21
running,2023,1,3,2023-01-03T23:56:36Z,810.16,7.98999106344951,241.336,138,148.421875,6,19
running,2023,1,5,2023-01-05T00:12:41Z,1609.34,9.55894511760513,588.037,121,148.9375,20,23
running,2023,1,5,2023-01-05T00:22:23Z,1609.34,9.55553972212326,582.62,137,148.15625,26,13
running,2023,1,5,2023-01-05T00:31:36Z,1609.34,9.21731958762886,552.969,135,146.359375,5,11
running,2023,1,5,2023-01-05T00:40:50Z,1609.34,9.23318416523236,553.912,138,153.34375,12,11
running,2023,1,5,2023-01-05T00:51:01Z,1609.34,9.64487594390507,610.766,138,145.875,19,12
running,2023,1,5,2023-01-05T01:00:05Z,1609.34,9.07081501521813,544.221,148,152.359375,8,6
running,2023,1,5,2023-01-05T01:00:40Z,101.39,8.36892355694228,31.631,141,146.28125,0,4
running,2023,1,6,2023-01-06T00:25:33Z,1609.34,7.60056673278549,456.064,140,150.9375,7,27
running,2023,1,6,2023-01-06T00:26:40Z,238.91,7.52170499158721,67.006,151,152.828125,0,2
running,2023,1,6,2023-01-06T00:31:41Z,1609.34,5.01728395061728,301.019,164,169.25,5,3
running,2023,1,6,2023-01-06T00:31:54Z,66.96,5.09253844693374,12.713,173,167.328125,0,0
running,2023,1,6,2023-01-06T00:34:26Z,464.13,8.8,152.29,156,147.796875,0,0
running,2023,1,6,2023-01-06T00:38:27Z,1220.77,5.29250197316496,240.879,171,166.296875,0,3
running,2023,1,6,2023-01-06T00:40:28Z,330.87,9.79277108433735,120.811,164,133,2,0
running,2023,1,6,2023-01-06T00:43:29Z,928.33,5.23875,181.328,166,166.796875,0,5
running,2023,1,6,2023-01-06T00:45:03Z,242.83,10.3163076923077,93.397,169,122.3125,0,0
running,2023,1,6,2023-01-06T00:47:03Z,624.57,5.18207109737249,120.663,166,168.546875,0,0
running,2023,1,6,2023-01-06T00:48:04Z,135.47,12.0010738255034,60.604,170,87.703125,2,0
running,2023,1,6,2023-01-06T00:49:05Z,340.05,4.81551166965889,61.048,166,178.28125,0,5
running,2023,1,6,2023-01-06T00:58:44Z,1609.34,9.43786066150598,578.828,151,141.828125,11,10
running,2023,1,6,2023-01-06T00:58:50Z,8.71,10.0911963882619,3.276,148,145,0,0
cycling,2023,1,7,2023-01-07T17:11:47Z,8046.72,14.0504976427449,4215.208,142,513.984375,426,284
cycling,2023,1,7,2023-01-07T17:31:18Z,2429.84,12.9015873015873,1168.601,120,513.984375,20,166
running,2023,1,7,2023-01-07T22:54:39Z,1609.34,7.98761167361525,479.263,128,152.5,16,9
running,2023,1,7,2023-01-07T23:02:31Z,1609.34,7.86811381636844,472.125,140,151.609375,15,14
running,2023,1,7,2023-01-07T23:10:10Z,1609.34,7.65916619074814,459.532,144,151.078125,12,16
running,2023,1,7,2023-01-07T23:18:02Z,1609.34,7.86350043975374,471.758,149,151.109375,25,22
running,2023,1,7,2023-01-07T23:25:44Z,1609.34,7.69873708381171,461.937,142,151.34375,16,13
running,2023,1,7,2023-01-07T23:33:33Z,1609.34,7.80855895196507,468.506,146,151.15625,13,21
running,2023,1,7,2023-01-07T23:34:47Z,258.61,7.50696893366919,72.375,143,152.0625,2,2
running,2023,1,8,2023-01-08T17:43:41Z,1609.34,8.49347688410386,509.537,119,151.953125,23,34
running,2023,1,8,2023-01-08T17:52:24Z,1609.34,8.7029201817002,522.245,132,149.890625,27,26
running,2023,1,8,2023-01-08T18:01:06Z,1609.34,8.70857142857143,522.445,131,150.546875,21,18
running,2023,1,8,2023-01-08T18:09:23Z,1609.34,8.28363187152563,496.947,136,150.734375,11,30
running,2023,1,8,2023-01-08T18:18:01Z,1609.34,8.63289346636627,517.981,140,152,34,19
running,2023,1,8,2023-01-08T18:26:38Z,1609.34,8.61902313624679,517.184,136,151.65625,41,31
running,2023,1,8,2023-01-08T18:34:53Z,1609.34,8.24290104486786,494.508,135,152.03125,15,23
running,2023,1,8,2023-01-08T18:43:21Z,1609.34,8.47469194312796,508.413,139,152.4375,11,9
running,2023,1,8,2023-01-08T18:51:16Z,1609.34,7.91221238938053,474.729,145,153.203125,20,21
running,2023,1,8,2023-01-08T18:59:57Z,1609.34,8.69445705024311,521.603,148,152.703125,14,13
running,2023,1,8,2023-01-08T19:01:18Z,192.58,8.51775166719594,61.159,142,153.46875,2,3
running,2023,1,10,2023-01-10T00:06:23Z,1609.34,7.56626234132581,454.021,130,152.828125,12,16
running,2023,1,10,2023-01-10T00:12:00Z,1609.34,5.61138075313808,336.666,149,165,16,5
running,2023,1,10,2023-01-10T00:16:28Z,868.74,8.28363187152563,268.29,147,148.359375,7,7
running,2023,1,10,2023-01-10T00:21:52Z,1609.34,5.38602409638554,323.14,163,165.609375,16,17
running,2023,1,10,2023-01-10T00:26:10Z,819.64,8.47469194312796,258.954,153,148.390625,5,7
running,2023,1,10,2023-01-10T00:31:23Z,1609.34,5.21633605600933,312.99,179,164.578125,2,16
running,2023,1,10,2023-01-10T00:39:51Z,1609.34,8.46666666666667,507.995,152,149.0625,18,13
running,2023,1,10,2023-01-10T00:40:25Z,100.11,8.36109725685786,31.206,151,151.28125,2,0
running,2023,1,10,2023-01-10T19:18:27Z,1609.34,8.30672034685661,498.353,134,153.390625,13,14
running,2023,1,10,2023-01-10T19:26:37Z,1609.34,8.16262933657943,489.781,138,152.046875,16,8
running,2023,1,10,2023-01-10T19:34:40Z,1609.34,8.05961538461538,483.595,135,151.703125,10,15
running,2023,1,10,2023-01-10T19:42:42Z,1609.34,8.02345198923123,481.386,136,152.078125,11,9
running,2023,1,10,2023-01-10T19:43:18Z,112.52,8.57219558964525,35.965,140,151,0,0
running,2023,1,10,2023-01-10T19:43:22Z,4.81,8.21513016845329,1.473,137,148,0,0
running,2023,1,11,2023-01-11T18:52:25Z,1609.34,8.46399495108867,507.828,140,151.9375,14,16
running,2023,1,11,2023-01-11T19:01:00Z,1609.34,8.59692307692308,515.748,147,151.890625,20,17
running,2023,1,11,2023-01-11T19:09:31Z,1609.34,8.51775166719594,511.002,155,152.09375,25,20
running,2023,1,11,2023-01-11T19:17:42Z,1609.34,8.170088333841,490.256,160,152.046875,17,15
running,2023,1,11,2023-01-11T19:19:30Z,381.62,7.44652970571905,105.961,163,152.421875,2,4
running,2023,1,13,2023-01-13T00:30:59Z,1609.34,8.67196896217265,530.255,130,146.703125,30,0
running,2023,1,13,2023-01-13T00:40:03Z,1609.34,8.75976485956891,542.704,134,150.0625,15,21
running,2023,1,13,2023-01-13T00:51:10Z,1609.34,10.0760330578512,667.138,125,147.265625,18,15
running,2023,1,13,2023-01-13T00:59:56Z,1609.34,8.61348747591522,525.749,133,151.03125,0,19
running,2023,1,13,2023-01-13T01:08:14Z,1609.34,8.30672034685661,498.442,134,152.359375,10,23
running,2023,1,13,2023-01-13T01:09:22Z,207.17,8.23530856616518,63.611,135,151.84375,0,0
running,2023,1,13,2023-01-13T23:18:47Z,1609.34,8.27851851851852,567.758,137,149.375,32,0
running,2023,1,13,2023-01-13T23:27:06Z,1609.34,8.15766423357664,498.356,149,150.53125,4,3
running,2023,1,13,2023-01-13T23:35:14Z,1609.34,7.96153161175423,488.135,150,150.78125,0,7
running,2023,1,13,2023-01-13T23:42:56Z,1609.34,7.70758620689655,462.454,156,152.0625,2,2
running,2023,1,13,2023-01-13T23:51:09Z,1609.34,8.20256880733945,492.106,147,152.40625,2,0
running,2023,1,13,2023-01-13T23:59:49Z,1609.34,8.448,520.452,149,153.09375,2,16
running,2023,1,14,2023-01-14T00:08:04Z,1609.34,8.11324863883847,494.718,154,150.828125,15,16
running,2023,1,14,2023-01-14T00:11:08Z,534.68,7.62649985783338,152.01,154,151.703125,0,11
cycling,2023,1,14,2023-01-14T17:38:06Z,8046.72,9.27148288973384,2781.472,109,513.984375,100,91
cycling,2023,1,14,2023-01-14T18:28:04Z,8046.72,6.42914669223394,2997.575,128,513.984375,33,27
cycling,2023,1,14,2023-01-14T19:15:51Z,7328.59,8.01865470852018,2398.14,113,513.984375,57,60
cycling,2023,1,14,2023-01-14T20:53:44Z,8046.72,16.9333333333333,5417.326,133,513.984375,222,240
cycling,2023,1,14,2023-01-14T21:06:14Z,2388.92,8.39774577332498,747.854,124,513.984375,37,37
running,2023,1,15,2023-01-15T23:23:09Z,1609.34,8.73693811074919,524.268,130,149.578125,9,18
running,2023,1,15,2023-01-15T23:32:07Z,1609.34,8.96770310932798,538.009,139,149.5,26,21
running,2023,1,15,2023-01-15T23:41:01Z,1609.34,8.8963184079602,533.76,144,149.375,17,27
running,2023,1,15,2023-01-15T23:49:35Z,1609.34,8.5639846743295,513.82,145,149.09375,21,10
running,2023,1,15,2023-01-15T23:51:20Z,330.6,8.09855072463768,99.829,150,150.15625,2,4
running,2023,1,16,2023-01-16T20:10:53Z,1609.34,9.71826086956522,582.992,130,147.859375,13,13
running,2023,1,16,2023-01-16T20:20:32Z,1609.34,9.65181720043181,579.156,138,149.640625,16,9
running,2023,1,16,2023-01-16T20:31:49Z,1609.34,9.81427003293084,676.726,132,151.3125,18,18
running,2023,1,16,2023-01-16T20:41:40Z,1609.34,9.43454097784031,590.819,130,149.546875,9,9
running,2023,1,16,2023-01-16T20:51:37Z,1609.34,9.54194236926361,596.964,132,152.921875,15,14
running,2023,1,16,2023-01-16T21:00:57Z,1519.01,9.36863429968564,535.793,129,146.53125,4,9
running,2023,1,17,2023-01-17T23:52:41Z,1609.34,9.97115241635688,598.245,135,145.828125,13,10
running,2023,1,18,2023-01-18T00:02:27Z,1609.34,9.77136612021858,586.266,137,150.875,15,9
running,2023,1,18,2023-01-18T00:11:48Z,1609.34,9.34904147786685,561.036,142,144.828125,11,9
running,2023,1,18,2023-01-18T00:23:03Z,1609.34,9.99716734998136,674.983,137,147.671875,16,21
running,2023,1,18,2023-01-18T00:32:28Z,1609.34,9.42128556375132,565.247,145,150.78125,16,13
running,2023,1,18,2023-01-18T00:36:53Z,747.59,9.4279086115993,262.784,139,150.515625,5,7
running,2023,1,19,2023-01-19T00:48:29Z,1609.34,9.48123011664899,568.821,135,146.28125,13,7
running,2023,1,19,2023-01-19T00:58:11Z,1609.34,9.68667388949079,581.127,144,149.140625,16,15
running,2023,1,19,2023-01-19T01:07:29Z,1609.34,9.31010065949323,558.518,143,150.21875,11,15
running,2023,1,19,2023-01-19T01:17:50Z,1609.34,9.49129511677282,620.257,140,150.6875,16,13
running,2023,1,19,2023-01-19T01:22:26Z,853.35,8.59967938441808,273.619,150,148.171875,7,12
running,2023,1,20,2023-01-20T00:15:20Z,1609.34,7.46726057906459,448.015,141,152,14,16
running,2023,1,20,2023-01-20T00:23:58Z,1609.34,7.88662158188768,517.005,149,150.796875,38,4
running,2023,1,20,2023-01-20T00:24:47Z,85.94,12.6819858156028,48.974,160,107.78125,0,0
running,2023,1,20,2023-01-20T00:29:42Z,1609.34,4.92877618522602,295.716,160,168.609375,0,0
running,2023,1,20,2023-01-20T00:32:17Z,470.12,8.80866995073892,154.371,170,149.296875,0,0
running,2023,1,20,2023-01-20T00:36:18Z,1278.26,5.06943866943867,241.608,156,167.578125,4,4
running,2023,1,20,2023-01-20T00:38:22Z,305.43,10.8154838709677,123.161,151,139.46875,0,0
running,2023,1,20,2023-01-20T00:41:23Z,926.29,5.25929411764706,181.635,156,159.609375,0,0
running,2023,1,20,2023-01-20T00:42:54Z,204.76,11.873572377158,90.629,152,124.9375,0,0
running,2023,1,20,2023-01-20T00:44:55Z,622.06,5.20722189866045,120.765,158,166.9375,0,2
running,2023,1,20,2023-01-20T00:45:57Z,137.34,12.0930568079351,61.93,155,112.84375,2,0
running,2023,1,20,2023-01-20T00:46:58Z,335.13,4.908032936871,61.324,153,162.59375,0,0
running,2023,1,20,2023-01-20T00:48:04Z,99.2,17.8221926910299,65.919,153,108.15625,0,2
running,2023,1,20,2023-01-20T00:57:51Z,1609.34,9.11396534148828,587.014,142,146.6875,7,35
running,2023,1,20,2023-01-20T01:07:46Z,1550.21,10.1064054257724,591.211,143,146.046875,13,10
running,2023,1,21,2023-01-21T17:39:21Z,1609.34,8.44268177525968,506.576,133,152.390625,12,17
running,2023,1,21,2023-01-21T17:48:14Z,1609.34,8.88158940397351,532.972,147,150.78125,47,16
running,2023,1,21,2023-01-21T17:56:37Z,1609.34,8.39249061326658,503.535,141,150.5,15,38
running,2023,1,21,2023-01-21T18:05:49Z,1609.34,8.18504729935917,551.629,142,149.203125,4,30
running,2023,1,21,2023-01-21T18:13:52Z,1609.34,8.04269865067466,482.591,142,151.078125,6,7
running,2023,1,21,2023-01-21T18:22:05Z,1609.34,8.23025467934949,493.804,144,150.9375,34,7
running,2023,1,21,2023-01-21T18:30:07Z,1609.34,8.03306379155436,481.954,147,151,16,7
running,2023,1,21,2023-01-21T18:38:03Z,1609.34,7.92389955686854,475.487,147,148.703125,14,13
running,2023,1,21,2023-01-21T18:45:55Z,1609.34,7.87273260933372,472.307,141,151.15625,10,14
running,2023,1,21,2023-01-21T18:53:36Z,1609.34,7.67450643776824,460.459,147,151.109375,12,19
running,2023,1,21,2023-01-21T18:53:59Z,57.43,10.0987951807229,21.622,152,147.328125,0,0
running,2023,1,22,2023-01-22T18:31:01Z,1609.34,9.00987571380584,540.554,126,152.203125,7,40
running,2023,1,22,2023-01-22T18:40:09Z,1609.34,9.14503920900102,548.612,137,154.96875,15,48
running,2023,1,22,2023-01-22T18:51:24Z,1609.34,10.6438095238095,674.59,130,152.421875,76,39
running,2023,1,22,2023-01-22T19:00:57Z,1609.34,9.54873620505518,572.958,135,153.6875,54,15
running,2023,1,22,2023-01-22T19:02:25Z,292.51,7.72089810017271,84.198,131,152.171875,0,7
running,2023,1,24,2023-01-24T00:26:08Z,1609.34,7.98048199940494,478.824,143,152.875,11,4
running,2023,1,24,2023-01-24T00:27:33Z,215.67,9.17946611909651,73.818,148,150.328125,0,2
running,2023,1,24,2023-01-24T00:47:40Z,1609.34,10.0722493428464,604.442,143,143.703125,13,11
running,2023,1,24,2023-01-24T00:57:25Z,1609.34,9.75005452562704,584.931,153,152.078125,15,12
running,2023,1,24,2023-01-24T01:08:43Z,1609.34,9.73943355119826,677.875,146,144.078125,11,15
running,2023,1,24,2023-01-24T01:18:54Z,1609.34,9.93054424287301,611.897,152,139.578125,16,9
running,2023,1,24,2023-01-24T01:26:30Z,1303.83,9.32628650904033,453.377,150,150.65625,9,11
running,2023,1,24,2023-01-24T23:33:14Z,1609.34,10.0046251398732,600.247,136,145.1875,14,13
running,2023,1,24,2023-01-24T23:43:02Z,1609.34,9.80709323583181,588.368,146,147.5625,21,25
running,2023,1,24,2023-01-24T23:53:39Z,1609.34,9.89391368498709,637.324,151,143.40625,13,2
running,2023,1,25,2023-01-25T00:03:14Z,1609.34,9.56917588298252,574.243,151,144.140625,7,28
running,2023,1,25,2023-01-25T00:17:35Z,1202.11,9.78205689277899,438.469,151,147.796875,5,9
running,2023,1,25,2023-01-25T00:32:40Z,1609.34,10.9211726384365,801.092,142,146.46875,30,13
running,2023,1,25,2023-01-25T00:44:09Z,1609.34,11.4871092077088,689.271,148,144.0625,31,19
running,2023,1,25,2023-01-25T00:45:09Z,157,9.83947175348496,57.6,155,130.609375,0,6
running,2023,1,26,2023-01-26T00:50:33Z,1609.34,8.00668656716418,480.366,138,152.265625,11,13
running,2023,1,26,2023-01-26T00:56:27Z,1609.34,5.90281690140845,354.165,155,161.5625,13,15
running,2023,1,26,2023-01-26T01:02:09Z,1609.34,5.69961750956226,341.972,167,161.921875,12,9
running,2023,1,26,2023-01-26T01:07:34Z,1609.34,5.41647819063005,324.986,169,164.546875,21,30
running,2023,1,26,2023-01-26T01:17:00Z,1609.34,9.43122362869198,565.774,148,143.90625,16,8
running,2023,1,26,2023-01-26T01:18:12Z,215.88,8.48273244781784,68.279,153,150.375,0,2
running,2023,1,26,2023-01-26T23:43:15Z,1609.34,9.64487594390507,578.593,138,148.578125,14,11
running,2023,1,26,2023-01-26T23:53:06Z,1609.34,9.83947175348496,590.31,147,149.765625,15,9
running,2023,1,27,2023-01-27T00:03:27Z,1609.34,9.64140905823149,621.148,151,148.6875,9,16
running,2023,1,27,2023-01-27T00:13:21Z,1609.34,9.90853343184337,594.513,165,146.953125,18,11
running,2023,1,27,2023-01-27T00:13:28Z,9.84,12.1203795752372,4.447,165,154.40625,0,0
running,2023,1,27,2023-01-27T23:21:36Z,1609.34,8.17257769652651,490.349,129,150.515625,11,31
running,2023,1,27,2023-01-27T23:31:47Z,1609.34,10.1754172989378,610.595,133,127.140625,60,31
running,2023,1,27,2023-01-27T23:40:44Z,1609.34,8.94974974974975,536.895,134,149.90625,28,33
running,2023,1,27,2023-01-27T23:43:04Z,463.05,7.82222222222222,135.057,137,150.078125,4,7
running,2023,1,28,2023-01-28T19:26:49Z,1609.34,8.07660343270099,484.631,143,151.84375,11,17
running,2023,1,28,2023-01-28T19:35:02Z,1609.34,8.21764705882353,493.043,149,148.96875,13,6
running,2023,1,28,2023-01-28T19:38:23Z,656.68,8.20507800550627,200.851,159,151.5625,2,3
running,2023,1,28,2023-01-28T19:44:11Z,1609.34,5.80445790954339,348.255,173,167.265625,19,16
running,2023,1,28,2023-01-28T19:44:32Z,85.2,6.56928728875827,20.864,173,169.5,0,0
running,2023,1,28,2023-01-28T19:47:59Z,291.29,19.05,206.839,134,100.5,2,5
running,2023,1,28,2023-01-28T19:53:48Z,1609.34,5.81578490893322,348.919,157,167.828125,17,14
running,2023,1,28,2023-01-28T19:54:11Z,103.96,6.04925575101489,23.447,168,169.40625,0,0
running,2023,1,28,2023-01-28T19:56:16Z,194.71,17.1938461538462,124.844,153,110.90625,0,5
running,2023,1,28,2023-01-28T20:05:28Z,1609.34,9.10777589134126,551.467,155,149.265625,18,13
running,2023,1,28,2023-01-28T20:14:01Z,1609.34,8.55578947368421,513.385,157,151.984375,11,7
running,2023,1,28,2023-01-28T20:22:21Z,1609.34,8.33770593720858,500.218,160,150.96875,14,14
running,2023,1,28,2023-01-28T20:25:52Z,715.18,7.83135766423358,208.824,161,151.671875,4,7
running,2023,1,29,2023-01-29T20:55:17Z,1609.34,10.0008948545861,600.066,126,149.6875,11,13
running,2023,1,29,2023-01-29T21:05:30Z,1609.34,9.47453196750265,612.777,134,147.046875,14,6
running,2023,1,29,2023-01-29T21:16:05Z,1609.34,9.04939271255061,635.05,139,150.578125,4,4
running,2023,1,29,2023-01-29T21:25:23Z,1609.34,8.98572864321608,558.162,150,147.90625,14,16
running,2023,1,29,2023-01-29T21:34:27Z,1609.34,9.07081501521813,544.323,147,149.390625,11,12
running,2023,1,29,2023-01-29T21:35:09Z,120.95,8.70574488802337,39.254,151,148.53125,0,0
running,2023,1,31,2023-01-31T00:51:12Z,1609.34,8.49616724738676,509.807,144,149.890625,11,14
running,2023,1,31,2023-01-31T00:59:52Z,1609.34,8.66636510500808,519.984,160,150.234375,30,15
running,2023,1,31,2023-01-31T01:08:16Z,1609.34,8.39511737089202,503.749,159,149.40625,26,29
running,2023,1,31,2023-01-31T01:20:00Z,1427.86,7.9995228153892,692.055,147,149.765625,4,10
running,2023,2,1,2023-02-01T00:21:37Z,1594.54,8.15766423357664,484.916,144,150.65625,7,10
running,2023,2,1,2023-02-01T00:26:38Z,1501.99,5.38170144462279,301.336,161,169,2,2
running,2023,2,1,2023-02-01T00:29:13Z,445.83,9.22683178534572,153.366,157,140.09375,0,0
running,2023,2,1,2023-02-01T00:33:15Z,1197.46,5.42634027918268,242.241,163,166.6875,0,0
running,2023,2,1,2023-02-01T00:35:04Z,270.66,10.819846712384,109.198,163,133.15625,0,2
running,2023,2,1,2023-02-01T00:38:06Z,893.05,5.45614320585842,181.663,165,166.5,2,0
running,2023,2,1,2023-02-01T00:39:51Z,247.43,11.355800169348,104.76,165,131.8125,0,2
running,2023,2,1,2023-02-01T00:41:52Z,586.09,5.53724194880264,121,167,166.359375,2,0
running,2023,2,1,2023-02-01T00:42:52Z,127.52,12.7847473784557,60.774,172,108.25,0,0
running,2023,2,1,2023-02-01T00:43:53Z,311.33,5.23670441233893,60.78,166,170.34375,0,2
running,2023,2,1,2023-02-01T00:44:54Z,130.94,12.4929669306008,60.992,172,122.015625,0,0
running,2023,2,1,2023-02-01T00:45:55Z,313.33,5.23466042154567,61.148,173,172.34375,0,0
running,2023,2,1,2023-02-01T00:46:56Z,121.65,13.4313470205308,60.926,178,125.125,2,0
running,2023,2,1,2023-02-01T00:47:58Z,314.84,5.2551724137931,61.689,172,171.484375,0,0
running,2023,2,1,2023-02-01T00:48:59Z,92.08,17.8816,61.392,174,106.015625,0,0
running,2023,2,1,2023-02-01T00:57:47Z,1298.05,9.44783374427615,525.62,151,143.84375,12,9
running,2023,2,2,2023-02-02T23:54:07Z,1609.34,8.30414860681115,498.276,141,146.140625,14,17
running,2023,2,3,2023-02-03T00:02:51Z,1609.34,8.73409312927385,524.108,153,151.828125,17,7
running,2023,2,3,2023-02-03T00:12:14Z,1609.34,8.46132492113565,563.482,148,146.828125,2,11
running,2023,2,3,2023-02-03T00:20:57Z,1609.34,8.71706207344816,523.011,143,149.078125,17,9
running,2023,2,3,2023-02-03T00:28:13Z,1355.96,8.16760048721072,412.874,145,146.453125,11,14
running,2023,2,4,2023-02-04T20:56:20Z,1609.34,7.81766248907024,468.994,132,149.5625,14,12
running,2023,2,4,2023-02-04T21:03:55Z,1609.34,7.58337574215437,454.979,141,150.015625,21,28
running,2023,2,4,2023-02-04T21:11:51Z,1609.34,7.65042783799201,475.617,144,148.578125,4,9
running,2023,2,4,2023-02-04T21:19:48Z,1609.34,7.95444839857651,477.234,154,149.78125,29,23
running,2023,2,4,2023-02-04T21:27:47Z,1609.34,7.9757359500446,478.49,165,151.109375,35,15
running,2023,2,4,2023-02-04T21:35:53Z,1609.34,8.11079528273359,486.59,162,150.671875,37,25
running,2023,2,4,2023-02-04T21:43:16Z,1609.34,7.37486939785538,442.472,161,150.578125,14,37
running,2023,2,4,2023-02-04T21:51:10Z,1609.34,7.8982332155477,473.884,164,150.546875,17,7
running,2023,2,4,2023-02-04T21:51:17Z,14,10.04960659423,5.244,160,149,0,0
running,2023,2,5,2023-02-05T17:09:27Z,1609.34,7.25125709651257,435.094,127,150.78125,2,79
running,2023,2,5,2023-02-05T17:16:55Z,1609.34,7.46726057906459,448.046,133,148.859375,0,34
running,2023,2,5,2023-02-05T17:24:01Z,1609.34,7.09775072770574,425.886,148,151.8125,2,4
running,2023,2,5,2023-02-05T17:32:25Z,1609.34,8.39511737089202,503.631,156,154.40625,94,2
running,2023,2,5,2023-02-05T17:39:38Z,1609.34,7.22586206896552,433.507,159,151.875,23,27
running,2023,2,5,2023-02-05T17:47:24Z,1609.34,7.76111111111111,465.691,159,152.546875,48,22
running,2023,2,5,2023-02-05T17:48:45Z,217.94,7.26697371985912,59.052,148,151.140625,0,2
running,2023,2,7,2023-02-07T00:44:36Z,1609.34,7.69652797704448,461.795,145,152.328125,11,18
running,2023,2,7,2023-02-07T00:51:16Z,1329.28,8.08390596745027,400.597,153,150.265625,24,2
running,2023,2,7,2023-02-07T00:51:29Z,44.44,7.73425605536332,12.816,158,94,0,0
running,2023,2,7,2023-02-07T00:52:06Z,91.56,10.9034146341463,37.215,155,125.671875,6,3
running,2023,2,7,2023-02-07T00:52:20Z,55.21,6.66229508196721,13.712,152,135.78125,0,0
running,2023,2,7,2023-02-07T00:53:10Z,104,12.9827686350436,50.347,152,130,4,4
running,2023,2,7,2023-02-07T00:53:24Z,61.22,5.9302233031174,13.535,144,77.078125,0,0
running,2023,2,7,2023-02-07T00:54:18Z,120.93,12.0930568079351,54.524,143,144.53125,5,5
running,2023,2,7,2023-02-07T00:54:33Z,58.58,6.44769230769231,14.083,135,97.671875,0,0
running,2023,2,7,2023-02-07T00:55:12Z,48.39,21.8779771615008,39.48,138,118.203125,6,0
running,2023,2,7,2023-02-07T00:55:29Z,80.56,5.48515337423313,16.475,136,162,0,0
running,2023,2,7,2023-02-07T01:04:14Z,1609.34,8.51234528721041,525.883,148,142.109375,16,31
running,2023,2,7,2023-02-07T01:10:35Z,1308.7,7.74542304360381,377.959,163,148.921875,6,9
running,2023,2,8,2023-02-08T01:13:56Z,1609.34,8.99175326852162,565.284,133,149.875,12,14
running,2023,2,8,2023-02-08T01:23:01Z,1609.34,9.07695431472081,544.605,148,148.375,16,10
running,2023,2,8,2023-02-08T01:33:59Z,1609.34,9.14503920900102,658.229,140,152,9,12
running,2023,2,8,2023-02-08T01:43:22Z,1609.34,9.37846153846154,562.804,146,151.046875,15,13
running,2023,2,8,2023-02-08T01:47:20Z,689.55,9.18575342465753,236.149,149,151.25,6,7
running,2023,2,9,2023-02-09T00:13:10Z,1609.34,7.91221238938053,474.728,136,152.984375,14,18
running,2023,2,9,2023-02-09T00:21:31Z,1609.34,8.35588785046729,501.345,151,150.546875,19,20
running,2023,2,9,2023-02-09T00:29:33Z,1609.34,8.02825501346902,481.652,149,150.625,20,4
running,2023,2,9,2023-02-09T00:34:22Z,215.96,7.75437987857762,62.444,154,149.890625,0,8
running,2023,2,9,2023-02-09T00:45:01Z,1609.34,9.79277108433735,587.469,152,147.046875,11,18
running,2023,2,9,2023-02-09T00:54:02Z,1609.34,9.02807135644564,541.596,157,152.546875,14,9
running,2023,2,9,2023-02-09T01:03:13Z,1609.34,9.17946611909651,550.826,149,148.59375,14,15
running,2023,2,9,2023-02-09T01:07:13Z,750.92,8.49078822412156,237.7,141,151.53125,7,9
running,2023,2,11,2023-02-11T23:24:27Z,1609.34,8.43737024221453,506.302,129,151.328125,10,14
running,2023,2,11,2023-02-11T23:33:21Z,1609.34,8.89336870026525,533.516,138,150.09375,29,12
running,2023,2,11,2023-02-11T23:43:15Z,1609.34,9.08925787868519,594.093,134,145.828125,10,16
running,2023,2,11,2023-02-11T23:51:44Z,1609.34,8.47737041719343,508.629,147,147.765625,14,11
running,2023,2,11,2023-02-11T23:51:58Z,36.33,8.2479704797048,11.172,152,150.546875,0,2
running,2023,2,15,2023-02-15T00:51:05Z,1609.34,7.88198648251543,472.98,140,150.890625,13,14
running,2023,2,15,2023-02-15T00:58:59Z,1609.34,7.90055964653903,474.013,154,149.265625,15,9
running,2023,2,15,2023-02-15T01:07:09Z,1609.34,8.17506857665346,490.448,159,149.40625,16,16
running,2023,2,15,2023-02-15T01:14:51Z,1609.34,7.69432013769363,461.657,165,149.421875,9,12
running,2023,2,15,2023-02-15T01:17:02Z,11.42,11.3654237288136,4.839,163,147,0,0
running,2023,2,16,2023-02-16T00:46:08Z,1609.34,8.99175326852162,539.479,138,147.375,11,19
running,2023,2,16,2023-02-16T00:55:28Z,1609.34,9.32628650904033,559.63,150,152.1875,23,9
running,2023,2,16,2023-02-16T01:04:20Z,1609.34,8.86397884996695,531.893,159,149.34375,9,15
running,2023,2,16,2023-02-16T01:13:43Z,1609.34,9.38830941547077,563.259,152,143.359375,13,10
running,2023,2,18,2023-02-18T17:46:37Z,1609.34,8.24036866359447,494.349,143,151.765625,14,17
running,2023,2,18,2023-02-18T17:55:22Z,1609.34,8.74833659491194,524.865,156,150.9375,28,8
running,2023,2,18,2023-02-18T18:03:52Z,1609.34,8.49616724738676,509.79,154,150.53125,7,23
running,2023,2,18,2023-02-18T18:10:25Z,1241.55,8.49616724738676,393.208,164,150.75,9,19
running,2023,2,18,2023-02-18T18:10:38Z,52.9,6.37717546362339,12.578,156,154.15625,0,0
running,2023,2,18,2023-02-18T18:11:34Z,105.44,14.3205552589429,56.287,153,121.90625,3,2
running,2023,2,18,2023-02-18T18:11:46Z,34.81,9.38830941547077,12.182,140,81.25,0,0
running,2023,2,18,2023-02-18T18:12:48Z,109.33,15.1968271954674,61.926,130,107.078125,3,2
running,2023,2,18,2023-02-18T18:13:00Z,47.2,6.88106721395587,12.108,117,98.078125,0,2
running,2023,2,18,2023-02-18T18:14:15Z,119.08,16.7535290443473,74.364,123,102.765625,5,4
running,2023,2,18,2023-02-18T18:14:27Z,52.34,6.0615593220339,11.828,114,108.578125,0,0
running,2023,2,18,2023-02-18T18:16:54Z,415.11,9.40476858345021,145.528,144,150.78125,14,0
running,2023,2,19,2023-02-19T17:51:17Z,1609.34,8.58866474543708,515.242,143,152.671875,12,13
running,2023,2,19,2023-02-19T18:00:15Z,1609.34,8.97070234113712,538.229,152,151.4375,48,16
running,2023,2,19,2023-02-19T18:08:49Z,1609.34,8.44534005037783,513.873,158,150.359375,12,32
running,2023,2,19,2023-02-19T18:17:10Z,1609.34,8.34808590102708,500.896,150,152.046875,12,22
running,2023,2,19,2023-02-19T18:26:24Z,1609.34,8.10589301903898,553.173,142,151.09375,12,7
running,2023,2,19,2023-02-19T18:34:25Z,1609.34,8.01865470852018,481.069,146,151.203125,16,12
running,2023,2,19,2023-02-19T18:42:14Z,1609.34,7.80628637951106,468.382,147,150.734375,14,16
running,2023,2,19,2023-02-19T18:49:47Z,1609.34,7.55560563380282,453.336,158,150.796875,13,16
running,2023,2,19,2023-02-19T18:49:58Z,21.07,10.7763760546404,8.467,156,146.78125,0,0
running,2023,2,21,2023-02-21T00:49:27Z,1609.34,9.21098901098901,580.114,138,142.46875,14,11
running,2023,2,21,2023-02-21T01:00:05Z,1609.34,9.16378544584899,637.888,144,143.65625,27,11
running,2023,2,21,2023-02-21T01:10:22Z,1609.34,9.24910344827586,616.798,148,147.921875,9,13
running,2023,2,21,2023-02-21T01:19:31Z,1609.34,9.14192229038855,548.495,166,149.3125,17,14
running,2023,2,21,2023-02-21T01:24:12Z,903.46,8.29131375579598,279.263,163,150.796875,5,12
running,2023,2,22,2023-02-22T00:06:47Z,1609.34,9.14503920900102,548.662,136,145.453125,14,11
running,2023,2,22,2023-02-22T00:15:50Z,1609.34,9.04024266936299,542.365,152,148.671875,15,9
running,2023,2,22,2023-02-22T00:27:28Z,1609.34,9.12016320979259,698.449,147,145.546875,2,13
running,2023,2,22,2023-02-22T00:40:17Z,1609.34,9.05856129685917,769.188,161,149.484375,19,9
running,2023,2,22,2023-02-22T00:42:30Z,19.26,12.0876070301938,8.681,165,150,0,0
running,2023,2,23,2023-02-23T00:44:34Z,1609.34,9.39159663865546,563.558,144,146.296875,15,12
running,2023,2,23,2023-02-23T00:53:57Z,1609.34,9.17946611909651,562.747,158,147.140625,13,7
running,2023,2,23,2023-02-23T01:03:12Z,1609.34,9.25868139454608,555.612,162,144.640625,7,15
running,2023,2,23,2023-02-23T01:12:34Z,1609.34,9.34252873563218,560.579,166,147.46875,15,14
running,2023,2,23,2023-02-23T01:15:56Z,615.46,8.71423001949318,199.946,164,150.75,7,7
running,2023,2,23,2023-02-23T23:42:39Z,1609.34,9.14503920900102,548.741,138,148.15625,26,18
running,2023,2,23,2023-02-23T23:53:10Z,1609.34,9.34904147786685,631.42,143,144.859375,16,8
running,2023,2,24,2023-02-24T00:02:21Z,1609.34,9.17632569278139,550.614,148,151.734375,9,9
running,2023,2,24,2023-02-24T00:11:35Z,1609.34,9.23000688231246,553.776,160,149.71875,15,30
running,2023,2,24,2023-02-24T00:20:46Z,1609.34,9.19204934886909,551.492,166,151.40625,18,11
running,2023,2,24,2023-02-24T00:20:57Z,25.75,8.62179363548698,8.277,169,120.671875,0,0
cycling,2023,2,25,2023-02-25T21:53:32Z,8046.72,15.2313458262351,4568.988,119,513.984375,297,252
cycling,2023,2,25,2023-02-25T22:05:44Z,2380.39,8.21513016845329,729.012,116,513.984375,48,71
running,2023,2,26,2023-02-26T17:56:19Z,1609.34,8.75976485956891,525.513,137,150.421875,12,14
running,2023,2,26,2023-02-26T18:05:58Z,1609.34,8.84643799472296,578.64,133,148.765625,17,17
running,2023,2,26,2023-02-26T18:14:25Z,1609.34,8.45865657521287,507.516,133,150.40625,25,20
running,2023,2,26,2023-02-26T18:23:11Z,1609.34,8.75976485956891,525.513,136,150.71875,32,26
running,2023,2,26,2023-02-26T18:31:39Z,1609.34,8.47469194312796,508.4,136,150.671875,25,35
running,2023,2,26,2023-02-26T18:39:54Z,1609.34,8.24543498309253,494.658,139,150.171875,27,30
running,2023,2,26,2023-02-26T18:42:47Z,590.11,7.74766031195841,170.468,139,150.90625,2,5
running,2023,2,27,2023-02-27T23:55:04Z,1609.34,9.36536312849162,561.994,135,144.859375,14,11
running,2023,2,28,2023-02-28T00:04:05Z,1609.34,9.00987571380584,540.533,149,149.328125,15,11
running,2023,2,28,2023-02-28T00:26:51Z,1609.34,9.81068032187271,615.223,142,144.078125,16,16
running,2023,2,28,2023-02-28T00:36:08Z,1609.34,9.00382678751259,556.828,151,145.34375,4,6
running,2023,2,28,2023-02-28T00:36:41Z,66.89,10.1754172989378,25.378,161,134.84375,0,2
running,2023,2,28,2023-02-28T17:33:26Z,1609.34,8.79711380780584,527.801,129,153.734375,27,27
running,2023,2,28,2023-02-28T17:41:58Z,1609.34,8.53672819859962,512.196,138,152.078125,26,25
running,2023,2,28,2023-02-28T17:50:36Z,1609.34,8.63567289117836,518.088,140,153.796875,23,14
running,2023,2,28,2023-02-28T17:59:47Z,1609.34,9.17946611909651,550.777,138,152.953125,24,39
running,2023,2,28,2023-02-28T18:01:48Z,241.01,7.9995228153892,71.881,141,152.84375,3,0
running,2023,3,2,2023-03-02T00:34:23Z,1609.34,7.80628637951106,495.023,125,148.125,3,0
running,2023,3,2,2023-03-02T00:43:23Z,1609.34,7.66354285714286,539.312,138,148.65625,10,8
running,2023,3,2,2023-03-02T00:43:33Z,22.08,9.50474840538625,7.825,146,147.25,0,0
running,2023,3,4,2023-03-04T00:27:12Z,1609.34,7.57480937588252,454.434,132,151.8125,12,17
running,2023,3,4,2023-03-04T00:27:32Z,73.19,7.18713826366559,19.612,135,151,0,0
running,2023,3,4,2023-03-04T00:33:00Z,1609.34,5.47843137254902,328.685,152,162.3125,25,5
running,2023,3,4,2023-03-04T00:34:56Z,339.18,9.15752816660977,115.79,153,144.796875,0,21
running,2023,3,4,2023-03-04T00:35:27Z,161.79,5.08288800454804,30.661,148,164.09375,2,0
running,2023,3,4,2023-03-04T00:35:58Z,85,9.81786237188872,31.113,151,154.84375,11,0
running,2023,3,4,2023-03-04T00:36:29Z,147.33,5.68271186440678,31.211,152,173.84375,9,0
running,2023,3,4,2023-03-04T00:37:00Z,83.46,10.0195741501681,31.176,149,148.421875,2,0
running,2023,3,4,2023-03-04T00:37:31Z,156.48,5.33036565977742,31.1,149,165.78125,0,0
running,2023,3,4,2023-03-04T00:38:03Z,98.85,8.55578947368421,31.536,151,149.5625,0,3
running,2023,3,4,2023-03-04T00:38:34Z,179.76,4.6341395991707,31.057,148,166.78125,0,5
running,2023,3,4,2023-03-04T00:39:05Z,90.31,9.18575342465753,30.93,143,150.03125,0,6
running,2023,3,4,2023-03-04T00:39:36Z,171.24,4.83722272317403,30.88,144,172.265625,0,2
running,2023,3,4,2023-03-04T00:40:07Z,82.1,10.1523088569266,31.08,146,121.390625,0,2
running,2023,3,4,2023-03-04T00:40:38Z,175.51,4.70403367239565,30.783,145,171.90625,0,0
running,2023,3,4,2023-03-04T00:42:26Z,156.16,18.6915679442509,108.815,137,111.6875,0,2
running,2023,3,4,2023-03-04T00:51:20Z,1609.34,8.88453130175555,533.077,137,147.296875,21,8
running,2023,3,4,2023-03-04T00:51:36Z,51.83,7.29662676822633,14.102,151,148.359375,0,3
running,2023,3,4,2023-03-04T23:04:13Z,1609.34,8.583168,515.047,135,149.5,7,15
running,2023,3,4,2023-03-04T23:12:42Z,1609.34,8.49347688410386,509.547,161,149.765625,39,2
running,2023,3,4,2023-03-04T23:22:01Z,1609.34,8.43737024221453,558.285,156,147.140625,5,29
running,2023,3,4,2023-03-04T23:30:06Z,1609.34,8.09610624811349,485.775,163,149.03125,15,16
running,2023,3,4,2023-03-04T23:31:36Z,288.24,8.31960297766749,89.392,164,145.015625,0,17
running,2023,3,4,2023-03-04T23:31:48Z,51.37,6.11127819548872,11.704,157,133.828125,0,0
running,2023,3,4,2023-03-04T23:32:47Z,106.99,14.9262103505843,59.527,149,125.375,5,5
running,2023,3,4,2023-03-04T23:32:58Z,41.82,7.27683125339121,11.346,135,78.546875,0,0
running,2023,3,4,2023-03-04T23:34:00Z,107.59,15.3183323814963,61.431,137,90.875,3,2
running,2023,3,4,2023-03-04T23:34:12Z,48.41,6.52930866601753,11.784,127,125.578125,0,0
running,2023,3,4,2023-03-04T23:35:17Z,98.93,17.716248348745,65.345,128,98.171875,2,2
running,2023,3,4,2023-03-04T23:35:29Z,47.35,6.89699151452816,12.175,112,132,0,0
running,2023,3,4,2023-03-04T23:36:31Z,96.99,16.9977186311787,61.457,119,112.875,4,5
running,2023,3,4,2023-03-04T23:36:42Z,41.1,7.69873708381171,11.797,115,96,0,0
running,2023,3,4,2023-03-04T23:37:45Z,108.87,15.4240368027602,62.619,122,107.765625,5,2
running,2023,3,4,2023-03-04T23:37:57Z,50.36,6.44149855907781,12.093,111,133.578125,0,2
running,2023,3,4,2023-03-04T23:38:40Z,69.17,16.4554601226994,42.435,123,80.328125,6,0
running,2023,3,4,2023-03-04T23:41:36Z,451.9,10.0345679012346,173.847,145,140.625,9,0
running,2023,3,5,2023-03-05T17:23:43Z,1609.34,8.9259234608985,535.531,127,150.984375,19,11
running,2023,3,5,2023-03-05T17:32:52Z,1609.34,9.15127942681679,549.054,140,151.5,25,26
running,2023,3,5,2023-03-05T17:42:26Z,1609.34,8.73409312927385,574.355,140,149.671875,12,49
running,2023,3,5,2023-03-05T17:51:29Z,1609.34,9.04024266936299,542.494,150,152.03125,42,7
running,2023,3,5,2023-03-05T17:59:54Z,1609.34,8.4294154619736,505.693,145,151.75,14,13
running,2023,3,5,2023-03-05T18:08:24Z,1609.34,8.49885931558935,509.997,150,151.71875,13,5
running,2023,3,5,2023-03-05T18:16:28Z,1609.34,8.05719435265845,483.395,149,151.140625,4,34
running,2023,3,5,2023-03-05T18:24:29Z,1609.34,8.01386316103974,480.81,156,152.234375,31,0
running,2023,3,5,2023-03-05T18:32:16Z,1609.34,7.7949433304272,467.731,156,149.875,4,7
running,2023,3,5,2023-03-05T18:40:10Z,1609.34,7.89358446144791,473.619,159,152.078125,13,18
running,2023,3,5,2023-03-05T18:41:42Z,285.13,8.37676452217364,89.054,166,152.078125,2,0
running,2023,3,7,2023-03-07T23:39:07Z,1609.34,8.30414860681115,498.316,153,151.75,15,16
running,2023,3,7,2023-03-07T23:47:51Z,1609.34,8.74833659491194,524.875,160,148.4375,20,25
running,2023,3,7,2023-03-07T23:56:41Z,1609.34,8.82315789473684,529.462,162,145.59375,22,5
running,2023,3,8,2023-03-08T00:05:18Z,1609.34,8.62733998070119,517.561,166,148.640625,19,16
running,2023,3,8,2023-03-08T00:13:20Z,1609.34,8.03306379155436,481.918,160,148.8125,4,16
running,2023,3,8,2023-03-08T00:17:39Z,741.35,8.7029201817002,256.487,159,144.8125,11,6
running,2023,3,8,2023-03-08T18:35:05Z,1609.34,8.33770593720858,500.232,138,151.90625,14,13
running,2023,3,8,2023-03-08T18:35:34Z,115.61,6.72072162365322,28.97,144,151.78125,0,5
running,2023,3,8,2023-03-08T18:36:05Z,157.89,5.3314251639833,31.386,146,172.734375,0,2
running,2023,3,8,2023-03-08T18:36:36Z,109.55,7.62216538789429,31.128,152,157.90625,0,0
running,2023,3,8,2023-03-08T18:37:08Z,169.34,5.01822263797942,31.684,153,177.34375,2,0
running,2023,3,8,2023-03-08T18:37:39Z,103.51,8.06931407942238,31.143,151,156.296875,2,0
running,2023,3,8,2023-03-08T18:38:10Z,170.32,4.88123748862602,30.995,152,178.734375,5,0
running,2023,3,8,2023-03-08T18:38:41Z,94.51,8.83187355943365,31.124,156,137.515625,2,0
running,2023,3,8,2023-03-08T18:39:12Z,171.25,4.81205597416577,30.722,153,175.296875,2,0
running,2023,3,8,2023-03-08T18:39:44Z,105.82,8.01625821876868,31.627,156,153.53125,2,0
running,2023,3,8,2023-03-08T18:40:16Z,177.6,4.88657314629259,32.358,157,179.625,0,0
running,2023,3,8,2023-03-08T18:40:47Z,91.01,9.15440273037543,31.065,154,152.609375,0,0
running,2023,3,8,2023-03-08T18:41:19Z,178.74,4.71561181434599,31.425,155,178.15625,0,0
running,2023,3,8,2023-03-08T18:41:50Z,95.64,8.84935664797097,31.549,157,124.90625,0,0
running,2023,3,8,2023-03-08T18:42:21Z,185.46,4.44005959278265,30.699,161,178.703125,0,0
running,2023,3,8,2023-03-08T18:42:52Z,99.55,8.32735175411363,30.91,164,153.546875,0,2
running,2023,3,8,2023-03-08T18:43:24Z,189.5,4.53157627977699,32.016,162,176.28125,0,2
running,2023,3,8,2023-03-08T18:43:54Z,95.07,8.65797288573273,30.687,162,153.40625,0,3
running,2023,3,8,2023-03-08T18:44:25Z,176.8,4.66557662202122,30.753,157,135.671875,0,3
running,2023,3,8,2023-03-08T18:44:56Z,93.7,8.79711380780584,30.736,158,124.546875,0,3
running,2023,3,8,2023-03-08T18:45:27Z,179.96,4.56784741144414,30.647,152,178.03125,0,2
running,2023,3,8,2023-03-08T18:46:08Z,83.18,10.2141660319878,41.204,154,146.71875,0,0
running,2023,3,8,2023-03-08T18:46:39Z,160.18,5.17207867335133,30.888,153,178.1875,4,0
running,2023,3,8,2023-03-08T18:47:11Z,84.91,10.1792789373814,32.22,158,147.65625,2,0
running,2023,3,8,2023-03-08T18:47:43Z,186.28,4.55775700934579,31.654,154,180.34375,2,3
running,2023,3,8,2023-03-08T18:48:23Z,62.72,17.1170389278877,40.034,143,97.46875,0,2
running,2023,3,8,2023-03-08T18:57:24Z,1609.34,9.02199798183653,541.312,150,149.125,12,5
running,2023,3,8,2023-03-08T18:57:29Z,5.9,14.5300108342362,3.195,167,144,0,0
running,2023,3,9,2023-03-09T21:29:31Z,1609.34,8.12061762034514,487.271,148,150.96875,23,26
running,2023,3,9,2023-03-09T21:37:46Z,1609.34,8.06688721804511,494.691,158,148.15625,20,23
running,2023,3,9,2023-03-09T21:45:51Z,1609.34,8.09122171945701,485.475,162,149.53125,19,17
running,2023,3,9,2023-03-09T21:54:25Z,1609.34,8.56671989779623,513.973,169,150.859375,65,9
running,2023,3,9,2023-03-09T22:01:19Z,1609.34,6.89167523124358,413.531,165,151.25,0,61
running,2023,3,9,2023-03-09T22:09:18Z,1609.34,7.98761167361525,479.244,168,147.75,48,28
running,2023,3,9,2023-03-09T22:09:24Z,4.56,20.3046177138531,3.448,146,97.671875,0,0
running,2023,3,10,2023-03-10T15:51:31Z,1609.34,8.72273170731707,523.403,126,150.90625,20,30
running,2023,3,10,2023-03-10T15:59:59Z,1609.34,8.45865657521287,507.55,132,150.890625,7,18
running,2023,3,10,2023-03-10T16:08:47Z,1609.34,8.8028880866426,528.175,140,151.0625,33,11
running,2023,3,10,2023-03-10T16:12:29Z,479.66,12.2532663316583,219.102,122,121.6875,17,22
running,2023,3,11,2023-03-11T22:11:12Z,1609.34,8.26576271186441,496.019,141,151.578125,26,34
running,2023,3,11,2023-03-11T22:20:09Z,1609.34,8.95273698264352,537.209,153,150.765625,43,25
running,2023,3,11,2023-03-11T22:28:28Z,1609.34,8.31960297766749,499.111,152,150.125,5,21
running,2023,3,11,2023-03-11T22:36:20Z,1609.34,7.87042253521127,472.241,157,150.75,17,7
running,2023,3,11,2023-03-11T22:36:36Z,21.92,15.3974741676234,12.582,159,129.390625,0,0
running,2023,3,12,2023-03-12T18:09:14Z,1609.34,8.81156373193167,528.65,133,151.859375,14,16
running,2023,3,12,2023-03-12T18:18:19Z,1609.34,9.09233898305085,545.493,144,151.1875,35,7
running,2023,3,12,2023-03-12T18:27:52Z,1609.34,8.65238709677419,572.728,145,150.796875,14,48
running,2023,3,12,2023-03-12T18:37:21Z,1609.34,8.61902313624679,568.975,147,151.234375,20,2
running,2023,3,12,2023-03-12T18:46:00Z,1609.34,8.53944603629417,518.346,144,150.125,14,31
running,2023,3,12,2023-03-12T18:54:31Z,1609.34,8.51234528721041,510.815,147,151.546875,20,7
running,2023,3,12,2023-03-12T19:02:44Z,1609.34,8.21261481935089,492.724,159,150,24,11
running,2023,3,12,2023-03-12T19:11:01Z,1609.34,8.29644293226106,497.757,162,151.75,17,24
running,2023,3,12,2023-03-12T19:19:02Z,1609.34,8.01146953405018,480.627,165,151.609375,9,11
running,2023,3,12,2023-03-12T19:19:12Z,19.01,10.2375572519084,7.257,164,146.140625,0,0
running,2023,3,13,2023-03-13T23:48:23Z,1609.34,9.40147213459516,583.842,134,140.171875,9,18
running,2023,3,13,2023-03-13T23:57:49Z,1609.34,9.43786066150598,566.229,141,148.734375,23,9
running,2023,3,14,2023-03-14T00:08:14Z,1609.34,9.73589836660617,624.93,137,147.109375,4,18
running,2023,3,14,2023-03-14T00:18:21Z,1609.34,9.864803236484,606.995,138,148.140625,18,10
running,2023,3,14,2023-03-14T00:18:40Z,49,8.01146953405018,14.636,135,112.53125,0,2
running,2023,3,14,2023-03-14T23:57:43Z,1385.53,7.53649901657769,389.335,139,152.125,9,11
running,2023,3,14,2023-03-14T23:59:02Z,408.71,5.13543940264216,78.254,150,168.984375,0,0
running,2023,3,15,2023-03-15T00:00:02Z,203.22,7.89358446144791,59.808,155,149.5,2,2
running,2023,3,15,2023-03-15T00:01:17Z,398.93,5.09931558935361,75.836,155,171.375,3,0
running,2023,3,15,2023-03-15T00:02:20Z,204.81,8.25050753614273,62.993,154,148.328125,0,3
running,2023,3,15,2023-03-15T00:03:38Z,412.29,5.0437006393381,77.521,159,168.671875,0,0
running,2023,3,15,2023-03-15T00:04:41Z,203.57,8.32476722532588,63.189,163,147.171875,0,0
running,2023,3,15,2023-03-15T00:05:59Z,404.79,5.16709689847814,77.986,161,168.421875,0,0
running,2023,3,15,2023-03-15T00:07:04Z,200.63,8.65238709677419,64.726,163,148.203125,0,0
running,2023,3,15,2023-03-15T00:08:23Z,399.99,5.30821294280625,79.162,164,166.609375,0,0
running,2023,3,15,2023-03-15T00:09:25Z,204.2,8.21513016845329,62.546,165,148.671875,0,0
running,2023,3,15,2023-03-15T00:10:43Z,404.93,5.16311838306064,77.949,169,168.46875,0,0
running,2023,3,15,2023-03-15T00:11:47Z,198.78,8.63845410628019,64.02,164,138.6875,0,0
running,2023,3,15,2023-03-15T00:13:07Z,405.09,5.26445534838077,79.503,163,166.3125,5,3
running,2023,3,15,2023-03-15T00:14:13Z,204.37,8.70009730781706,66.284,164,148.6875,0,0
running,2023,3,15,2023-03-15T00:15:30Z,404.61,5.10805560845553,77.055,163,153.125,0,2
running,2023,3,15,2023-03-15T00:16:35Z,199.99,8.67758007117438,64.699,162,148.71875,0,0
running,2023,3,15,2023-03-15T00:17:52Z,402.25,5.13347368421053,76.992,165,168.515625,0,0
running,2023,3,15,2023-03-15T00:18:59Z,204.03,8.76549019607843,66.674,165,149.453125,0,0
running,2023,3,15,2023-03-15T00:20:17Z,400.74,5.24900195694716,78.43,166,167.3125,0,0
running,2023,3,15,2023-03-15T00:21:24Z,207.37,8.63845410628019,66.777,165,147.78125,0,0
running,2023,3,15,2023-03-15T00:22:41Z,397.54,5.23772700644405,77.634,164,167.953125,0,0
running,2023,3,15,2023-03-15T00:23:47Z,204.98,8.59692307692308,65.705,162,148.609375,3,2
running,2023,3,15,2023-03-15T00:25:04Z,408.86,5.02292134831461,76.562,163,162.640625,0,0
running,2023,3,15,2023-03-15T00:26:11Z,209.1,8.66916612798966,67.586,168,148.96875,0,0
running,2023,3,15,2023-03-15T00:33:42Z,1452.44,8.27086031452359,447.937,157,149.65625,11,7
running,2023,3,15,2023-03-15T23:55:47Z,1609.34,9.02807135644564,564.078,141,145.21875,11,19
running,2023,3,16,2023-03-16T00:05:14Z,1609.34,9.45116279069767,567.112,149,150.71875,20,9
running,2023,3,16,2023-03-16T00:14:47Z,1609.34,9.55213675213675,573.095,160,148.328125,11,9
running,2023,3,16,2023-03-16T00:32:30Z,1609.34,9.72530819434373,1063.574,157,145.203125,9,20
running,2023,3,16,2023-03-16T00:33:49Z,208.74,9.77136612021858,76.049,155,152.75,2,2
running,2023,3,16,2023-03-16T23:45:54Z,1609.34,9.65876845516745,579.588,135,151.609375,12,16
running,2023,3,16,2023-03-16T23:56:23Z,1609.34,10.4897927258506,629.359,141,147.140625,27,13
running,2023,3,17,2023-03-17T00:06:16Z,1609.34,9.87569955817378,592.512,139,150.671875,2,2
running,2023,3,17,2023-03-17T00:15:50Z,1609.34,9.57942857142857,574.792,138,151.25,9,14
running,2023,3,17,2023-03-17T00:25:44Z,1609.34,9.89756457564576,593.746,136,150.453125,21,12
running,2023,3,17,2023-03-17T00:27:07Z,237.45,9.12016320979259,80.742,136,150.890625,0,7
running,2023,3,19,2023-03-19T00:12:28Z,1609.34,8.34029850746269,500.457,136,149.546875,7,13
running,2023,3,19,2023-03-19T00:18:41Z,1609.34,6.20888888888889,372.551,159,157.484375,23,7
running,2023,3,19,2023-03-19T00:24:41Z,1609.34,6.00725643896976,360.432,181,155.15625,6,12
running,2023,3,19,2023-03-19T00:30:47Z,1609.34,6.09738576949307,365.83,185,154.859375,8,22
running,2023,3,19,2023-03-19T00:33:25Z,229.83,18.421978021978,157.882,136,107.578125,0,0
running,2023,3,19,2023-03-19T00:41:17Z,1609.34,7.8658064516129,471.953,161,150.09375,16,5
running,2023,3,19,2023-03-19T00:41:24Z,13.44,9.864803236484,4.944,161,148.203125,0,0
running,2023,3,19,2023-03-19T20:28:52Z,1609.34,9.40476858345021,564.308,141,152.078125,44,30
running,2023,3,19,2023-03-19T20:38:56Z,1609.34,9.04634064080944,603.774,138,149.921875,17,21
running,2023,3,19,2023-03-19T20:47:29Z,1609.34,8.5530612244898,513.144,139,151.296875,21,12
running,2023,3,19,2023-03-19T20:55:15Z,1609.34,7.76111111111111,465.711,148,150.859375,14,27
running,2023,3,19,2023-03-19T21:02:47Z,1609.34,7.53438202247191,452.051,151,151.59375,10,14
running,2023,3,19,2023-03-19T21:11:05Z,1609.34,8.30157845868152,498.039,151,152.09375,35,2
running,2023,3,19,2023-03-19T21:18:52Z,1609.34,7.78589259796807,467.092,143,152.03125,12,29
running,2023,3,19,2023-03-19T21:26:00Z,1609.34,7.1336170212766,427.989,144,153.1875,18,15
running,2023,3,19,2023-03-19T21:33:14Z,1609.34,7.23170665947695,433.958,150,151.78125,16,45
running,2023,3,19,2023-03-19T21:41:08Z,1609.34,7.8982332155477,473.958,140,152.953125,33,14
running,2023,3,19,2023-03-19T21:41:40Z,93.81,7.78815331010453,27.24,139,154.4375,0,2
running,2023,3,20,2023-03-20T23:54:29Z,1609.34,9.77492711370262,586.395,127,143.40625,16,9
running,2023,3,21,2023-03-21T00:04:01Z,1609.34,9.53854907539118,572.388,138,148.203125,13,14
running,2023,3,21,2023-03-21T00:13:46Z,1609.34,9.7536,585.159,136,147.65625,4,2
running,2023,3,21,2023-03-21T00:25:07Z,1609.34,9.84308256880734,680.622,136,148.109375,14,13
running,2023,3,21,2023-03-21T00:34:42Z,1609.34,9.57600856836844,574.536,141,145.21875,7,13
running,2023,3,21,2023-03-21T00:35:02Z,39.28,12.4235294117647,18.196,149,144.0625,0,0
running,2023,3,21,2023-03-21T23:10:54Z,1609.34,8.32735175411363,499.678,135,148.28125,13,30
running,2023,3,21,2023-03-21T23:19:43Z,1609.34,8.80577806959948,528.332,145,149.4375,35,21
running,2023,3,21,2023-03-21T23:26:04Z,1609.34,6.35150367037651,381.119,160,158.0625,21,11
running,2023,3,21,2023-03-21T23:32:20Z,1609.34,6.26252626663554,375.753,172,156.640625,7,13
running,2023,3,21,2023-03-21T23:38:36Z,1609.34,6.27865168539326,376.699,176,157.453125,17,7
running,2023,3,21,2023-03-21T23:45:07Z,1609.34,6.49924884904289,389.921,180,154.546875,15,14
running,2023,3,21,2023-03-21T23:52:08Z,1378.73,8.13292904790782,418.095,165,148.34375,4,10
running,2023,3,22,2023-03-22T23:46:53Z,1609.34,9.83586358635864,599.341,124,143.65625,14,11
running,2023,3,22,2023-03-22T23:56:12Z,1609.34,9.31333333333333,558.856,134,149.828125,16,12
running,2023,3,23,2023-03-23T00:05:44Z,1609.34,9.5317697228145,571.896,132,150.140625,9,7
running,2023,3,23,2023-03-23T00:15:13Z,1609.34,9.47787985865724,568.67,128,149.234375,5,15
running,2023,3,23,2023-03-23T00:25:38Z,1609.34,9.81427003293084,625.255,131,148.25,14,5
running,2023,3,23,2023-03-23T00:35:11Z,1609.34,9.55894511760513,573.625,133,143.34375,7,11
running,2023,3,23,2023-03-23T00:35:38Z,59.56,11.1434981304528,24.742,133,133.15625,0,0
running,2023,3,23,2023-03-23T23:12:15Z,1609.34,9.93790292701,596.245,123,145.96875,11,20
running,2023,3,23,2023-03-23T23:22:14Z,1609.34,9.97486054295277,598.43,130,151.5,22,10
running,2023,3,23,2023-03-23T23:32:49Z,1609.34,9.75005452562704,635.122,128,149.53125,11,4
running,2023,3,23,2023-03-23T23:42:21Z,1609.34,9.34252873563218,572.29,130,148.1875,8,9
running,2023,3,23,2023-03-23T23:51:43Z,1609.34,9.36863429968564,562.067,131,153.1875,14,14
running,2023,3,24,2023-03-24T00:01:09Z,1609.34,9.08925787868519,565.621,138,150.75,11,19
running,2023,3,24,2023-03-24T00:01:44Z,61.7,12.0387791741472,27.691,142,107.4375,0,0
running,2023,3,24,2023-03-24T23:53:45Z,1609.34,8.26576271186441,496.009,127,152.125,14,14
running,2023,3,25,2023-03-25T00:03:00Z,1609.34,9.24910344827586,554.882,128,152.8125,15,17
running,2023,3,25,2023-03-25T00:12:47Z,1609.34,9.78562568405691,587.062,131,149.515625,31,22
running,2023,3,25,2023-03-25T00:22:04Z,1609.34,9.2746887966805,556.476,133,148.859375,13,11
running,2023,3,25,2023-03-25T00:31:26Z,1609.34,9.38174186778594,562.907,132,148.9375,16,14
running,2023,3,25,2023-03-25T00:37:20Z,1018.94,8.95572621035058,340.244,135,151.890625,6,13
running,2023,3,25,2023-03-25T17:56:56Z,1609.34,7.7949433304272,467.628,133,153.5,15,30
running,2023,3,25,2023-03-25T18:04:02Z,1302.94,8.77409224730128,426.224,145,151.8125,35,23
running,2023,3,25,2023-03-25T18:04:32Z,118.94,6.80253613999493,30.162,139,175.53125,11,3
running,2023,3,25,2023-03-25T18:05:40Z,175.89,10.3123414071511,67.618,140,139.15625,7,13
running,2023,3,25,2023-03-25T18:06:10Z,119.26,6.82677526088063,30.35,140,173.203125,13,3
running,2023,3,25,2023-03-25T18:07:24Z,158.75,12.5279775805698,74.156,134,147.296875,6,14
running,2023,3,25,2023-03-25T18:07:55Z,126.14,6.47258687258687,30.441,133,179.609375,13,2
running,2023,3,25,2023-03-25T18:09:18Z,175.08,12.6939895882631,82.875,140,140.484375,3,16
running,2023,3,25,2023-03-25T18:09:49Z,115.19,7.36070252469813,31.609,129,148.21875,12,0
running,2023,3,25,2023-03-25T18:16:40Z,1092.88,10.0911963882619,411.128,138,142.921875,11,36
running,2023,3,25,2023-03-25T18:17:01Z,109.16,5.13642282650326,20.903,139,182.28125,5,0
running,2023,3,25,2023-03-25T18:18:07Z,169.04,10.3922510654785,65.503,145,121.3125,5,7
running,2023,3,25,2023-03-25T18:18:28Z,114.84,4.9152281473337,21.044,137,140.1875,0,0
running,2023,3,25,2023-03-25T18:19:47Z,157.18,13.5672230652504,79.511,131,98.4375,6,7
running,2023,3,25,2023-03-25T18:20:08Z,113.28,4.8600108715347,20.527,125,165.953125,0,0
running,2023,3,25,2023-03-25T18:21:21Z,160.24,12.192,72.824,135,110.015625,6,8
running,2023,3,25,2023-03-25T18:21:42Z,111.08,5.0771152754117,21.024,126,183.375,4,0
running,2023,3,25,2023-03-25T18:28:47Z,1150.43,9.5317697228145,422.717,137,144.859375,26,9
cycling,2023,3,26,2023-03-26T14:42:38Z,8046.72,11.9210666666667,3865.67,118,513.984375,290,315
cycling,2023,3,26,2023-03-26T15:24:35Z,5154.69,13.0269062651773,2503.688,121,513.984375,154,129
running,2023,3,27,2023-03-27T23:46:11Z,1609.34,9.63102333931777,577.931,137,146.546875,13,11
running,2023,3,27,2023-03-27T23:55:38Z,1609.34,9.44450704225352,566.765,144,151.109375,14,7
running,2023,3,28,2023-03-28T00:05:02Z,1609.34,9.4080673447913,564.431,147,148.875,12,9
running,2023,3,28,2023-03-28T00:05:33Z,43.29,9.64834532374101,15.571,142,153,0,0
running,2023,3,28,2023-03-28T00:15:02Z,1609.34,9.36536312849162,561.897,144,148.09375,9,9
running,2023,3,28,2023-03-28T00:24:11Z,1609.34,9.1481582537517,548.877,145,150.5,9,18
running,2023,3,28,2023-03-28T00:33:38Z,1609.34,9.44450704225352,566.759,143,149.15625,17,6
running,2023,3,28,2023-03-28T00:42:34Z,1609.34,8.9408,536.42,141,146.453125,7,5
running,2023,3,28,2023-03-28T00:45:12Z,470.93,8.84935664797097,155.392,140,153.578125,2,5
running,2023,3,28,2023-03-28T22:39:31Z,1609.34,9.5283836589698,571.741,128,144.75,15,14
running,2023,3,28,2023-03-28T22:48:28Z,1609.34,8.94974974974975,537.033,134,150.953125,14,9
running,2023,3,28,2023-03-28T22:57:23Z,1609.34,8.9259234608985,535.469,144,148.890625,11,11
running,2023,3,28,2023-03-28T23:08:17Z,1609.34,9.35556330659226,653.852,138,144.0625,8,15
running,2023,3,28,2023-03-28T23:09:36Z,42.42,10.2610558530987,16.23,141,146.46875,0,0
running,2023,3,28,2023-03-28T23:20:15Z,1609.34,8.48273244781784,508.896,135,149.03125,15,15
running,2023,3,28,2023-03-28T23:34:21Z,1609.34,9.29719237435009,845.953,133,150.0625,19,16
running,2023,3,28,2023-03-28T23:43:09Z,1609.34,8.78846657929227,527.372,149,148.359375,15,12
running,2023,3,28,2023-03-28T23:44:17Z,209.72,7.98999106344951,62.479,148,151.734375,0,5
running,2023,3,29,2023-03-29T23:44:45Z,1609.34,9.46450247000706,567.92,137,144.328125,9,17
running,2023,3,29,2023-03-29T23:54:42Z,1609.34,9.95634743875278,597.345,145,143.5625,22,10
running,2023,3,30,2023-03-30T00:04:24Z,1609.34,9.69017341040462,581.483,142,150.875,12,9
running,2023,3,30,2023-03-30T00:13:43Z,1609.34,9.12636951343995,559.624,142,149.109375,13,11
running,2023,3,30,2023-03-30T00:22:33Z,1609.34,8.83769357495881,530.286,148,150.84375,13,14
running,2023,3,30,2023-03-30T00:32:08Z,1609.34,9.41136842105263,574.941,146,143.125,9,9
running,2023,3,30,2023-03-30T00:32:48Z,43.76,9.84669603524229,16.062,141,141.1875,0,0
running,2023,3,30,2023-03-30T21:33:03Z,1609.34,7.82907180385289,469.71,143,152.453125,14,11
running,2023,3,30,2023-03-30T21:33:21Z,61.38,7.78589259796807,17.82,145,149.171875,0,2
running,2023,3,30,2023-03-30T21:33:52Z,184.44,4.45185062240664,30.611,145,174.671875,0,6
running,2023,3,30,2023-03-30T21:34:22Z,99.97,8.2226854690374,30.643,154,154.9375,0,0
running,2023,3,30,2023-03-30T21:34:53Z,155.44,5.30191737497529,30.727,154,174.15625,0,0
running,2023,3,30,2023-03-30T21:35:24Z,98.38,8.49347688410386,31.154,153,153.578125,0,0
running,2023,3,30,2023-03-30T21:35:55Z,167.36,4.94422119815668,30.848,153,177.328125,5,0
running,2023,3,30,2023-03-30T21:36:26Z,101.74,8.16511415525114,30.97,151,122,5,0
running,2023,3,30,2023-03-30T21:36:57Z,142.38,5.81704619388419,30.878,155,173.90625,5,0
running,2023,3,30,2023-03-30T21:37:28Z,98.62,8.34029850746269,30.668,153,135.78125,3,0
running,2023,3,30,2023-03-30T21:37:59Z,171.42,4.89013673655424,31.255,158,171.265625,0,5
running,2023,3,30,2023-03-30T21:38:30Z,104.09,7.9709955423477,30.936,159,154.0625,0,3
running,2023,3,30,2023-03-30T21:39:01Z,164.63,5.03896299079466,30.928,167,171.453125,2,0
running,2023,3,30,2023-03-30T21:39:32Z,100.05,8.35328558081594,31.155,175,151,0,0
running,2023,3,30,2023-03-30T21:40:03Z,159.72,5.16610169491525,30.763,177,166.703125,0,0
running,2023,3,30,2023-03-30T21:40:34Z,99.47,8.35068493150685,30.969,174,149.671875,0,5
running,2023,3,30,2023-03-30T21:41:05Z,177.82,4.73642945435282,31.403,162,155.78125,0,4
running,2023,3,30,2023-03-30T21:41:37Z,105.06,8.04269865067466,31.506,168,153.4375,0,0
running,2023,3,30,2023-03-30T21:42:08Z,158.41,5.25929411764706,31.058,172,169.609375,0,0
running,2023,3,30,2023-03-30T21:42:39Z,120.9,6.96143264988321,31.376,172,151.96875,0,3
running,2023,3,30,2023-03-30T21:43:10Z,143.48,5.77446716899892,30.89,176,173.90625,11,0
running,2023,3,30,2023-03-30T21:46:07Z,538.82,8.83769357495881,177.546,164,150,5,2
running,2023,3,30,2023-03-30T21:46:38Z,181.68,4.57329923273657,30.979,156,182.84375,2,0
running,2023,3,30,2023-03-30T21:47:10Z,83.64,10.2571319311663,31.988,170,126.9375,0,0
running,2023,3,30,2023-03-30T21:47:41Z,173.08,4.75490161318915,30.682,175,154.875,0,2
running,2023,3,30,2023-03-30T21:48:13Z,89.41,9.55213675213675,31.838,181,153.9375,0,0
running,2023,3,30,2023-03-30T21:48:44Z,180.07,4.59209039548023,30.829,182,178.328125,0,0
running,2023,3,30,2023-03-30T21:49:15Z,74.85,11.2274591879447,31.334,187,154.125,0,0
running,2023,3,30,2023-03-30T21:49:46Z,184.5,4.52928064842959,31.157,179,176.546875,0,0
running,2023,3,30,2023-03-30T21:54:24Z,630.33,9.12326530612245,218.798,148,144.25,5,7
running,2023,4,1,2023-04-01T00:12:40Z,1609.34,8.89336870026525,533.652,128,150.671875,16,16
running,2023,4,1,2023-04-01T00:21:33Z,1609.34,8.88747514910537,533.203,131,149.8125,21,13
running,2023,4,1,2023-04-01T00:30:08Z,1609.34,8.583168,514.919,138,149.65625,17,15
running,2023,4,1,2023-04-01T00:38:26Z,1609.34,8.29644293226106,497.792,139,150.15625,9,11
running,2023,4,1,2023-04-01T00:39:17Z,147.5,8.17506857665346,44.953,138,150.28125,2,0
running,2023,4,2,2023-04-02T00:03:46Z,1609.34,9.45116279069767,567.162,121,146.734375,17,11
running,2023,4,2,2023-04-02T00:12:53Z,1609.34,9.11706322229776,547.08,131,151.421875,14,12
running,2023,4,2,2023-04-02T00:22:25Z,1609.34,8.64959690422444,571.81,133,149.921875,9,8
running,2023,4,2,2023-04-02T00:33:14Z,1609.34,8.69163966299417,648.676,133,148.859375,14,16
running,2023,4,2,2023-04-02T00:37:32Z,828.5,8.26576271186441,255.308,151,151.65625,6,11
running,2023,4,2,2023-04-02T16:43:10Z,1609.34,8.41355081555834,504.763,128,153.03125,11,17
running,2023,4,2,2023-04-02T16:51:51Z,1609.34,8.6860103626943,521.239,144,152.765625,48,18
running,2023,4,2,2023-04-02T17:00:35Z,1609.34,8.73693811074919,524.17,148,151.96875,14,37
running,2023,4,2,2023-04-02T17:10:06Z,1609.34,8.64123711340206,570.391,153,150.9375,12,20
running,2023,4,2,2023-04-02T17:18:51Z,1609.34,8.75690499510284,525.357,157,152.546875,17,8
running,2023,4,2,2023-04-02T17:26:52Z,1609.34,8.00907733651836,480.606,157,151.453125,7,36
running,2023,4,2,2023-04-02T17:34:59Z,1609.34,8.12553771584368,487.58,161,152.109375,13,2
running,2023,4,2,2023-04-02T17:43:13Z,1609.34,8.23025467934949,493.86,166,152.640625,25,7
running,2023,4,2,2023-04-02T17:51:19Z,1609.34,8.10099667774086,485.99,166,152.296875,15,12
running,2023,4,2,2023-04-02T17:59:28Z,1609.34,8.15270516717325,489.144,165,151.953125,14,16
running,2023,4,2,2023-04-02T17:59:47Z,56.81,8.10834340991536,17.173,163,149.59375,0,2
running,2023,4,3,2023-04-03T21:02:14Z,1609.34,9.16065573770492,922.953,150,147.625,7,17
running,2023,4,3,2023-04-03T21:11:18Z,1609.34,9.06162162162162,543.777,163,150.875,16,5
running,2023,4,3,2023-04-03T21:20:09Z,1609.34,8.85519973588643,531.278,165,150.265625,2,11
running,2023,4,3,2023-04-03T21:29:06Z,1609.34,8.95871743486974,537.513,161,151.109375,16,9
running,2023,4,3,2023-04-03T21:37:40Z,1609.34,8.56671989779623,514.059,165,151.140625,9,11
running,2023,4,3,2023-04-03T21:39:08Z,278.85,8.22016549187864,85.458,161,150.78125,2,4
running,2023,4,5,2023-04-05T00:00:22Z,1609.34,9.81786237188872,589.1,137,139.390625,13,14
running,2023,4,5,2023-04-05T00:10:06Z,1609.34,9.73589836660617,584.136,147,152.015625,16,8
running,2023,4,5,2023-04-05T00:19:39Z,1609.34,9.54194236926361,572.552,143,150.46875,11,11
running,2023,4,5,2023-04-05T00:27:25Z,853.31,9.78562568405691,311.33,141,146.640625,7,9
running,2023,4,5,2023-04-05T00:46:38Z,1609.34,8.95273698264352,537.159,139,145.578125,18,16
running,2023,4,5,2023-04-05T00:51:15Z,832.55,8.86105054509415,275.022,149,150.8125,5,9
running,2023,4,6,2023-04-06T23:20:33Z,1609.34,9.91219512195122,594.773,110,134.296875,12,18
running,2023,4,6,2023-04-06T23:30:30Z,1609.34,9.93790292701,596.297,131,151.53125,24,11
running,2023,4,6,2023-04-06T23:39:58Z,1609.34,9.47453196750265,568.51,131,148.015625,5,6
running,2023,4,6,2023-04-06T23:49:59Z,1609.34,9.72883569096844,601.376,132,149.640625,13,11
running,2023,4,6,2023-04-06T23:59:22Z,1609.34,9.36863429968564,562.163,136,147.375,4,2
running,2023,4,7,2023-04-07T00:09:33Z,1609.34,9.37190775681342,611.531,126,150.046875,9,16
running,2023,4,7,2023-04-07T00:19:22Z,1609.34,9.6275664034458,588.972,128,149.53125,14,4
running,2023,4,7,2023-04-07T00:28:23Z,1609.34,9.00685023505709,540.439,134,149.890625,7,9
running,2023,4,7,2023-04-07T00:28:37Z,21.11,10.5641591177629,8.316,134,149,0,0
running,2023,4,9,2023-04-09T22:11:49Z,1609.34,9.05550303848751,543.383,127,149.484375,13,13
running,2023,4,9,2023-04-09T22:21:39Z,1609.34,9.19835390946502,588.759,138,147.65625,21,12
running,2023,4,9,2023-04-09T22:31:02Z,1609.34,9.3850244926522,563.187,141,149.484375,14,20
running,2023,4,9,2023-04-09T22:39:50Z,1609.34,8.79711380780584,527.891,140,149.359375,11,14
running,2023,4,9,2023-04-09T22:40:39Z,114.41,9.63102333931777,41.079,134,148.640625,0,0
running,2023,4,12,2023-04-12T00:02:57Z,1609.34,9.41797752808989,574.685,126,142.765625,12,16
running,2023,4,12,2023-04-12T00:12:40Z,1609.34,9.72883569096844,583.75,139,146.328125,21,9
running,2023,4,12,2023-04-12T00:22:18Z,1609.34,9.62411194833154,577.345,135,146.6875,7,2
running,2023,4,12,2023-04-12T00:31:59Z,1609.34,9.69367546078786,581.564,137,149.421875,12,13
running,2023,4,12,2023-04-12T00:41:53Z,1609.34,9.89391368498709,593.642,136,143.09375,10,12
running,2023,4,12,2023-04-12T00:42:17Z,39.13,12.4523676880223,18.17,137,126.5625,0,0
running,2023,4,13,2023-04-13T00:23:56Z,1609.34,9.35882763433357,561.622,128,145.75,16,6
running,2023,4,13,2023-04-13T00:35:51Z,1609.34,9.48123011664899,714.616,136,146.859375,15,12
running,2023,4,13,2023-04-13T00:45:31Z,1609.34,9.66572972972973,580.043,139,151.21875,2,4
running,2023,4,13,2023-04-13T00:55:24Z,1609.34,9.89756457564576,593.788,142,150.625,16,13
running,2023,4,13,2023-04-13T01:04:43Z,1609.34,9.31333333333333,558.742,146,144,5,14
running,2023,4,13,2023-04-13T01:04:59Z,21.75,10.5268445839874,8.538,146,151.5625,2,0
running,2023,4,13,2023-04-13T23:50:08Z,1609.34,9.97486054295277,598.407,129,148.671875,7,14
running,2023,4,14,2023-04-14T00:00:47Z,1609.34,10.2532110091743,639.153,143,148.0625,30,3
running,2023,4,14,2023-04-14T00:12:00Z,1609.34,10.9837837837838,672.532,147,146.265625,32,37
running,2023,4,14,2023-04-14T00:22:35Z,1609.34,9.96744704570792,635.297,146,145.90625,12,27
running,2023,4,14,2023-04-14T00:33:53Z,1609.34,9.90121816168328,677.941,148,147.84375,19,6
running,2023,4,14,2023-04-14T00:34:45Z,139.12,8.79711380780584,45.628,154,150.4375,0,5
running,2023,4,14,2023-04-14T22:49:33Z,1609.34,8.17506857665346,490.567,137,147.640625,4,8
running,2023,4,14,2023-04-14T22:50:10Z,125.71,8.01625821876868,37.575,150,149.328125,0,2
running,2023,4,14,2023-04-14T22:55:23Z,1609.34,5.21228138359891,312.765,162,165.984375,3,4
running,2023,4,14,2023-04-14T22:55:31Z,36.47,5.69115213239975,7.739,170,162.71875,0,0
running,2023,4,14,2023-04-14T22:58:16Z,814.13,5.43073496659243,164.841,162,162.515625,2,2
running,2023,4,14,2023-04-14T23:01:51Z,596.48,9.66572972972973,214.97,161,139.640625,2,0
running,2023,4,14,2023-04-14T23:07:06Z,1609.34,5.26135739505689,315.671,167,165.5,3,5
running,2023,4,14,2023-04-14T23:07:13Z,32.99,5.37846400641668,6.615,177,167,0,0
running,2023,4,14,2023-04-14T23:09:33Z,193.76,19.4083936324168,140.161,142,102.078125,0,0
running,2023,4,14,2023-04-14T23:12:10Z,812.17,5.18808510638298,157.093,152,164.546875,2,0
running,2023,4,14,2023-04-14T23:20:46Z,1386.37,9.60343716433942,513.194,151,143.03125,9,2
running,2023,4,15,2023-04-15T16:22:36Z,1609.34,9.56917588298252,587.373,136,145.25,14,15
running,2023,4,15,2023-04-15T16:31:49Z,1609.34,9.22048814025438,553.238,146,151.734375,15,7
running,2023,4,15,2023-04-15T16:42:13Z,1609.34,9.61376344086021,623.345,145,152.09375,11,9
running,2023,4,15,2023-04-15T16:51:19Z,1609.34,9.11086956521739,546.716,148,152.609375,7,11
running,2023,4,15,2023-04-15T17:01:56Z,1609.34,9.55213675213675,636.765,141,145.21875,11,13
running,2023,4,15,2023-04-15T17:11:15Z,1609.34,9.30364203954214,558.287,145,147.96875,14,13
running,2023,4,15,2023-04-15T17:13:35Z,435.57,8.5069457659372,138.139,153,149.78125,2,5
running,2023,4,16,2023-04-16T22:17:30Z,1609.34,9.04634064080944,542.716,134,149.625,13,16
running,2023,4,16,2023-04-16T22:18:02Z,99.64,8.79711380780584,32.677,134,148.8125,0,2
running,2023,4,16,2023-04-16T22:24:02Z,1609.34,5.98847957133289,359.274,156,159.78125,7,7
running,2023,4,16,2023-04-16T22:26:03Z,542.49,6.00053691275168,121.36,163,158.46875,6,5
running,2023,4,16,2023-04-16T22:31:47Z,1039.9,8.87571144937128,344.081,154,148.359375,0,0
running,2023,4,16,2023-04-16T22:37:44Z,1609.34,5.93941541186891,356.358,163,158.671875,9,10
running,2023,4,16,2023-04-16T22:39:48Z,541.93,6.16323529411765,124.524,168,156.375,2,0
running,2023,4,16,2023-04-16T22:45:40Z,998.1,9.46450247000706,352.191,153,149.296875,9,11
running,2023,4,16,2023-04-16T22:51:45Z,1609.34,6.0780421481985,364.691,163,157.34375,16,0
running,2023,4,16,2023-04-16T22:53:42Z,494.58,6.36960341961529,117.44,172,156.859375,5,2
running,2023,4,16,2023-04-16T22:59:48Z,1051.02,9.32628650904033,365.41,166,150.234375,6,5
running,2023,4,16,2023-04-16T23:05:50Z,1609.34,6.03157184618844,361.898,171,158.390625,3,16
running,2023,4,16,2023-04-16T23:07:50Z,542.16,5.94336361621981,120.124,176,160.15625,0,6
running,2023,4,16,2023-04-16T23:17:18Z,1609.34,9.38174186778594,567.766,162,149.21875,20,5
running,2023,4,16,2023-04-16T23:21:20Z,735.68,8.6860103626943,240.145,158,151.640625,4,7
running,2023,4,18,2023-04-18T23:10:47Z,1609.34,8.33770593720858,500.244,142,153.15625,14,14
running,2023,4,18,2023-04-18T23:19:18Z,1609.34,8.50964467005076,510.649,149,151.203125,19,12
running,2023,4,18,2023-04-18T23:27:43Z,1609.34,8.41091251175917,504.641,149,150.5,17,16
running,2023,4,18,2023-04-18T23:36:00Z,1609.34,8.16511415525114,497.432,153,147.09375,8,14
running,2023,4,18,2023-04-18T23:36:39Z,122.19,8.18255033557047,37.281,155,149.734375,0,0
running,2023,4,19,2023-04-19T21:08:06Z,1609.34,8.10099667774086,486.107,153,151.328125,0,82
running,2023,4,19,2023-04-19T21:16:18Z,1507.09,8.07660343270099,491.974,157,148.59375,43,48
running,2023,4,19,2023-04-19T21:16:26Z,9.86,20.3662870159453,7.486,159,91.375,0,3
running,2023,4,19,2023-04-19T21:16:47Z,101.46,5.65754060324826,21.402,155,154.09375,7,3
running,2023,4,19,2023-04-19T21:17:54Z,148.01,12.0604316546763,66.562,155,118.484375,3,6
running,2023,4,19,2023-04-19T21:18:16Z,107.24,5.55559237779619,22.214,145,167.859375,6,0
running,2023,4,19,2023-04-19T21:19:24Z,153.77,11.9051930758988,68.242,153,118.84375,2,8
running,2023,4,19,2023-04-19T21:19:46Z,108.12,5.51447368421053,22.23,150,145.234375,6,0
running,2023,4,19,2023-04-19T21:21:02Z,151.48,13.3577689243028,75.423,147,114.171875,2,9
running,2023,4,19,2023-04-19T21:21:24Z,112.86,5.1641124374278,21.728,136,177.359375,2,0
running,2023,4,19,2023-04-19T21:22:36Z,142.83,13.5125440806045,71.944,147,122.3125,6,8
running,2023,4,19,2023-04-19T21:30:27Z,1411.11,8.96171065820247,471.434,158,146.28125,40,38
running,2023,4,19,2023-04-19T21:30:49Z,110.75,5.23875,21.631,151,164.046875,7,2
running,2023,4,19,2023-04-19T21:31:56Z,141.59,12.7725714285714,67.429,155,115.53125,0,7
running,2023,4,19,2023-04-19T21:32:18Z,110.23,5.23057722308892,21.494,139,132.90625,5,0
running,2023,4,19,2023-04-19T21:33:38Z,144.16,14.8930594114381,80.049,132,109.625,2,5
running,2023,4,19,2023-04-19T21:33:59Z,104.62,5.57986270022883,21.762,128,177.8125,6,2
running,2023,4,19,2023-04-19T21:35:19Z,142.35,15.0265546218487,79.77,143,114.8125,5,10
running,2023,4,19,2023-04-19T21:35:40Z,107.44,5.30926365795725,21.268,130,131.46875,3,0
running,2023,4,19,2023-04-19T21:37:11Z,141.18,17.3047741935484,91.109,130,108.90625,2,8
running,2023,4,19,2023-04-19T21:40:14Z,675.03,7.23756071235834,182.148,157,155.640625,39,0
running,2023,4,19,2023-04-19T21:40:45Z,49.29,16.8588309239472,30.971,165,103.453125,2,0
running,2023,4,19,2023-04-19T21:44:50Z,683.98,9.28431983385254,245.463,156,142.703125,0,39
running,2023,4,19,2023-04-19T21:53:50Z,1609.34,8.76549019607843,539.826,164,148.375,85,0
running,2023,4,19,2023-04-19T21:54:24Z,90.99,7.96153161175423,27.009,167,150.78125,2,0
running,2023,4,20,2023-04-20T18:41:41Z,1609.34,8.38986549890522,503.354,143,151.75,11,17
running,2023,4,20,2023-04-20T18:51:16Z,1609.34,8.83769357495881,575.059,151,150.421875,27,14
running,2023,4,20,2023-04-20T18:59:34Z,1609.34,8.29644293226106,497.722,146,151.625,17,16
running,2023,4,20,2023-04-20T19:07:34Z,1609.34,8.00907733651836,480.498,155,151.65625,9,9
running,2023,4,20,2023-04-20T19:07:43Z,19.33,8.51504761904762,6.138,154,152,0,0
running,2023,4,22,2023-04-22T13:22:30Z,1609.34,8.85227722772277,531.223,137,146,4,31
running,2023,4,22,2023-04-22T13:32:26Z,1609.34,9.93054424287301,595.882,146,149.8125,43,23
running,2023,4,22,2023-04-22T13:42:04Z,1609.34,9.63448275862069,578.107,148,150.453125,29,0
running,2023,4,22,2023-04-22T13:51:22Z,1609.34,8.99175326852162,557.353,151,148.875,6,27
running,2023,4,22,2023-04-22T13:52:57Z,269.66,9.09542217700916,91.445,150,150.703125,0,0
running,2023,4,23,2023-04-23T18:06:43Z,1609.34,9.57942857142857,574.849,156,153.171875,133,0
running,2023,4,23,2023-04-23T18:15:10Z,1609.34,8.45865657521287,507.542,166,150.921875,30,102
running,2023,4,23,2023-04-23T18:24:45Z,1609.34,9.57942857142857,574.778,168,153.671875,116,14
running,2023,4,23,2023-04-23T18:32:51Z,1609.34,8.09855072463768,485.885,160,150.375,0,115
running,2023,4,23,2023-04-23T18:34:13Z,260.44,8.19254734270006,79.543,156,153.53125,0,4
running,2023,4,23,2023-04-23T22:40:22Z,1609.34,9.55553972212326,573.386,136,153.234375,9,17
running,2023,4,23,2023-04-23T22:50:45Z,1609.34,10.3842044134727,622.951,143,152.640625,23,12
running,2023,4,23,2023-04-23T23:00:53Z,1609.34,10.1293051359517,607.692,143,152.390625,11,8
running,2023,4,23,2023-04-23T23:12:21Z,1609.34,9.89756457564576,688.313,139,149.265625,7,19
running,2023,4,23,2023-04-23T23:22:20Z,1609.34,9.97486054295277,598.512,144,152.703125,21,8
running,2023,4,23,2023-04-23T23:24:44Z,409.47,9.17632569278139,140.08,147,151.921875,2,7
running,2023,4,24,2023-04-24T23:50:05Z,1609.34,10.308378170638,618.617,133,149.671875,13,16
running,2023,4,25,2023-04-25T00:01:04Z,1609.34,10.7504609218437,658.886,141,149.765625,13,5
running,2023,4,25,2023-04-25T00:11:40Z,1609.34,10.59336492891,635.557,143,151.390625,11,9
running,2023,4,25,2023-04-25T00:25:05Z,1609.34,10.4205128205128,804.881,140,149.203125,2,12
running,2023,4,25,2023-04-25T00:35:30Z,1609.34,10.2532110091743,624.912,142,152.078125,15,9
running,2023,4,25,2023-04-25T00:39:24Z,663.86,9.33602506091194,231.105,139,151.765625,5,9
running,2023,4,25,2023-04-25T22:26:24Z,1609.34,8.67758007117438,520.694,137,151.828125,12,14
running,2023,4,25,2023-04-25T22:32:13Z,1128.78,8.29131375579598,348.933,137,150.1875,4,6
running,2023,4,25,2023-04-25T22:38:48Z,1609.34,6.58218404907975,394.923,150,154.71875,14,11
running,2023,4,25,2023-04-25T22:45:32Z,1609.34,6.7443801860699,404.628,166,155.015625,21,11
running,2023,4,25,2023-04-25T22:52:06Z,1609.34,6.56446402349486,393.855,168,154.46875,7,9
running,2023,4,25,2023-04-25T22:58:40Z,1609.34,6.56928728875827,394.194,169,154.203125,7,5
running,2023,4,25,2023-04-25T23:05:15Z,1609.34,6.57734183423247,394.593,166,153.515625,2,14
running,2023,4,25,2023-04-25T23:06:26Z,106.61,17.3159457714655,70.914,153,98.921875,0,0
running,2023,4,25,2023-04-25T23:15:37Z,1609.34,9.18575342465753,551.236,149,151.703125,18,11
running,2023,4,25,2023-04-25T23:16:37Z,169.7,9.06162162162162,57.334,144,152.53125,0,0
running,2023,4,26,2023-04-26T23:47:14Z,1609.34,10.1908814589666,616.372,138,146.5,13,4
running,2023,4,26,2023-04-26T23:57:20Z,1609.34,10.1102148511119,606.664,144,151.84375,13,14
running,2023,4,27,2023-04-27T00:08:11Z,1609.34,10.308378170638,650.754,143,148.46875,7,9
running,2023,4,27,2023-04-27T00:18:54Z,1609.34,10.2767816091954,642.781,141,149.328125,11,7
running,2023,4,27,2023-04-27T00:29:36Z,1609.34,10.2728456530065,642.355,137,149.828125,11,13
running,2023,4,27,2023-04-27T00:38:09Z,1230.49,10.0270654205607,510.421,133,149.578125,6,10
running,2023,4,28,2023-04-28T02:37:10Z,1609.34,7.91688311688312,496.084,133,147.609375,4,2
running,2023,4,28,2023-04-28T02:41:24Z,861.48,7.91221238938053,254.144,141,148.546875,0,0
running,2023,4,28,2023-04-28T02:41:53Z,34.69,22.2223695111848,28.743,140,102.9375,0,0
running,2023,4,28,2023-04-28T02:43:10Z,397.31,5.21126870021372,77.192,147,155.65625,0,0
running,2023,4,28,2023-04-28T02:44:22Z,208.17,9.18575342465753,71.295,155,147.40625,0,0
running,2023,4,28,2023-04-28T02:45:42Z,424.55,5.1061107938321,80.828,154,159.265625,0,0
running,2023,4,28,2023-04-28T02:46:55Z,221.3,8.77696335078534,72.414,155,147.375,0,0
running,2023,4,28,2023-04-28T02:48:14Z,413.56,5.12268907563025,78.986,155,163.96875,0,0
running,2023,4,28,2023-04-28T02:49:27Z,207.45,9.40147213459516,72.704,158,147.15625,0,0
running,2023,4,28,2023-04-28T02:50:44Z,403.63,5.12856596558317,77.177,157,166.921875,0,2
running,2023,4,28,2023-04-28T02:51:57Z,213.75,9.18260869565217,73.183,164,147.46875,2,0
running,2023,4,28,2023-04-28T02:53:15Z,402.17,5.18107011782886,77.677,161,165.625,0,0
running,2023,4,28,2023-04-28T02:54:27Z,196.89,9.89391368498709,72.615,158,147.9375,0,0
running,2023,4,28,2023-04-28T02:55:45Z,404.82,5.15121951219512,77.738,155,166.296875,2,2
running,2023,4,28,2023-04-28T02:56:59Z,202.61,9.8539309331374,74.437,158,148.453125,0,0
running,2023,4,28,2023-04-28T02:58:16Z,401.5,5.10028522532801,76.342,157,166.90625,0,0
running,2023,4,28,2023-04-28T02:59:30Z,196.97,10.1407939508507,74.479,158,149.03125,0,0
running,2023,4,28,2023-04-28T03:00:48Z,399.44,5.22344693281402,77.79,160,164.71875,0,3
running,2023,4,28,2023-04-28T03:02:00Z,202.72,9.56917588298252,72.313,157,149.28125,2,0
running,2023,4,28,2023-04-28T03:03:17Z,406.39,5.08192497158014,76.997,165,165.609375,3,2
running,2023,4,28,2023-04-28T03:04:32Z,192.88,10.4367315175097,75.041,160,148.796875,0,3
running,2023,4,28,2023-04-28T03:05:50Z,413.59,5.04749717726759,77.837,166,164.609375,2,3
running,2023,4,28,2023-04-28T03:07:02Z,200.78,9.53854907539118,71.407,167,148.0625,2,0
running,2023,4,28,2023-04-28T03:08:19Z,398.33,5.23363902439024,77.725,167,164.75,2,2
running,2023,4,28,2023-04-28T03:09:32Z,196.26,9.90487444608567,72.482,171,147.6875,0,0
running,2023,4,28,2023-04-28T03:10:50Z,404.33,5.16809248554913,77.911,169,165.125,0,0
running,2023,4,28,2023-04-28T03:12:03Z,205.73,9.6103188821211,73.703,169,148.34375,0,0
running,2023,4,28,2023-04-28T03:13:01Z,78.85,18.7569230769231,57.838,150,100.609375,0,0
running,2023,4,28,2023-04-28T03:22:09Z,1609.34,9.10777589134126,546.442,157,148.375,5,4
running,2023,4,28,2023-04-28T03:26:37Z,808.69,8.82025649457415,265.969,164,148.5,0,2
running,2023,4,29,2023-04-29T17:42:21Z,1609.34,9.90853343184337,656.892,134,152.078125,12,16
running,2023,4,29,2023-04-29T17:52:41Z,1609.34,10.3361849710983,620.171,141,151.625,26,14
running,2023,4,29,2023-04-29T18:03:12Z,1609.34,9.6172104697024,631.269,139,143,7,22
running,2023,4,29,2023-04-29T18:12:57Z,1609.34,9.54533807829181,584.662,139,150.203125,17,13
running,2023,4,29,2023-04-29T18:21:07Z,1125.19,10.0270654205607,420.595,142,151.546875,16,17
cycling,2023,4,29,2023-04-29T22:17:31Z,8046.72,12.3434882650713,4191.631,147,513.984375,476,107
cycling,2023,4,29,2023-04-29T22:47:01Z,5933.85,7.6091914893617,1767.747,119,513.984375,57,376
running,2023,4,30,2023-04-30T17:52:03Z,1354.34,10.1254813137033,511.244,127,150.21875,13,11
running,2023,4,30,2023-04-30T17:59:49Z,1185.09,9.99344262295082,466.169,124,149.78125,11,10
running,2023,4,30,2023-04-30T18:07:14Z,1189.55,10.0420816173718,445.435,128,151.671875,11,11
running,2023,4,30,2023-04-30T18:15:14Z,1227.47,10.1831435079727,479.622,129,150.53125,11,11
running,2023,4,30,2023-04-30T18:24:48Z,1449.88,10.1870110140524,571.1,125,147.765625,10,11
running,2023,5,2,2023-05-02T00:06:45Z,1609.34,10.4897927258506,640.334,142,142.28125,14,11
running,2023,5,2,2023-05-02T00:16:43Z,1609.34,9.96744704570792,598.076,151,148.140625,14,12
running,2023,5,2,2023-05-02T00:26:45Z,1609.34,10.0383233532934,602.326,150,142.703125,5,10
running,2023,5,2,2023-05-02T00:27:49Z,161.62,10.2767816091954,61.922,159,135.78125,2,0
running,2023,5,2,2023-05-02T23:56:39Z,1609.34,9.06468401486989,543.802,139,149.703125,14,15
running,2023,5,3,2023-05-03T00:05:51Z,1609.34,9.20150943396226,552.134,149,148.75,19,10
running,2023,5,3,2023-05-03T00:14:49Z,1609.34,8.96770310932798,538.075,147,147.65625,6,23
running,2023,5,3,2023-05-03T00:23:28Z,1609.34,8.66076848563126,519.585,149,148.453125,14,7
running,2023,5,3,2023-05-03T00:24:04Z,72.99,9.17318741450068,24.962,146,146.921875,0,0
running,2023,5,3,2023-05-03T23:53:09Z,1609.34,9.75005452562704,584.943,137,147.265625,13,11
running,2023,5,4,2023-05-04T00:06:45Z,1609.34,10.1064054257724,815.569,131,144.453125,16,7
running,2023,5,4,2023-05-04T00:16:18Z,1609.34,9.55213675213675,573.185,133,148.203125,9,19
running,2023,5,4,2023-05-04T00:26:10Z,1609.34,9.7963476990504,592.006,134,143.59375,16,4
running,2023,5,4,2023-05-04T00:31:16Z,891.83,9.09542217700916,302.382,134,149.484375,4,7
running,2023,5,4,2023-05-04T23:57:06Z,1609.34,10.4245627671978,625.583,123,148.5625,11,11
running,2023,5,5,2023-05-05T00:07:41Z,1609.34,10.5850039463299,635.021,140,151.171875,17,10
running,2023,5,5,2023-05-05T00:18:52Z,1609.34,10.6143252869015,670.641,137,147.96875,9,8
running,2023,5,5,2023-05-05T00:29:36Z,1609.34,10.4124223602484,644.115,140,149.984375,16,16
running,2023,5,5,2023-05-05T00:34:44Z,833.49,9.83586358635864,305.678,145,148.484375,6,10
cycling,2023,5,6,2023-05-06T23:11:47Z,8046.72,12.2869445716903,3778.479,152,513.984375,497,145
cycling,2023,5,6,2023-05-06T23:32:04Z,6066.18,5.36770062037222,1214.066,138,513.984375,57,405
cycling,2023,5,7,2023-05-07T14:44:50Z,8046.72,12.574964838256,3772.323,141,513.984375,491,39
cycling,2023,5,7,2023-05-07T15:43:58Z,8046.72,11.826455026455,3548.613,129,513.984375,285,480
cycling,2023,5,7,2023-05-07T15:56:05Z,3398.59,5.69961750956226,722.237,142,513.984375,3,264
running,2023,5,9,2023-05-09T00:10:56Z,1609.34,8.86105054509415,531.69,110,150.5625,82,24
running,2023,5,9,2023-05-09T00:19:52Z,1609.34,8.93484343770819,536.174,125,149.609375,13,14
running,2023,5,9,2023-05-09T00:28:36Z,1609.34,8.73978494623656,524.386,134,150.96875,15,4
running,2023,5,9,2023-05-09T00:29:39Z,176.24,9.05856129685917,59.529,136,152.546875,7,0
running,2023,5,9,2023-05-09T22:07:05Z,1609.34,9.65181720043181,588.44,128,142.625,11,5
running,2023,5,9,2023-05-09T22:16:49Z,1609.34,9.55213675213675,584.576,136,146.078125,13,11
running,2023,5,9,2023-05-09T22:26:52Z,1609.34,9.73943355119826,602.24,131,148.4375,11,5
running,2023,5,9,2023-05-09T22:36:37Z,1609.34,9.55553972212326,585.29,134,150.234375,9,14
running,2023,5,9,2023-05-09T22:46:30Z,1609.34,9.67270104579877,592.872,134,146.703125,11,15
running,2023,5,9,2023-05-09T22:55:47Z,1609.34,9.28753462603878,557.347,134,148.03125,11,13
running,2023,5,10,2023-05-10T22:21:28Z,1609.34,10.5227147901138,667.598,116,139.890625,9,9
running,2023,5,10,2023-05-10T22:33:36Z,1609.34,10.7203836930456,728.466,124,142.046875,19,12
running,2023,5,10,2023-05-10T22:44:44Z,1609.34,10.4245627671978,667.918,127,147.078125,6,5
running,2023,5,10,2023-05-10T22:55:54Z,1609.34,10.2492930836836,669.581,127,145.78125,4,7
running,2023,5,10,2023-05-10T23:06:37Z,1609.34,10.3521420301042,643.551,130,148.875,12,13
running,2023,5,10,2023-05-10T23:16:46Z,1609.34,10.1446293494705,608.579,131,148.703125,8,15
running,2023,5,10,2023-05-10T23:16:55Z,19.42,10.308378170638,7.464,132,154.71875,0,0
running,2023,5,11,2023-05-11T22:56:25Z,1609.34,10.3361849710983,634.645,127,144.46875,14,11
running,2023,5,11,2023-05-11T23:07:30Z,1609.34,10.5766561514196,664.836,129,146.109375,16,8
running,2023,5,11,2023-05-11T23:18:18Z,1609.34,10.7893805309734,647.432,126,140.296875,2,6
running,2023,5,11,2023-05-11T23:28:32Z,1609.34,10.225848265345,613.651,133,150.03125,15,11
running,2023,5,11,2023-05-11T23:34:40Z,1016.38,9.65876845516745,366.045,136,152.953125,4,7
cycling,2023,5,13,2023-05-13T21:26:58Z,8046.72,12.0767221972085,3835.098,159,513.984375,472,120
cycling,2023,5,13,2023-05-13T22:06:41Z,6831.92,9.33602506091194,2378.35,150,513.984375,91,433
cycling,2023,5,14,2023-05-14T14:40:59Z,8046.72,12.0604316546763,4047.363,148,513.984375,481,140
cycling,2023,5,14,2023-05-14T15:16:28Z,7077.22,8.05719435265845,2125.811,136,513.984375,91,426
cycling,2023,5,16,2023-05-16T00:37:05Z,8046.72,7.04184825413494,2112.461,126,513.984375,188,188
cycling,2023,5,16,2023-05-16T00:58:28Z,6878.98,4.99486033519553,1280.964,133,513.984375,67,69
running,2023,5,18,2023-05-18T21:34:51Z,1609.34,7.6135112120352,456.774,145,150.6875,14,10
running,2023,5,18,2023-05-18T21:42:21Z,1609.34,7.4922905027933,449.579,160,150.5625,22,7
running,2023,5,18,2023-05-18T21:49:12Z,1609.34,6.84768955833546,410.879,158,151.078125,0,21
running,2023,5,18,2023-05-18T21:57:40Z,1609.34,8.47737041719343,508.632,157,148.625,26,9
running,2023,5,18,2023-05-18T22:02:34Z,938.99,8.32993788819876,291.619,154,148.953125,0,12
running,2023,5,20,2023-05-20T22:46:47Z,1609.34,8.38986549890522,503.406,135,149.359375,9,16
running,2023,5,20,2023-05-20T22:54:46Z,1609.34,7.98048199940494,478.769,147,149.390625,18,19
running,2023,5,20,2023-05-20T23:02:32Z,1609.34,7.77911832946636,466.792,154,150.53125,19,2
running,2023,5,20,2023-05-20T23:03:31Z,204.09,7.36676737160121,56.054,146,148.96875,0,8
cycling,2023,5,21,2023-05-21T19:22:57Z,2502.35,6.26984572230014,584.953,111,513.984375,30,116
cycling,2023,5,21,2023-05-21T19:28:24Z,822.84,10.6480349344978,326.69,143,513.984375,59,55
cycling,2023,5,21,2023-05-21T19:33:52Z,810.31,10.8901339829476,328.933,158,513.984375,59,60
cycling,2023,5,21,2023-05-21T19:39:36Z,781.66,11.7848857644991,343.458,161,513.984375,53,50
cycling,2023,5,21,2023-05-21T19:45:01Z,820.6,10.6311533888228,325.248,160,513.984375,56,60
cycling,2023,5,21,2023-05-21T19:50:42Z,769.89,11.8788308237378,340.955,158,513.984375,58,55
cycling,2023,5,21,2023-05-21T19:57:10Z,776.31,11.9263672743442,388.293,155,513.984375,56,55
cycling,2023,5,21,2023-05-21T20:02:55Z,761.86,12.1368325791855,344.786,154,513.984375,52,53
cycling,2023,5,21,2023-05-21T20:08:58Z,794.55,12.2476712328767,362.843,154,513.984375,57,59
cycling,2023,5,21,2023-05-21T20:14:57Z,772.31,12.4523676880223,358.486,155,513.984375,55,52
cycling,2023,5,21,2023-05-21T20:20:00Z,369.31,22.0216748768473,303.252,156,513.984375,55,3
cycling,2023,5,21,2023-05-21T20:51:35Z,5374.19,9.40147213459516,1883.711,136,513.984375,157,125
running,2023,5,22,2023-05-22T16:55:52Z,1609.34,11.1203980099502,708.011,131,141.59375,16,13
running,2023,5,22,2023-05-22T17:05:44Z,1609.34,9.85755237045204,591.512,140,150.578125,4,6
running,2023,5,22,2023-05-22T17:16:10Z,1609.34,10.0233183856502,625.967,136,147.921875,5,3
running,2023,5,22,2023-05-22T17:27:38Z,1609.34,10.2689127105666,688.395,138,146.234375,2,2
running,2023,5,22,2023-05-22T17:38:41Z,1609.34,10.0760330578512,662.475,136,151.65625,5,6
running,2023,5,22,2023-05-22T17:48:51Z,1609.34,10.04960659423,610.857,136,150.703125,10,20
running,2023,5,22,2023-05-22T17:49:25Z,84.26,10.202510460251,32.05,139,155.125,2,0
cycling,2023,5,23,2023-05-23T18:06:39Z,8046.72,4.69497636968318,1476.933,119,513.984375,3,4
cycling,2023,5,23,2023-05-23T18:39:16Z,8046.72,5.0790380609733,1957.129,119,513.984375,14,12
cycling,2023,5,23,2023-05-23T19:07:18Z,8046.72,5.04844720496894,1682.39,119,513.984375,15,12
cycling,2023,5,23,2023-05-23T19:31:19Z,8046.72,4.49663034367142,1440.602,125,513.984375,7,5
cycling,2023,5,23,2023-05-23T19:51:50Z,6464.32,4.58345864661654,1228.648,129,513.984375,4,2
running,2023,5,24,2023-05-24T23:35:57Z,1609.34,10.9345291479821,655.987,127,139.875,12,11
running,2023,5,24,2023-05-24T23:46:31Z,1609.34,10.225848265345,633.697,136,150.375,15,8
running,2023,5,24,2023-05-24T23:57:30Z,1609.34,10.2767816091954,659.104,131,151.140625,7,7
running,2023,5,25,2023-05-25T00:02:42Z,145.71,10.2336512781381,55.586,125,154.390625,0,5
running,2023,5,25,2023-05-25T00:21:15Z,1609.34,10.0722493428464,604.283,129,152.03125,16,14
running,2023,5,25,2023-05-25T00:26:52Z,867.09,10.1638499431603,334.976,127,152.5,5,9
running,2023,5,27,2023-05-27T14:10:13Z,1609.34,9.45782792665726,832.835,126,150.4375,2,8
running,2023,5,27,2023-05-27T14:20:15Z,1609.34,9.15440273037543,602.8,135,148.5,5,21
running,2023,5,27,2023-05-27T14:29:56Z,1609.34,9.67619047619048,580.583,140,152.203125,26,0
running,2023,5,27,2023-05-27T14:42:23Z,1609.34,9.88297715549005,746.709,134,142.734375,17,0
running,2023,5,27,2023-05-27T14:52:41Z,1609.34,9.18260869565217,618.335,139,149.546875,7,22
running,2023,5,27,2023-05-27T14:53:55Z,168.91,11.1296265560166,70.086,136,121.3125,0,0
cycling,2023,5,28,2023-05-28T15:17:09Z,7385.1,13.8760475944128,3820.412,123,513.984375,208,204
running,2023,5,29,2023-05-29T03:11:36Z,1609.34,8.05235664965476,483.15,123,148.96875,2,15
running,2023,5,29,2023-05-29T03:18:47Z,1609.34,7.17368280288847,430.466,140,150.578125,0,29
running,2023,5,29,2023-05-29T03:26:00Z,1609.34,7.22780921584479,433.7,145,151.4375,2,21
running,2023,5,29,2023-05-29T03:33:33Z,1609.34,7.53861720067454,452.316,143,151.8125,24,31
running,2023,5,29,2023-05-29T03:41:42Z,1609.34,7.44239733629301,488.225,166,151.09375,28,25
running,2023,5,29,2023-05-29T03:48:58Z,1609.34,7.26697371985912,436.005,167,152.8125,16,0
running,2023,5,29,2023-05-29T03:56:37Z,1609.34,7.65261055634807,459.126,169,153.265625,35,4
running,2023,5,29,2023-05-29T04:03:59Z,1609.34,7.36272303046939,441.743,168,152.828125,12,7
running,2023,5,29,2023-05-29T04:08:11Z,769.45,8.21764705882353,235.715,164,152.765625,9,0
running,2023,6,1,2023-06-01T22:02:23Z,1609.34,10.2807205825987,751.214,125,151.5,12,18
running,2023,6,1,2023-06-01T22:12:49Z,1609.34,10.4286158631415,625.73,136,154.40625,15,2
running,2023,6,1,2023-06-01T22:22:57Z,1609.34,10.1407939508507,608.501,136,152.71875,2,9
running,2023,6,1,2023-06-01T22:33:11Z,1609.34,10.2336512781381,613.986,136,152.421875,14,7
running,2023,6,1,2023-06-01T22:36:28Z,544.82,9.56235294117647,194.249,137,154.5,4,7
running,2023,6,3,2023-06-03T00:03:34Z,1609.34,10.0949943545352,605.713,122,150.5,13,12
running,2023,6,3,2023-06-03T00:14:11Z,1609.34,10.156152972359,636.975,129,150.921875,14,12
running,2023,6,3,2023-06-03T00:24:24Z,1609.34,10.2063926940639,612.382,125,151.90625,2,15
running,2023,6,3,2023-06-03T00:34:29Z,1609.34,10.0646904315197,603.804,125,152.09375,20,8
running,2023,6,3,2023-06-03T00:34:56Z,72.99,8.48810126582279,23.098,124,146.953125,0,3
cycling,2023,6,4,2023-06-04T02:18:54Z,8046.72,12.9953488372093,4685.807,148,513.984375,477,237
cycling,2023,6,4,2023-06-04T02:55:05Z,8046.72,7.23756071235834,2171.008,128,513.984375,103,272
cycling,2023,6,4,2023-06-04T03:01:56Z,1320.4,8.29131375579598,408.136,132,513.984375,18,23
running,2023,6,6,2023-06-06T00:32:46Z,1609.34,9.28110726643598,556.929,128,149.40625,56,9
running,2023,6,6,2023-06-06T00:41:02Z,1609.34,8.26321626617375,495.797,133,148.203125,5,24
running,2023,6,6,2023-06-06T00:49:34Z,1609.34,8.53401209035953,512.021,137,149.40625,18,2
running,2023,6,6,2023-06-06T00:57:44Z,1609.34,8.16262933657943,489.788,135,148.09375,0,61
running,2023,6,6,2023-06-06T01:00:38Z,530.6,8.49347688410386,168.041,137,152.171875,13,5
running,2023,6,8,2023-06-08T22:25:25Z,1609.34,8.82025649457415,529.214,142,150.3125,35,18
running,2023,6,8,2023-06-08T22:34:25Z,1609.34,9.00080536912752,540.079,144,150.90625,32,36
running,2023,6,8,2023-06-08T22:42:37Z,1609.34,8.20256880733945,492.158,140,150.03125,4,32
running,2023,6,8,2023-06-08T22:50:54Z,1609.34,7.98999106344951,496.822,164,150.109375,37,5
running,2023,6,8,2023-06-08T22:51:36Z,144.58,7.49438390611903,40.396,148,146.09375,0,11
running,2023,6,10,2023-06-10T13:57:49Z,1609.34,9.19204934886909,551.487,121,153.078125,24,26
running,2023,6,10,2023-06-10T14:01:11Z,637.95,8.49885931558935,202.125,130,150.5,0,14
running,2023,6,10,2023-06-10T14:07:33Z,1609.34,6.36657963446475,381.966,143,159.390625,43,0
running,2023,6,10,2023-06-10T14:08:58Z,341.54,6.69221556886228,85.216,150,165.28125,25,0
running,2023,6,10,2023-06-10T14:11:21Z,351.27,8.95871743486974,143.224,144,140.46875,3,10
running,2023,6,10,2023-06-10T14:19:33Z,1609.34,8.18754578754579,491.298,129,148.109375,0,58
running,2023,6,10,2023-06-10T14:21:58Z,439.46,8.72273170731707,142.919,134,153.375,14,0
cycling,2023,6,11,2023-06-11T15:54:31Z,8046.72,15.0097369893677,5869.813,126,513.984375,467,211
cycling,2023,6,11,2023-06-11T16:30:11Z,5159.35,10.9882834903728,2113.814,113,513.984375,39,299
running,2023,6,13,2023-06-13T00:12:59Z,1609.34,9.65181720043181,579.079,133,144.03125,10,11
running,2023,6,13,2023-06-13T00:22:31Z,1609.34,9.41136842105263,572.007,140,146.859375,13,9
running,2023,6,13,2023-06-13T00:31:38Z,1609.34,9.11086956521739,546.585,137,148.625,2,9
running,2023,6,13,2023-06-13T00:42:51Z,1609.34,10.5144649157193,673.23,137,138.515625,12,6
running,2023,6,13,2023-06-13T00:46:40Z,642.24,9.424595924104,225.664,137,152,4,10
running,2023,6,14,2023-06-14T00:29:36Z,1609.34,9.84308256880734,629.872,125,145.296875,15,11
running,2023,6,14,2023-06-14T00:39:17Z,1609.34,9.35882763433357,580.983,141,146.46875,15,9
running,2023,6,14,2023-06-14T00:49:36Z,1609.34,9.33927576601671,618.599,131,148.75,0,13
running,2023,6,14,2023-06-14T00:59:24Z,1609.34,9.79992692729265,588.082,124,146.53125,19,6
running,2023,6,14,2023-06-14T00:59:53Z,80.47,8.90222369731165,26.71,124,125.84375,0,5
running,2023,6,16,2023-06-16T23:15:38Z,1609.34,9.78205689277899,596.549,125,150.71875,11,16
running,2023,6,16,2023-06-16T23:25:21Z,1609.34,9.72530819434373,583.457,133,152.015625,15,7
running,2023,6,16,2023-06-16T23:36:09Z,1609.34,9.54873620505518,647.896,123,150.140625,2,5
running,2023,6,16,2023-06-16T23:46:06Z,1609.34,9.6275664034458,596.776,119,149.75,15,11
running,2023,6,16,2023-06-16T23:49:48Z,639.89,9.1481582537517,218.228,121,152.203125,4,7
running,2023,6,17,2023-06-17T21:24:29Z,1609.34,8.00429722470904,480.251,138,152.328125,9,16
running,2023,6,17,2023-06-17T21:32:35Z,1609.34,7.52803817008139,486.032,156,151,31,21
running,2023,6,17,2023-06-17T21:40:50Z,1609.34,8.26067138897444,495.683,139,152.15625,25,46
running,2023,6,17,2023-06-17T21:48:45Z,1609.34,7.91922054915855,475.166,150,152.484375,36,13
running,2023,6,17,2023-06-17T21:48:49Z,3.2,15.4953206239168,1.851,157,109,0,0
cycling,2023,6,18,2023-06-18T21:18:07Z,2936.96,7.35263157894737,886.113,111,513.984375,67,174
cycling,2023,6,18,2023-06-18T21:24:09Z,816.05,11.8946341463415,361.961,143,513.984375,57,57
cycling,2023,6,18,2023-06-18T21:29:56Z,821.28,11.346192893401,347.403,155,513.984375,60,54
cycling,2023,6,18,2023-06-18T21:36:34Z,820.15,11.8893617021277,397.584,155,513.984375,57,61
cycling,2023,6,18,2023-06-18T21:42:44Z,816.04,12.1533303126416,369.788,153,513.984375,57,59
cycling,2023,6,18,2023-06-18T21:48:58Z,817.06,12.2756979405034,373.992,159,513.984375,61,58
cycling,2023,6,18,2023-06-18T21:55:01Z,851.17,11.4381236673774,363.032,163,513.984375,57,52
cycling,2023,6,18,2023-06-18T22:01:10Z,823.13,11.9849865951743,367.85,157,513.984375,53,52
cycling,2023,6,18,2023-06-18T22:07:39Z,811.79,12.8644604316547,389.275,154,513.984375,58,61
cycling,2023,6,18,2023-06-18T22:12:16Z,410.95,18.050067294751,276.568,155,513.984375,51,0
cycling,2023,6,18,2023-06-18T22:43:58Z,4810.87,9.93054424287301,1881.506,127,513.984375,159,133
running,2023,6,20,2023-06-20T00:14:33Z,1609.34,10.1677028051554,634.019,128,147.421875,14,11
running,2023,6,20,2023-06-20T00:24:13Z,1609.34,9.67619047619048,580.543,142,154.3125,15,12
running,2023,6,20,2023-06-20T00:34:10Z,1609.34,9.43786066150598,597.128,142,150.46875,2,2
running,2023,6,20,2023-06-20T00:43:45Z,1609.34,9.57600856836844,574.546,144,151.546875,14,14
running,2023,6,20,2023-06-20T00:53:29Z,1609.34,9.49129511677282,584.533,143,150.640625,9,14
running,2023,6,20,2023-06-20T00:53:43Z,30.98,9.03719676549865,10.438,142,141.265625,0,0
running,2023,6,21,2023-06-21T00:39:08Z,1609.34,9.22048814025438,564.994,123,142.578125,14,11
running,2023,6,21,2023-06-21T00:48:05Z,1609.34,8.94974974974975,536.935,133,146.34375,16,11
running,2023,6,21,2023-06-21T00:57:08Z,1609.34,8.78558794628235,543,131,148.34375,7,16
running,2023,6,21,2023-06-21T01:06:26Z,1609.34,9.13880749574106,557.608,140,147.375,21,6
running,2023,6,21,2023-06-21T01:07:21Z,169.74,8.06203787195672,51.024,144,150.3125,0,7
running,2023,6,22,2023-06-22T00:09:49Z,1609.34,8.37153558052434,502.3,128,150.40625,14,11
running,2023,6,22,2023-06-22T00:19:20Z,1609.34,8.21513016845329,570.832,133,149.078125,14,9
running,2023,6,22,2023-06-22T00:27:18Z,1609.34,7.96389548693587,477.891,135,149.8125,2,7
running,2023,6,22,2023-06-22T00:35:22Z,1609.34,7.98999106344951,483.837,139,148.8125,13,9
running,2023,6,22,2023-06-22T00:38:28Z,661.68,7.35868312757202,181.506,143,150.640625,5,7
cycling,2023,6,23,2023-06-23T00:38:15Z,8046.72,6.96685714285714,2131.97,137,513.984375,178,179
cycling,2023,6,23,2023-06-23T01:07:24Z,7029.77,6.66395031055901,1746.361,142,513.984375,85,84
running,2023,6,23,2023-06-23T22:51:28Z,1609.34,8.10344410876133,494.301,140,145.46875,8,9
running,2023,6,23,2023-06-23T22:52:16Z,68.75,18.9290049400141,48.509,145,96.578125,0,2
running,2023,6,23,2023-06-23T22:53:36Z,402.41,5.35591054313099,80.353,146,160.546875,0,0
running,2023,6,23,2023-06-23T22:54:58Z,417.45,5.25002935995302,81.709,151,165.21875,0,2
running,2023,6,23,2023-06-23T22:56:20Z,413.34,5.2914578812389,81.536,161,164.4375,0,0
running,2023,6,23,2023-06-23T22:57:41Z,403.84,5.42085691188359,81.615,166,164.578125,0,0
running,2023,6,23,2023-06-23T23:00:12Z,201.41,20.1369369369369,151.21,136,102.875,0,0
running,2023,6,23,2023-06-23T23:01:33Z,400.98,5.40338436744561,80.774,135,156.96875,2,0
running,2023,6,23,2023-06-23T23:02:57Z,413.42,5.40774193548387,83.347,153,163.484375,0,3
running,2023,6,23,2023-06-23T23:04:19Z,404.59,5.4873977086743,82.78,157,163.46875,0,0
running,2023,6,23,2023-06-23T23:05:44Z,424.81,5.31663032705649,84.205,163,162.109375,0,2
running,2023,6,23,2023-06-23T23:18:26Z,1609.34,11.6416666666667,762.771,146,128.015625,17,6
running,2023,6,23,2023-06-23T23:19:00Z,107.99,7.69873708381171,30.998,159,149.0625,0,5
cycling,2023,6,24,2023-06-24T17:09:12Z,8046.72,10.6227326732673,3553.937,121,513.984375,225,213
cycling,2023,6,24,2023-06-24T18:01:54Z,8046.72,10.2728456530065,3161.872,111,513.984375,187,194
cycling,2023,6,24,2023-06-24T18:52:11Z,8046.72,10.0571428571429,3016.689,122,513.984375,162,172
cycling,2023,6,24,2023-06-24T18:57:54Z,928.39,9.47453196750265,327.928,120,513.984375,31,18
cycling,2023,6,24,2023-06-24T19:15:57Z,1387.66,14.1022082018927,743.851,116,513.984375,17,33
cycling,2023,6,25,2023-06-25T19:00:44Z,8046.72,9.04329062710721,2901.82,106,513.984375,278,121
cycling,2023,6,25,2023-06-25T19:52:19Z,8046.72,10.3163076923077,3094.582,102,513.984375,191,243
cycling,2023,6,25,2023-06-25T21:14:00Z,8046.72,16.3352009744214,4900.664,111,513.984375,395,151
cycling,2023,6,25,2023-06-25T22:23:33Z,8046.72,13.9120331950207,4173.644,113,513.984375,195,471
cycling,2023,6,25,2023-06-25T22:51:45Z,4298.66,10.5392534381139,1688.983,118,513.984375,26,92
running,2023,6,27,2023-06-27T00:09:44Z,1609.34,9.01896435776731,541.124,126,143.5,12,15
running,2023,6,27,2023-06-27T00:18:54Z,1609.34,8.76549019607843,549.746,137,147.03125,14,7
running,2023,6,27,2023-06-27T00:28:40Z,1609.34,9.21415321195465,586.546,129,145.28125,2,7
running,2023,6,27,2023-06-27T00:38:46Z,1609.34,10.0874012786762,605.278,128,141.671875,20,12
running,2023,6,27,2023-06-27T00:42:19Z,646.77,8.75404699738903,211.064,124,150.65625,5,10
running,2023,6,27,2023-06-27T23:17:44Z,1535.52,8.38724202626642,480.205,126,150.375,11,13
running,2023,6,27,2023-06-27T23:20:55Z,818.73,6.23197026022305,190.21,140,156.84375,3,2
running,2023,6,27,2023-06-27T23:24:06Z,803.75,6.39542203147353,191.644,147,155.8125,0,0
running,2023,6,27,2023-06-27T23:27:19Z,801.24,6.45700529610014,192.878,159,155.46875,0,2
running,2023,6,27,2023-06-27T23:30:34Z,810.44,6.45700529610014,195.101,165,154.71875,0,0
running,2023,6,27,2023-06-27T23:33:48Z,799.31,6.51978609625668,194.279,179,152.890625,2,3
running,2023,6,27,2023-06-27T23:36:59Z,804.11,6.35150367037651,190.421,183,155.203125,2,0
running,2023,6,27,2023-06-27T23:37:47Z,201.63,6.46167188629246,48.569,185,155.296875,0,2
running,2023,6,27,2023-06-27T23:48:23Z,1480.22,11.4283766510439,633.471,146,127.546875,17,8
running,2023,6,28,2023-06-28T22:43:34Z,1609.34,8.19755501222494,491.909,138,152.390625,11,17
running,2023,6,28,2023-06-28T22:51:17Z,1609.34,7.71645569620253,462.99,154,151.34375,22,16
running,2023,6,28,2023-06-28T22:59:28Z,1609.34,8.19004580152672,491.367,151,150.921875,27,47
running,2023,6,28,2023-06-28T23:07:37Z,1609.34,8.14280510018215,488.522,160,151.6875,37,12
running,2023,6,28,2023-06-28T23:08:03Z,93.11,6.95782101167315,24.151,155,147.421875,0,2
cycling,2023,6,30,2023-06-30T02:10:27Z,8046.72,20.0466367713004,6015.722,109,513.984375,90,73
cycling,2023,6,30,2023-06-30T03:11:58Z,4382.51,21.7891145410236,3685.67,114,513.984375,41,60
cycling,2023,6,30,2023-06-30T22:54:13Z,8046.72,16.1289236319904,4838.953,138,513.984375,477,123
cycling,2023,6,30,2023-06-30T23:28:49Z,6354.7,8.69163966299417,2059.115,120,513.984375,53,407
running,2023,7,1,2023-07-01T23:43:48Z,1609.34,8.56125119693584,513.614,126,149.140625,9,17
running,2023,7,1,2023-07-01T23:51:59Z,1609.34,8.18754578754579,491.266,141,150.90625,21,2
running,2023,7,2,2023-07-02T00:00:02Z,1609.34,8.04752475247525,482.883,149,150.234375,25,43
running,2023,7,2,2023-07-02T00:08:12Z,1609.34,8.16014602981442,489.65,155,151.015625,32,25
running,2023,7,2,2023-07-02T00:08:22Z,17.07,8.31702325581395,5.292,154,149,0,0
cycling,2023,7,2,2023-07-02T14:49:27Z,8046.72,13.3844311377245,4015.781,133,513.984375,452,102
cycling,2023,7,2,2023-07-02T15:21:23Z,6170.66,8.31960297766749,1913.772,123,513.984375,60,411
running,2023,7,4,2023-07-04T03:21:36Z,1609.34,8.34548848786559,500.776,129,149.421875,11,19
running,2023,7,4,2023-07-04T03:31:20Z,1609.34,9.72883569096844,583.773,130,148.84375,14,13
running,2023,7,4,2023-07-04T03:41:07Z,1609.34,9.78205689277899,587.027,130,151.015625,19,18
running,2023,7,4,2023-07-04T03:50:04Z,1609.34,8.95572621035058,537.272,136,150.453125,14,7
running,2023,7,4,2023-07-04T03:50:12Z,15.37,9.94527252502781,5.701,131,146,0,0
cycling,2023,7,15,2023-07-15T17:30:25Z,8046.72,13.1160880195599,3934.67,133,513.984375,135,83
cycling,2023,7,15,2023-07-15T18:14:35Z,5941.35,11.6416666666667,2578.351,128,513.984375,40,95
running,2023,7,16,2023-07-16T17:01:39Z,1609.34,10.0083582089552,600.496,134,146.390625,15,14
running,2023,7,16,2023-07-16T17:11:47Z,1609.34,10.1407939508507,608.415,144,149.78125,23,14
running,2023,7,16,2023-07-16T17:21:30Z,1609.34,9.70419681620839,582.195,146,150.015625,11,27
running,2023,7,16,2023-07-16T17:31:33Z,1609.34,9.00080536912752,602.068,152,152.234375,27,33
running,2023,7,16,2023-07-16T17:38:55Z,1054.01,9.65529157667387,440.042,149,148.859375,19,15
running,2023,7,19,2023-07-19T18:41:28Z,1609.34,9.49465486725664,569.607,144,148.859375,12,13
running,2023,7,19,2023-07-19T18:51:14Z,1609.34,9.76425191117583,585.849,146,148.953125,18,16
running,2023,7,19,2023-07-19T19:00:19Z,1609.34,9.07388362652233,544.509,152,149.4375,14,9
running,2023,7,19,2023-07-19T19:03:38Z,631.86,8.39511737089202,197.769,160,148.109375,4,4
running,2023,7,21,2023-07-21T16:13:31Z,1609.34,8.51775166719594,511.026,143,148.53125,11,9
running,2023,7,21,2023-07-21T16:23:03Z,1609.34,8.63845410628019,572.319,154,148.515625,16,12
running,2023,7,21,2023-07-21T16:31:46Z,1609.34,8.71706207344816,523.081,156,149.6875,16,13
running,2023,7,21,2023-07-21T16:35:03Z,594.29,8.07174240144448,178.86,155,149.65625,2,4
cycling,2023,7,22,2023-07-22T17:38:58Z,5860.09,16.1678119349005,3531.873,130,513.984375,69,46
running,2023,7,24,2023-07-24T22:07:40Z,1609.34,10.493896713615,629.731,141,150.984375,123,0
running,2023,7,24,2023-07-24T22:16:54Z,1609.34,9.23954529796762,554.446,147,147.875,34,0
running,2023,7,24,2023-07-24T22:25:24Z,1609.34,7.65042783799201,509.784,144,145,0,24
running,2023,7,24,2023-07-24T22:33:43Z,1609.34,8.31960297766749,499.099,137,146.671875,0,128
running,2023,7,24,2023-07-24T22:33:52Z,9.97,11.1993319415449,4.163,132,145.5,0,0
cycling,2023,7,25,2023-07-25T16:01:18Z,8046.72,9.82865518504947,2948.508,134,513.984375,226,237
cycling,2023,7,25,2023-07-25T16:48:55Z,7227.42,10.5975503753457,2855.387,124,513.984375,200,194
running,2023,7,26,2023-07-26T04:21:12Z,1609.34,10.6143252869015,636.962,140,151.484375,94,31
running,2023,7,26,2023-07-26T04:32:43Z,1609.34,10.9167277167277,690.768,122,149.6875,19,114
running,2023,7,26,2023-07-26T04:43:28Z,1609.34,10.7461538461538,644.85,138,150.703125,58,19
running,2023,7,26,2023-07-26T04:43:42Z,22.46,13.311364764268,11.148,131,145.359375,0,0
cycling,2023,7,26,2023-07-26T17:08:22Z,8046.72,12.0604316546763,3741.642,133,513.984375,311,193
cycling,2023,7,26,2023-07-26T17:28:01Z,4235.49,7.45273687135315,1176.849,134,513.984375,75,184
running,2023,7,27,2023-07-27T03:50:39Z,1609.34,9.26507772020725,555.858,128,151.53125,3,50
running,2023,7,27,2023-07-27T04:00:15Z,1609.34,8.59692307692308,576.063,144,145.890625,11,4
running,2023,7,27,2023-07-27T04:03:05Z,479.4,9.50138150903294,169.815,153,149.84375,14,0
running,2023,7,27,2023-07-27T04:06:49Z,820.73,7.30059880239521,223.373,165,158.78125,70,0
running,2023,7,27,2023-07-27T04:13:47Z,946.32,11.0928039702233,415.836,136,140.359375,11,55
cycling,2023,7,28,2023-07-28T00:45:14Z,8046.72,12.2030937215651,3661.694,122,513.984375,257,144
cycling,2023,7,28,2023-07-28T01:05:13Z,4016.7,7.86811381636844,1178.173,138,513.984375,75,184
cycling,2023,7,28,2023-07-28T17:21:49Z,8046.72,8.48810126582279,2546.603,134,513.984375,220,259
cycling,2023,7,28,2023-07-28T17:48:15Z,1676.5,10.9078487189915,681.79,142,513.984375,65,24
cycling,2023,7,28,2023-07-28T18:48:00Z,4157.63,8.77122302158273,1359.699,112,513.984375,39,204
cycling,2023,7,29,2023-07-29T19:11:02Z,8046.72,9.81427003293084,2943.973,140,513.984375,257,213
cycling,2023,7,29,2023-07-29T19:14:57Z,1038.77,5.98714285714286,231.89,132,513.984375,2,47
cycling,2023,7,29,2023-07-29T23:06:30Z,8046.72,9.864803236484,2959.78,147,513.984375,302,173
cycling,2023,7,29,2023-07-29T23:15:38Z,2806.11,5.20823300970874,544.916,154,513.984375,18,143
cycling,2023,7,30,2023-07-30T18:59:42Z,8046.72,10.8857142857143,3361.51,146,513.984375,405,295
cycling,2023,7,30,2023-07-30T19:06:58Z,1536.02,7.39520264681555,423.457,137,513.984375,2,92
cycling,2023,7,30,2023-07-30T20:11:48Z,3735.98,4.8407146724418,674.191,121,513.984375,18,199
cycling,2023,8,2,2023-08-02T22:55:47Z,8046.72,15.4240368027602,4627.588,135,513.984375,166,171
cycling,2023,8,2,2023-08-02T23:03:18Z,618.38,19.4365217391304,448.122,136,513.984375,6,18
running,2023,8,3,2023-08-03T03:45:12Z,1609.34,9.76425191117583,585.835,125,149.390625,14,9
running,2023,8,3,2023-08-03T03:55:48Z,1609.34,10.0345679012346,636.082,131,148.25,16,15
running,2023,8,3,2023-08-03T04:05:55Z,1609.34,10.1178423236515,607.111,123,149.75,14,13
running,2023,8,3,2023-08-03T04:11:18Z,907.52,9.45782792665726,319.979,130,150.03125,7,13
running,2023,8,4,2023-08-04T18:52:37Z,1609.34,8.1181598062954,487.067,147,150.625,14,10
running,2023,8,4,2023-08-04T18:57:53Z,942.33,9.00080536912752,316.231,136,151.3125,9,16
running,2023,8,4,2023-08-04T19:04:47Z,1245.64,8.90517928286853,413.502,137,150.171875,14,15
running,2023,8,4,2023-08-04T19:10:04Z,1016.23,8.37938144329897,317.459,145,149.6875,15,2
running,2023,8,4,2023-08-04T19:15:12Z,740.37,11.1620474406991,308.046,129,151,7,3
running,2023,8,4,2023-08-04T19:20:33Z,1016.36,8.45332492908919,320.356,139,149.765625,21,21
running,2023,8,4,2023-08-04T19:24:46Z,661.25,10.2846625766871,253.581,131,151.328125,5,18
running,2023,8,4,2023-08-04T19:30:04Z,1009.61,8.45598991172762,318.282,142,148.78125,19,17
running,2023,8,4,2023-08-04T19:34:01Z,460.01,13.7975308641975,236.613,129,118.65625,4,7
running,2023,8,4,2023-08-04T19:39:35Z,1085.62,8.25050753614273,333.927,137,146,3,8
running,2023,8,4,2023-08-04T19:41:28Z,142.16,21.3384248210024,113.09,111,91.5625,0,5
running,2023,8,4,2023-08-04T19:51:24Z,1609.34,9.93790292701,596.259,133,140.1875,23,5
running,2023,8,4,2023-08-04T19:53:14Z,317.94,9.04939271255061,107.266,130,149.21875,0,9
running,2023,8,5,2023-08-05T21:09:49Z,1609.34,10.1446293494705,645.752,143,151.109375,87,0
running,2023,8,5,2023-08-05T21:19:31Z,1547.59,10.0836090225564,581.827,137,149.3125,31,115
running,2023,8,5,2023-08-05T21:24:50Z,1195.8,7.16218958611482,319.318,149,158.375,66,0
running,2023,8,5,2023-08-05T21:34:18Z,1609.34,9.46450247000706,567.875,161,149.734375,56,46
running,2023,8,5,2023-08-05T21:41:33Z,1108.57,10.0120940649496,432.99,150,151.453125,15,99
cycling,2023,8,6,2023-08-06T15:01:23Z,8046.72,11.5216494845361,3456.516,146,513.984375,439,129
cycling,2023,8,6,2023-08-06T15:49:59Z,8046.72,9.03111111111111,2915.821,147,513.984375,289,410
cycling,2023,8,6,2023-08-06T15:58:13Z,2240.84,5.88856201975851,491.935,141,513.984375,7,186
running,2023,8,7,2023-08-07T22:58:57Z,1609.34,8.83478260869565,530.003,137,149.703125,11,12
running,2023,8,7,2023-08-07T23:08:15Z,1609.34,9.3004160887656,558.108,135,149.65625,13,7
running,2023,8,7,2023-08-07T23:17:51Z,1609.34,8.94378126042014,576.613,136,146.109375,15,22
running,2023,8,7,2023-08-07T23:26:41Z,1609.34,8.83769357495881,530.244,141,148.5625,20,9
running,2023,8,7,2023-08-07T23:29:28Z,487.19,8.14527786213179,147.936,148,148.78125,0,4
running,2023,8,8,2023-08-08T19:13:31Z,1609.34,10.3801857585139,622.73,114,148.375,11,9
running,2023,8,8,2023-08-08T19:24:43Z,1609.34,10.3481481481481,672.154,122,148.796875,11,11
running,2023,8,8,2023-08-08T19:35:16Z,1609.34,10.56,633.701,128,149.703125,19,19
running,2023,8,8,2023-08-08T19:45:30Z,1609.34,10.2219512195122,613.331,127,146.1875,11,7
running,2023,8,8,2023-08-08T19:46:28Z,161.61,9.23636363636364,55.657,132,153.21875,0,2
running,2023,8,10,2023-08-10T00:17:29Z,1609.34,8.97670682730924,538.528,133,149.828125,12,17
running,2023,8,10,2023-08-10T00:26:55Z,1609.34,8.97370357979257,566.224,134,149.78125,18,11
running,2023,8,10,2023-08-10T00:35:48Z,1609.34,8.87277538868673,532.344,136,149.40625,16,16
running,2023,8,10,2023-08-10T00:44:02Z,1609.34,8.24290104486786,494.609,146,148.375,9,7
running,2023,8,10,2023-08-10T00:44:12Z,11.39,14.5378861788618,6.172,144,149,0,0
running,2023,8,12,2023-08-12T01:39:15Z,1609.34,7.9852337005061,479.13,126,151.1875,8,17
running,2023,8,12,2023-08-12T01:46:38Z,1609.34,7.38502202643172,443.119,158,151.546875,11,4
running,2023,8,12,2023-08-12T01:54:28Z,1609.34,7.84051446945338,470.478,156,150.703125,12,19
running,2023,8,12,2023-08-12T02:02:47Z,1609.34,8.16760048721072,498.564,157,148.53125,12,4
running,2023,8,12,2023-08-12T02:10:59Z,1609.34,8.20256880733945,492.192,157,150.265625,12,12
running,2023,8,12,2023-08-12T02:13:52Z,574.38,7.9709955423477,170.692,162,150.515625,4,8
cycling,2023,8,12,2023-08-12T14:48:34Z,8046.72,11.5663648124191,3672.977,150,513.984375,485,70
cycling,2023,8,12,2023-08-12T15:29:16Z,7977.77,8.10834340991536,2411.644,140,513.984375,93,513
running,2023,8,14,2023-08-14T03:36:06Z,1609.34,8.33770593720858,500.299,132,149.53125,10,28
running,2023,8,14,2023-08-14T03:44:03Z,1609.34,7.94737777777778,476.903,144,149.53125,25,6
running,2023,8,14,2023-08-14T03:51:50Z,1609.34,7.77911832946636,466.693,147,149.625,11,7
running,2023,8,14,2023-08-14T04:00:34Z,1609.34,8.72840872111943,523.768,144,148.25,26,26
running,2023,8,14,2023-08-14T04:02:20Z,364.51,7.57694915254237,102.978,153,148.703125,3,8
running,2023,8,15,2023-08-15T03:29:55Z,1353.43,8.75976485956891,441.947,130,150.78125,9,27
running,2023,8,15,2023-08-15T03:30:38Z,207.82,5.47619436504696,42.433,125,162.578125,0,0
running,2023,8,15,2023-08-15T03:31:19Z,134.95,8.13539581437671,40.932,131,150.8125,0,0
running,2023,8,15,2023-08-15T03:31:59Z,200.45,5.43293498075754,40.599,134,168.171875,0,0
running,2023,8,15,2023-08-15T03:32:40Z,122.92,8.93782072642452,40.964,141,152.609375,0,0
running,2023,8,15,2023-08-15T03:33:22Z,205.39,5.4055622732769,41.395,141,166.171875,0,0
running,2023,8,15,2023-08-15T03:34:03Z,121.38,9.11086956521739,41.223,148,133.390625,0,0
running,2023,8,15,2023-08-15T03:34:44Z,196.08,5.57406483790524,40.745,148,170.90625,0,0
running,2023,8,15,2023-08-15T03:35:25Z,128.14,8.57767828589703,40.973,152,151.734375,0,0
running,2023,8,15,2023-08-15T03:36:06Z,188.39,5.83349282296651,40.968,149,160.734375,0,0
running,2023,8,15,2023-08-15T03:36:51Z,134.67,9.10468431771894,45.717,148,151.53125,0,2
running,2023,8,15,2023-08-15T03:37:32Z,215.78,5.11000190512479,41.107,144,169.421875,0,0
running,2023,8,15,2023-08-15T03:38:15Z,147.12,7.71423641069888,42.316,153,151.28125,2,0
running,2023,8,15,2023-08-15T03:38:56Z,195.57,5.6090338770389,40.896,154,169.609375,0,0
running,2023,8,15,2023-08-15T03:39:44Z,129.89,9.92319644839068,48.059,156,150.671875,0,0
running,2023,8,15,2023-08-15T03:40:25Z,202.35,5.47955056179775,41.336,153,152.21875,0,2
running,2023,8,15,2023-08-15T03:40:58Z,99.65,8.95273698264352,33.26,163,150.09375,0,0
running,2023,8,15,2023-08-15T03:41:39Z,188.51,5.80445790954339,40.791,164,166.140625,0,0
running,2023,8,15,2023-08-15T03:42:20Z,112.85,9.64140905823149,40.561,171,149.953125,0,0
running,2023,8,15,2023-08-15T03:43:00Z,199.75,5.41319878910192,40.313,161,137.53125,0,0
running,2023,8,15,2023-08-15T03:46:38Z,288.27,20.1520661157025,216.54,129,80.640625,0,0
running,2023,8,15,2023-08-15T03:54:41Z,1527.45,8.05719435265845,483.908,163,144.1875,2,0
running,2023,8,15,2023-08-15T04:00:43Z,852.19,11.3174683544304,359.501,144,137.515625,10,2
running,2023,8,16,2023-08-16T13:11:49Z,1609.34,9.08925787868519,545.378,130,151.125,12,30
running,2023,8,16,2023-08-16T13:21:42Z,1609.34,9.19520054850874,593.135,141,149.171875,11,9
running,2023,8,16,2023-08-16T13:30:41Z,1609.34,8.97971208570472,538.808,152,150.5625,8,5
running,2023,8,16,2023-08-16T13:40:10Z,1609.34,9.49465486725664,569.674,148,150.296875,22,12
running,2023,8,16,2023-08-16T13:48:44Z,1609.34,8.5530612244898,513.185,151,150.609375,9,10
running,2023,8,16,2023-08-16T13:57:08Z,1609.34,8.40300751879699,504.254,156,150.890625,11,9
running,2023,8,16,2023-08-16T13:57:17Z,19.12,10.0233183856502,7.146,154,151.859375,0,0
running,2023,8,18,2023-08-18T22:42:13Z,1609.34,9.02807135644564,541.613,132,149.703125,16,12
running,2023,8,18,2023-08-18T22:51:28Z,1609.34,9.23954529796762,554.422,133,149.875,20,14
running,2023,8,18,2023-08-18T23:00:35Z,1609.34,9.12947583390061,547.756,126,149.15625,0,17
running,2023,8,18,2023-08-18T23:09:20Z,1609.34,8.73978494623656,524.389,134,149.90625,21,7
running,2023,8,18,2023-08-18T23:09:43Z,60.82,8.96770310932798,20.334,139,149.84375,0,3
running,2023,8,19,2023-08-19T17:59:55Z,1609.34,9.08002708192281,616.47,128,149.765625,27,45
running,2023,8,19,2023-08-19T18:09:10Z,1609.34,9.25229389444636,555.091,141,151.28125,34,17
running,2023,8,19,2023-08-19T18:18:16Z,1609.34,9.10159484221242,546.107,139,150.5,12,15
running,2023,8,19,2023-08-19T18:27:21Z,1609.34,9.08925787868519,545.417,148,152.03125,45,5
running,2023,8,19,2023-08-19T18:36:18Z,1609.34,8.94676450967311,536.718,142,151.1875,6,24
running,2023,8,19,2023-08-19T18:44:42Z,1609.34,8.39774577332498,503.936,145,151.359375,11,17
running,2023,8,19,2023-08-19T18:51:09Z,1136.9,9.01290322580645,382.073,143,150.890625,11,26
cycling,2023,8,20,2023-08-20T01:17:31Z,8046.72,10.3322033898305,3100.244,129,513.984375,165,136
cycling,2023,8,20,2023-08-20T02:07:14Z,6786.28,11.7282028858767,2967.826,123,513.984375,133,154
running,2023,8,22,2023-08-22T03:04:14Z,1609.34,7.10527152317881,426.267,132,153.03125,12,9
running,2023,8,22,2023-08-22T03:11:20Z,1609.34,7.09212057112639,425.534,156,152.515625,12,7
running,2023,8,22,2023-08-22T03:18:14Z,1609.34,6.90587023686921,414.309,156,152.015625,10,14
running,2023,8,22,2023-08-22T03:18:28Z,39.71,6.18312586445367,9.154,165,152.109375,0,0
running,2023,8,23,2023-08-23T03:32:39Z,1609.34,9.86843267108168,592.207,129,149.203125,11,9
running,2023,8,23,2023-08-23T03:43:07Z,1609.34,9.93054424287301,627.7,135,147.359375,19,22
running,2023,8,23,2023-08-23T03:52:19Z,1609.34,9.20782698249228,552.526,143,149.375,18,4
running,2023,8,23,2023-08-23T03:54:00Z,296.93,8.80577806959948,97.467,148,147.65625,0,6
running,2023,8,23,2023-08-23T21:22:26Z,1609.34,8.51775166719594,511.113,135,151.984375,12,13
running,2023,8,23,2023-08-23T21:30:34Z,1609.34,8.13539581437671,488.092,135,150.484375,18,24
running,2023,8,23,2023-08-23T21:38:45Z,1609.34,8.19004580152672,491.401,136,150.21875,16,2
running,2023,8,23,2023-08-23T21:47:02Z,1609.34,8.27341147439852,496.442,134,149.921875,12,24
running,2023,8,23,2023-08-23T21:55:10Z,1609.34,8.14033383915023,488.459,146,150.203125,16,9
running,2023,8,23,2023-08-23T21:55:20Z,8.48,16.0038186157518,5.058,143,145.40625,0,0
running,2023,8,24,2023-08-24T23:00:57Z,1609.34,8.9408,536.453,131,149.71875,13,13
running,2023,8,24,2023-08-24T23:09:52Z,1609.34,8.9081368316174,534.474,143,150,19,17
running,2023,8,24,2023-08-24T23:18:15Z,1609.34,8.382,502.918,150,149.46875,21,28
running,2023,8,24,2023-08-24T23:26:05Z,1609.34,7.84969271290606,470.96,161,150.421875,16,6
running,2023,8,24,2023-08-24T23:26:46Z,134.37,7.6460661345496,38.309,166,150.921875,0,0
running,2023,8,25,2023-08-25T22:37:18Z,1609.34,8.87864945382324,560.571,129,149.03125,14,14
running,2023,8,25,2023-08-25T22:46:18Z,1609.34,9.00080536912752,540.012,136,150.453125,19,28
running,2023,8,25,2023-08-25T22:54:35Z,1315.52,9.25548654244306,497.506,136,148.34375,17,9
running,2023,8,25,2023-08-25T22:55:56Z,114.21,18.9691654879774,80.764,115,108.890625,0,5
running,2023,8,25,2023-08-25T23:04:40Z,1609.34,8.73693811074919,524.182,144,149.078125,17,7
running,2023,8,25,2023-08-25T23:06:00Z,265.76,7.88198648251543,78.099,152,150.390625,0,2
running,2023,8,26,2023-08-26T16:59:07Z,1609.34,9.16065573770492,619.143,126,151.328125,9,4
running,2023,8,26,2023-08-26T17:07:55Z,1609.34,8.79711380780584,527.83,133,152.21875,7,5
running,2023,8,26,2023-08-26T17:18:47Z,1609.34,10.0874012786762,652.06,130,148.40625,31,41
running,2023,8,26,2023-08-26T17:30:10Z,1609.34,10.9972939729397,682.719,137,149.6875,35,21
running,2023,8,26,2023-08-26T17:42:59Z,1609.34,11.9903442109969,769.286,136,152.65625,59,34
running,2023,8,26,2023-08-26T17:52:11Z,1609.34,9.19520054850874,551.805,143,146.125,31,65
running,2023,8,26,2023-08-26T17:54:47Z,518.11,7.77010428736964,150.086,150,151.46875,7,13
running,2023,8,27,2023-08-27T23:41:24Z,720.04,8.2226854690374,220.745,116,150.203125,9,5
running,2023,8,27,2023-08-27T23:47:57Z,1564.39,6.73253012048193,392.717,141,161.421875,17,17
running,2023,8,27,2023-08-27T23:52:55Z,834.16,9.61376344086021,298.955,154,148.96875,10,7
running,2023,8,27,2023-08-27T23:59:22Z,1575.45,6.5757293454278,386.218,161,162.59375,16,17
running,2023,8,28,2023-08-28T00:04:49Z,829.33,10.6017391304348,327.787,154,135.875,8,10
running,2023,8,28,2023-08-28T00:11:17Z,1567.71,6.6326409495549,387.66,181,162.8125,17,14
running,2023,8,28,2023-08-28T00:12:56Z,151.92,17.4284600389864,98.694,163,102.484375,0,5
running,2023,8,28,2023-08-28T00:20:35Z,1263.95,9.64834532374101,454.696,157,148.140625,11,7
running,2023,8,28,2023-08-28T23:59:34Z,1609.34,8.9408,536.536,132,151.921875,9,17
running,2023,8,29,2023-08-29T00:08:43Z,1609.34,8.67477360931436,548.987,135,149.421875,12,4
running,2023,8,29,2023-08-29T00:17:20Z,1609.34,8.61902313624679,517.172,138,149.328125,11,33
running,2023,8,29,2023-08-29T00:25:41Z,1609.34,8.33511497824736,500.133,143,149.46875,2,2
running,2023,8,29,2023-08-29T00:34:37Z,1609.34,8.73693811074919,536,142,149.15625,11,13
running,2023,8,29,2023-08-29T00:43:24Z,1609.34,8.78558794628235,527.061,142,149.9375,31,10
running,2023,8,29,2023-08-29T00:43:33Z,15.82,13.007953443259,7.672,139,146.421875,0,0
running,2023,8,29,2023-08-29T23:47:53Z,1609.34,8.86105054509415,531.698,129,150.71875,16,13
running,2023,8,29,2023-08-29T23:56:37Z,1609.34,8.5530612244898,523.653,136,149.09375,18,17
running,2023,8,30,2023-08-30T00:04:40Z,1609.34,8.0499399759904,482.979,141,150,17,10
running,2023,8,30,2023-08-30T00:07:50Z,615.09,8.12307692307692,186.282,141,149.5625,2,8
running,2023,8,31,2023-08-31T13:33:19Z,1609.34,10.2807205825987,616.931,128,151.984375,51,7
running,2023,8,31,2023-08-31T13:43:39Z,1609.34,10.3322033898305,619.969,139,150.8125,65,43
running,2023,8,31,2023-08-31T13:53:00Z,1609.34,9.33927576601671,560.401,139,151.3125,10,49
running,2023,8,31,2023-08-31T14:02:58Z,1609.34,9.97486054295277,598.489,135,151.890625,21,41
running,2023,8,31,2023-08-31T14:03:04Z,4.47,21.8245728234337,3.632,141,137.25,0,0
cycling,2023,9,1,2023-09-01T02:49:31Z,8046.72,12.0495956873315,3882.82,149,513.984375,391,188
cycling,2023,9,1,2023-09-01T02:59:23Z,2468.86,6.40152744630072,589.195,132,513.984375,0,204
cycling,2023,9,2,2023-09-02T15:11:45Z,8046.72,13.7621344279117,4129.107,143,513.984375,389,371
cycling,2023,9,2,2023-09-02T15:14:01Z,556.28,6.31115294117647,130.889,120,513.984375,0,16
running,2023,9,4,2023-09-04T19:02:26Z,1609.34,9.04329062710721,571.98,108,148.765625,7,3
running,2023,9,4,2023-09-04T19:11:33Z,1609.34,9.12016320979259,547.224,125,149.34375,7,4
running,2023,9,4,2023-09-04T19:20:39Z,1609.34,8.93782072642452,545.766,123,147.015625,2,7
running,2023,9,4,2023-09-04T19:29:40Z,1609.34,9.01593277310924,541,125,149.375,4,12
running,2023,9,4,2023-09-04T19:38:37Z,1609.34,8.96171065820247,537.654,130,149.140625,7,2
running,2023,9,4,2023-09-04T19:44:02Z,964.51,8.64123711340206,310.726,130,149.9375,0,0
running,2023,9,6,2023-09-06T00:12:03Z,1609.34,10.1331318473744,608.035,127,145.65625,10,4
running,2023,9,6,2023-09-06T00:22:51Z,1609.34,10.0646904315197,647.966,132,150.625,15,12
running,2023,9,6,2023-09-06T00:32:31Z,1609.34,9.66572972972973,580.019,127,150.96875,14,11
running,2023,9,6,2023-09-06T00:42:24Z,1609.34,9.05856129685917,592.524,125,147.59375,0,11
running,2023,9,6,2023-09-06T00:42:36Z,13.93,14.3205552589429,7.438,134,149,0,0
running,2023,9,6,2023-09-06T23:39:50Z,1609.34,9.71122375090514,582.705,128,147.96875,11,18
running,2023,9,6,2023-09-06T23:50:27Z,1609.34,9.85755237045204,636.946,127,146.390625,24,10
running,2023,9,7,2023-09-07T00:00:41Z,1609.34,9.32304483837331,614.178,131,148.796875,3,4
running,2023,9,7,2023-09-07T00:10:25Z,1609.34,9.74297130403196,584.593,135,149.421875,15,13
running,2023,9,7,2023-09-07T00:20:15Z,1609.34,9.58627591136526,589.922,125,147.75,4,11
running,2023,9,7,2023-09-07T00:20:31Z,10.32,16.5060923076923,6.351,125,107.71875,0,0
running,2023,9,7,2023-09-07T23:29:37Z,1609.34,10.3441573467027,672.863,128,140.546875,11,9
running,2023,9,7,2023-09-07T23:39:22Z,1609.34,9.73589836660617,584.182,140,149.046875,15,7
running,2023,9,7,2023-09-07T23:49:12Z,1609.34,9.84308256880734,590.588,135,149.203125,2,9
running,2023,9,7,2023-09-07T23:59:45Z,1609.34,10.356138996139,632.856,134,147.890625,16,9
running,2023,9,8,2023-09-08T00:03:46Z,660.95,9.66921413121846,238.27,135,149.9375,4,7
running,2023,9,8,2023-09-08T17:19:52Z,1609.34,8.73125,523.809,132,153.25,11,18
running,2023,9,8,2023-09-08T17:28:35Z,1609.34,8.70857142857143,522.549,141,151.234375,22,18
running,2023,9,8,2023-09-08T17:37:09Z,1609.34,8.57767828589703,514.647,142,151.484375,21,7
running,2023,9,8,2023-09-08T17:38:13Z,206.83,7.94973325429757,61.294,148,149.78125,0,6
cycling,2023,9,9,2023-09-09T15:27:29Z,7597.1,13.3777556109726,3789.533,130,513.984375,434,70
cycling,2023,9,9,2023-09-09T16:15:42Z,8046.72,8.98271935699933,2694.959,130,513.984375,113,436
cycling,2023,9,9,2023-09-09T16:23:15Z,1249.16,9.67270104579877,450.509,132,513.984375,23,69
cycling,2023,9,9,2023-09-09T18:44:54Z,8046.72,8.44534005037783,2533.425,131,513.984375,284,130
cycling,2023,9,9,2023-09-09T19:53:13Z,8046.72,13.6639836984208,4099.382,131,513.984375,336,326
cycling,2023,9,9,2023-09-09T20:48:20Z,8046.72,11.0244143033292,3306.734,133,513.984375,342,222
cycling,2023,9,9,2023-09-09T21:48:45Z,8046.72,12.0876070301938,3625.509,129,513.984375,138,329
cycling,2023,9,9,2023-09-09T22:12:29Z,6287.04,6.0629294755877,1421.167,129,513.984375,73,160
running,2023,9,11,2023-09-11T23:58:59Z,1609.34,10.0987951807229,605.942,133,150.59375,12,17
running,2023,9,12,2023-09-12T00:08:57Z,1609.34,9.97115241635688,598.162,131,148.078125,18,17
running,2023,9,12,2023-09-12T00:18:35Z,1609.34,9.63102333931777,577.808,131,151.53125,19,10
running,2023,9,12,2023-09-12T00:29:55Z,1609.34,10.7203836930456,679.543,128,148.5625,14,12
running,2023,9,12,2023-09-12T00:32:05Z,145.11,10.7763760546404,128.291,133,139.03125,0,7
running,2023,9,12,2023-09-12T23:27:50Z,1609.34,8.1157034795764,486.947,141,152.140625,9,15
running,2023,9,12,2023-09-12T23:33:43Z,1609.34,5.88597761685319,353.158,164,161.53125,16,5
running,2023,9,12,2023-09-12T23:39:45Z,1609.34,6.0397207836073,362.343,182,159.15625,5,19
running,2023,9,12,2023-09-12T23:49:19Z,1609.34,9.56917588298252,574.126,146,151.40625,21,5
running,2023,9,12,2023-09-12T23:51:11Z,320.52,8.95871743486974,107.066,139,152.3125,0,7
running,2023,9,14,2023-09-14T00:00:26Z,1609.34,10.0120940649496,711.15,128,144.921875,13,13
running,2023,9,14,2023-09-14T00:10:15Z,1609.34,9.80350877192982,588.212,144,151.4375,13,9
running,2023,9,14,2023-09-14T00:20:48Z,1609.34,9.81427003293084,632.896,141,144.0625,2,7
running,2023,9,14,2023-09-14T00:30:59Z,1609.34,9.88297715549005,611.05,144,146.984375,16,9
running,2023,9,14,2023-09-14T00:34:49Z,649.04,9.32628650904033,225.707,138,148.90625,2,7
running,2023,9,17,2023-09-17T15:37:07Z,1609.34,9.00685023505709,581.193,136,149.0625,7,141
running,2023,9,17,2023-09-17T15:43:15Z,1126.93,8.73978494623656,367.192,144,148.609375,0,119
running,2023,9,17,2023-09-17T15:51:54Z,1331.34,10.4570760233918,519.068,152,151.96875,99,54
running,2023,9,17,2023-09-17T16:00:35Z,1380.66,10.1331318473744,521.562,151,151.453125,85,41
running,2023,9,17,2023-09-17T16:09:34Z,1530.02,9.44450704225352,538.789,154,151.546875,65,32
running,2023,9,17,2023-09-17T16:18:22Z,1414.79,10.0158327109783,528.205,158,153.4375,94,48
running,2023,9,17,2023-09-17T16:27:00Z,1357.9,10.2375572519084,518.241,156,153.265625,94,47
running,2023,9,17,2023-09-17T16:28:10Z,179.37,9.98600148920328,66.774,167,130.484375,0,2
running,2023,9,19,2023-09-19T00:04:32Z,1609.34,9.55553972212326,573.359,137,149.359375,12,11
running,2023,9,19,2023-09-19T00:13:42Z,1609.34,9.17318741450068,550.451,151,149.796875,16,7
running,2023,9,19,2023-09-19T00:22:33Z,1609.34,8.83769357495881,530.285,161,149.046875,4,11
running,2023,9,19,2023-09-19T00:31:02Z,1609.34,8.49078822412156,509.426,163,149.6875,17,10
running,2023,9,19,2023-09-19T00:33:56Z,586.74,7.88430335097002,172.473,167,150,5,7
running,2023,9,19,2023-09-19T23:38:33Z,1609.34,9.59656529516995,622.428,131,148.53125,13,12
running,2023,9,19,2023-09-19T23:38:42Z,3.03,18.4982068965517,2.09,131,109,0,0
running,2023,9,22,2023-09-22T23:49:23Z,1609.34,9.89756457564576,593.743,136,146.765625,13,10
running,2023,9,22,2023-09-22T23:59:47Z,1609.34,9.66921413121846,624.514,143,150.03125,15,11
running,2023,9,23,2023-09-23T00:09:04Z,1609.34,9.28110726643598,556.927,145,149.578125,2,9
running,2023,9,23,2023-09-23T00:19:12Z,1609.34,9.78562568405691,607.081,146,142.28125,14,10
running,2023,9,23,2023-09-23T00:23:08Z,652.3,8.84643799472296,234.089,144,146.125,7,8
running,2023,9,24,2023-09-24T22:14:48Z,1609.34,9.22365887207703,553.377,133,149.546875,14,11
running,2023,9,24,2023-09-24T22:23:56Z,1609.34,9.13880749574106,548.336,140,148.859375,22,10
running,2023,9,24,2023-09-24T22:32:49Z,1609.34,8.88453130175555,533.082,139,148.09375,9,21
running,2023,9,24,2023-09-24T22:40:52Z,1609.34,8.04752475247525,482.779,141,148.78125,16,11
running,2023,9,24,2023-09-24T22:41:05Z,26.46,10.6353687549564,10.495,144,146.203125,0,0
cycling,2023,9,30,2023-09-30T18:54:38Z,8046.72,11.6416666666667,3492.57,127,513.984375,277,54
cycling,2023,9,30,2023-09-30T19:47:10Z,8046.72,10.5062279670975,3151.997,117,513.984375,82,336
cycling,2023,9,30,2023-09-30T20:38:34Z,8046.72,10.2807205825987,3083.665,142,513.984375,271,88
cycling,2023,9,30,2023-09-30T20:54:03Z,2316.04,10.737550040032,927.13,137,513.984375,2,156
running,2023,10,7,2023-10-07T04:21:51Z,1609.34,9.96374442793462,605.587,117,143.234375,0,0
running,2023,10,7,2023-10-07T04:31:15Z,1609.34,9.3850244926522,563.108,121,142.875,0,0
running,2023,10,7,2023-10-07T04:40:16Z,1609.34,9.03415291343887,541.962,133,146.359375,0,0
running,2023,10,7,2023-10-07T04:46:50Z,1105.43,9.50138150903294,391.539,128,141.890625,2,0
running,2023,10,7,2023-10-07T17:20:24Z,1609.34,9.12326530612245,547.327,125,151.1875,0,0
running,2023,10,7,2023-10-07T17:29:16Z,1609.34,8.87864945382324,532.635,130,147.71875,0,2
running,2023,10,7,2023-10-07T17:38:35Z,1609.34,8.72273170731707,558.784,134,149.203125,0,0
running,2023,10,7,2023-10-07T17:41:29Z,551.05,8.36892355694228,171.959,143,149.640625,3,2
running,2023,10,12,2023-10-12T03:31:53Z,1609.34,9.05550303848751,543.36,123,143.65625,2,0
running,2023,10,12,2023-10-12T03:39:17Z,1609.34,7.39724214009928,443.817,136,148.96875,6,4
running,2023,10,12,2023-10-12T03:43:41Z,959.89,7.2200269179004,258.358,148,150.59375,0,0
running,2023,10,14,2023-10-14T14:02:14Z,1609.34,7.39724214009928,443.851,125,152.578125,2,2
running,2023,10,14,2023-10-14T14:09:31Z,1609.34,6.88813559322034,436.656,142,151.71875,3,0
running,2023,10,14,2023-10-14T14:16:25Z,1609.34,6.90764872521246,414.418,140,152.609375,2,2
running,2023,10,14,2023-10-14T14:23:32Z,1609.34,7.10527152317881,426.297,165,152.609375,0,0
running,2023,10,14,2023-10-14T14:24:32Z,197.03,7.79720930232558,57.285,173,151.546875,0,0
cycling,2023,10,15,2023-10-15T18:11:34Z,8046.72,11.1899874843554,3474.292,146,513.984375,360,306
cycling,2023,10,15,2023-10-15T18:24:55Z,1696.17,8.96470588235294,566.948,144,513.984375,12,65
running,2023,10,17,2023-10-17T00:04:02Z,1609.34,8.59416853572573,515.574,122,144.71875,0,2
running,2023,10,17,2023-10-17T00:12:11Z,1609.34,8.14280510018215,488.63,141,149.34375,2,0
running,2023,10,17,2023-10-17T00:12:41Z,63.79,10.4448598130841,24.838,138,150.59375,0,0
running,2023,10,17,2023-10-17T00:44:40Z,1578.66,8.97070234113712,527.925,139,150.453125,2,3
running,2023,10,21,2023-10-21T03:40:16Z,1609.34,7.29067681435173,437.494,132,148.46875,0,0
running,2023,10,21,2023-10-21T03:46:43Z,1609.34,6.45545126353791,387.357,151,153.015625,0,0
running,2023,10,21,2023-10-21T03:54:42Z,1609.34,7.9757359500446,478.578,153,146.890625,0,0
running,2023,10,21,2023-10-21T03:55:53Z,207.13,8.63567289117836,66.685,151,143.90625,0,0
running,2023,10,21,2023-10-21T16:40:21Z,1609.34,8.52045743329098,511.236,115,147.34375,0,0
running,2023,10,21,2023-10-21T16:48:45Z,1609.34,8.40827586206897,504.457,139,149.953125,2,0
running,2023,10,21,2023-10-21T16:58:04Z,1609.34,8.49616724738676,558.957,141,147.328125,0,0
running,2023,10,21,2023-10-21T16:58:58Z,9.35,12.9702127659574,4.522,157,121,0,0
running,2023,10,21,2023-10-21T18:07:36Z,1609.34,8.01625821876868,480.959,131,146.15625,2,0
running,2023,10,21,2023-10-21T18:07:48Z,21.05,7.905216622458,6.204,146,156.671875,0,0
running,2023,10,24,2023-10-24T00:02:59Z,1609.34,7.50486849468383,450.276,130,150.28125,2,2
running,2023,10,24,2023-10-24T00:09:47Z,1609.34,6.79392097264438,407.669,160,151.734375,0,0
running,2023,10,24,2023-10-24T00:16:35Z,1609.34,6.80598832783558,408.398,164,151.09375,0,0
running,2023,10,24,2023-10-24T00:18:20Z,391.08,6.90587023686921,100.699,165,150.703125,0,0
running,2023,10,24,2023-10-24T00:26:40Z,1108.51,9.17946611909651,379.335,136,147.421875,0,0
running,2023,10,27,2023-10-27T23:30:50Z,1609.34,7.91688311688312,475.016,128,147.8125,2,0
running,2023,10,27,2023-10-27T23:38:13Z,1609.34,7.38705590746351,443.21,145,149.203125,0,2
running,2023,10,27,2023-10-27T23:44:57Z,1609.34,6.73422043685664,404.071,156,150.953125,2,0
running,2023,10,27,2023-10-27T23:49:34Z,1056.64,6.98318146316063,275.09,161,150.796875,0,0
running,2023,10,28,2023-10-28T18:30:17Z,1609.34,8.73978494623656,524.406,132,151.78125,0,0
running,2023,10,28,2023-10-28T18:38:21Z,1609.34,8.05235664965476,483.098,148,152.875,7,5
running,2023,10,28,2023-10-28T18:48:01Z,1609.34,8.54216560509554,580.66,144,150.328125,9,4
running,2023,10,28,2023-10-28T18:57:43Z,1609.34,8.06203787195672,582.214,146,152.40625,10,5
running,2023,10,28,2023-10-28T19:07:23Z,1609.34,7.81538461538462,580.022,147,152.390625,4,12
running,2023,10,28,2023-10-28T19:10:36Z,437.76,7.63301081388731,124.582,150,154.578125,2,2
cycling,2023,10,29,2023-10-29T18:41:50Z,8046.72,19.2275268817204,5766.405,124,513.984375,316,338
cycling,2023,10,29,2023-10-29T19:15:48Z,3852.36,14.1170526315789,2027.771,133,513.984375,49,31
running,2023,11,2,2023-11-02T00:04:37Z,1609.34,7.81083284799068,468.638,125,149.765625,0,0
running,2023,11,2,2023-11-02T00:12:05Z,1609.34,7.46102920723227,447.676,140,148.953125,0,0
running,2023,11,2,2023-11-02T00:20:00Z,1609.34,7.92155936207915,475.26,137,148.59375,2,2
running,2023,11,2,2023-11-02T00:25:29Z,1145.68,7.63518360375747,326.097,145,148.5625,3,0
running,2023,11,3,2023-11-03T23:14:31Z,1609.34,8.24543498309253,525.814,133,147.09375,0,0
running,2023,11,3,2023-11-03T23:21:27Z,1609.34,6.92906225781452,415.697,152,150.546875,0,0
running,2023,11,3,2023-11-03T23:28:34Z,1609.34,7.11092258748674,426.633,171,150.40625,2,3
running,2023,11,3,2023-11-03T23:34:02Z,1125.33,7.7521387283237,325.28,163,147.78125,0,0
running,2023,11,4,2023-11-04T14:22:27Z,1609.34,8.51775166719594,511.05,131,152.5,7,2
running,2023,11,4,2023-11-04T14:29:42Z,1609.34,7.25714285714286,435.393,140,151.921875,0,0
running,2023,11,4,2023-11-04T14:36:54Z,1609.34,7.18521296544334,431.084,144,153.015625,5,6
running,2023,11,4,2023-11-04T14:43:44Z,1609.34,6.84768955833546,410.897,146,153.625,0,0
running,2023,11,4,2023-11-04T14:46:14Z,527.06,7.30457516339869,143.536,152,153.375,2,0
cycling,2023,11,4,2023-11-04T21:15:06Z,8046.72,18.6137404580153,5584.456,138,513.984375,278,293
cycling,2023,11,4,2023-11-04T21:29:46Z,2026.11,11.6568448500652,880.484,141,513.984375,38,30
running,2023,12,5,2023-12-05T00:16:30Z,1609.34,8.31186860861481,498.786,134,149.34375,2,0
running,2023,12,5,2023-12-05T00:25:20Z,1609.34,8.382,529.688,158,147.171875,0,4
running,2023,12,5,2023-12-05T00:25:24Z,5.91,10.9345291479821,2.408,155,148,0,0
running,2023,12,5,2023-12-05T22:07:51Z,1609.34,8.82315789473684,529.442,134,151.375,0,0
running,2023,12,5,2023-12-05T22:16:05Z,1609.34,8.23530856616518,494.14,145,150.546875,2,2
running,2023,12,5,2023-12-05T22:16:31Z,74.94,8.4294154619736,23.552,145,147.453125,0,0
running,2023,12,6,2023-12-06T20:08:30Z,1609.34,8.40827586206897,504.463,137,150.34375,4,0
running,2023,12,6,2023-12-06T20:16:47Z,1609.34,8.28107440568077,496.788,154,149.4375,2,2
running,2023,12,6,2023-12-06T20:24:50Z,1609.34,8.04511097780444,482.708,159,149.234375,6,0
running,2023,12,6,2023-12-06T20:25:04Z,33.51,9.39488616462347,11.737,163,149.828125,2,0
running,2023,12,7,2023-12-07T19:51:15Z,1609.34,8.01146953405018,480.616,140,151.4375,2,0
running,2023,12,7,2023-12-07T19:59:14Z,1609.34,7.98048199940494,478.786,158,150.328125,2,2
running,2023,12,7,2023-12-07T20:06:53Z,1609.34,7.65261055634807,459.159,165,150.4375,2,0
running,2023,12,7,2023-12-07T20:07:08Z,41.55,6.53408038976857,10.121,163,148.59375,0,0
running,2023,12,8,2023-12-08T23:15:49Z,1609.34,7.88894117647059,473.322,143,151.640625,2,3
running,2023,12,8,2023-12-08T23:22:50Z,1609.34,7.0197330541743,421.183,165,152.078125,5,2
running,2023,12,8,2023-12-08T23:29:46Z,1609.34,6.93802379720641,416.23,175,151.015625,0,0
running,2023,12,8,2023-12-08T23:32:03Z,533.45,6.72577733199599,133.752,178,151.734375,0,0
running,2023,12,9,2023-12-09T18:03:06Z,1609.34,8.23025467934949,493.772,137,153.875,2,0
running,2023,12,9,2023-12-09T18:11:12Z,1609.34,8.10589301903898,486.301,154,149.75,3,2
running,2023,12,9,2023-12-09T18:20:01Z,1609.34,7.79720930232558,528.896,151,149.734375,2,0
running,2023,12,9,2023-12-09T18:23:53Z,790.8,7.45895439377086,230.413,160,147.3125,2,0
running,2023,12,10,2023-12-10T22:42:28Z,1609.34,9.29397089397089,557.6,141,149.890625,4,12
running,2023,12,10,2023-12-10T22:50:59Z,1609.34,8.49347688410386,509.606,150,150.3125,2,2
running,2023,12,10,2023-12-10T22:59:36Z,1609.34,8.61902313624679,517.171,146,152.421875,5,2
running,2023,12,10,2023-12-10T23:00:55Z,245.89,8.42147566718995,77.19,147,155.71875,0,0
running,2023,12,12,2023-12-12T00:06:18Z,1192.55,8.27086031452359,367.786,132,151.859375,2,0
running,2023,12,12,2023-12-12T00:12:15Z,1609.34,5.9592090646523,357.555,156,159.40625,0,0
running,2023,12,12,2023-12-12T00:21:04Z,1609.34,8.80577806959948,528.369,159,149.734375,2,2
running,2023,12,12,2023-12-12T00:26:59Z,1087.64,8.70009730781706,352.814,155,150.765625,2,2
running,2023,12,13,2023-12-13T20:57:56Z,921.27,8.41883239171375,289.173,136,149.6875,0,0
running,2023,12,13,2023-12-13T21:04:42Z,1609.34,6.76820590461771,406.07,147,152.96875,0,0
running,2023,12,13,2023-12-13T21:11:32Z,1609.34,6.83895971443141,410.368,158,151.65625,3,2
running,2023,12,13,2023-12-13T21:18:13Z,1609.34,6.66726323639075,400.077,160,151.828125,2,4
running,2023,12,13,2023-12-13T21:20:31Z,455.52,8.00429722470904,135.937,165,148.90625,0,0
running,2023,12,14,2023-12-14T16:56:22Z,1609.34,8.45865657521287,507.504,128,153.125,2,0
running,2023,12,14,2023-12-14T17:04:10Z,1609.34,7.79041533546326,467.41,134,151.265625,0,0
running,2023,12,14,2023-12-14T17:12:07Z,1609.34,7.94973325429757,477.037,130,151.140625,0,2
running,2023,12,14,2023-12-14T17:19:54Z,1609.34,7.69211356466877,467.311,130,150.25,24,18
running,2023,12,14,2023-12-14T17:20:12Z,29.58,7.84739613809245,8.654,129,150.890625,0,0
running,2023,12,15,2023-12-15T18:00:56Z,1609.34,7.73425605536332,464.114,117,152.75,4,2
running,2023,12,15,2023-12-15T18:08:12Z,1609.34,7.27288503253796,436.383,129,151.421875,2,2
running,2023,12,15,2023-12-15T18:15:41Z,1609.34,7.4776693615835,448.622,133,151.09375,0,0
running,2023,12,15,2023-12-15T18:23:10Z,1609.34,7.34860273972603,449.581,135,149.703125,0,0
running,2023,12,15,2023-12-15T18:23:25Z,29.99,10.3962790697674,11.626,142,148.75,0,0
running,2023,12,16,2023-12-16T22:47:30Z,1609.34,7.6135112120352,456.788,134,152.984375,11,14
running,2023,12,16,2023-12-16T22:55:02Z,1609.34,7.54285714285714,452.547,155,152.140625,48,18
running,2023,12,16,2023-12-16T23:02:40Z,1609.34,7.62433200682206,457.399,169,150.265625,14,35
running,2023,12,16,2023-12-16T23:10:23Z,1609.34,7.72089810017271,463.309,156,150.375,14,10
running,2023,12,16,2023-12-16T23:18:53Z,1609.34,8.50155309033281,510.145,154,152.484375,34,31
running,2023,12,16,2023-12-16T23:20:21Z,306.87,7.47142061281337,85.472,160,151.125,0,7
running,2023,12,17,2023-12-17T18:55:14Z,1609.34,9.44118268215417,566.379,148,156.40625,97,0
running,2023,12,17,2023-12-17T19:05:33Z,1609.34,10.3202770296268,619.156,134,150.78125,30,88
running,2023,12,17,2023-12-17T19:15:58Z,1609.34,10.4205128205128,625.233,143,154.171875,92,27
running,2023,12,17,2023-12-17T19:25:32Z,1498.76,10.225848265345,571.497,144,154.90625,26,119
running,2023,12,19,2023-12-19T23:26:57Z,1609.34,8.57219558964525,514.289,141,151.40625,15,18
running,2023,12,19,2023-12-19T23:35:40Z,1609.34,8.70857142857143,522.513,158,148.65625,13,2
running,2023,12,19,2023-12-19T23:44:25Z,1609.34,8.75119086460033,525.099,150,148.390625,9,28
running,2023,12,19,2023-12-19T23:54:24Z,1609.34,8.8435212660732,598.868,138,148.828125,36,31
running,2023,12,20,2023-12-20T00:05:17Z,1609.34,8.82896642527979,652.933,135,148.78125,16,11
running,2023,12,20,2023-12-20T00:10:25Z,857.56,9.56576319543509,305.852,137,145.1875,10,7
running,2023,12,20,2023-12-20T23:46:14Z,1609.34,9.08002708192281,544.749,127,151.5625,12,12
running,2023,12,20,2023-12-20T23:55:10Z,1609.34,8.9288948069241,535.82,132,150.03125,16,17
running,2023,12,21,2023-12-21T00:04:29Z,1609.34,9.31656825286558,559.059,132,150.4375,30,14
running,2023,12,21,2023-12-21T00:10:04Z,1045.42,8.52316491897045,332.158,134,149.625,9,14
running,2023,12,22,2023-12-22T23:32:15Z,1609.34,8.45598991172762,589.209,139,144.328125,12,16
running,2023,12,22,2023-12-22T23:41:01Z,1609.34,8.77983633387889,526.804,149,150.65625,36,10
running,2023,12,22,2023-12-22T23:49:32Z,1609.34,8.50424857324033,510.193,149,148.234375,24,50
running,2023,12,22,2023-12-22T23:58:01Z,1609.34,8.49616724738676,509.813,148,150.421875,21,17
running,2023,12,23,2023-12-23T00:01:26Z,693.87,7.79947659203257,201.788,151,150.84375,4,9
running,2023,12,23,2023-12-23T21:40:26Z,1609.34,8.34548848786559,500.756,130,152.84375,12,16
running,2023,12,23,2023-12-23T21:48:37Z,1609.34,8.180054894785,490.845,140,152.421875,30,22
running,2023,12,23,2023-12-23T21:56:56Z,1609.34,8.31186860861481,498.652,140,151.921875,17,26
running,2023,12,23,2023-12-23T22:04:49Z,1609.34,7.89358446144791,473.606,147,152.453125,22,11
running,2023,12,23,2023-12-23T22:06:11Z,288.15,7.37284222100055,79.197,150,153.09375,2,4
running,2023,12,26,2023-12-26T18:24:56Z,1609.34,8.94378126042014,536.556,134,153.125,59,10
running,2023,12,26,2023-12-26T18:33:13Z,1609.34,8.29387755102041,497.668,134,149.25,0,42
running,2023,12,26,2023-12-26T18:41:58Z,1609.34,8.75404699738903,525.262,146,151.203125,49,27
running,2023,12,26,2023-12-26T18:47:02Z,1000.98,8.08147032238626,301.606,139,150.921875,10,28
running,2023,12,30,2023-12-30T00:02:43Z,1609.34,7.63518360375747,458.066,131,149.890625,2,0
running,2023,12,30,2023-12-30T00:09:54Z,1609.34,7.17368280288847,430.432,154,149.734375,2,2
running,2023,12,30,2023-12-30T00:17:14Z,1609.34,7.33453650533224,440.101,160,149.765625,0,0
running,2023,12,30,2023-12-30T00:26:57Z,816.59,7.98285714285714,580.598,171,153.3125,0,2
running,2023,12,31,2023-12-31T18:23:01Z,1341.16,7.34055829228243,485.154,133,151.90625,5,2
running,2023,12,31,2023-12-31T18:28:58Z,1609.34,5.9525965379494,357.175,149,159.5,0,0
running,2023,12,31,2023-12-31T18:31:27Z,649.62,6.17032436162871,149.448,181,158.4375,0,0
running,2023,12,31,2023-12-31T18:39:34Z,1609.34,8.1181598062954,487.067,164,149.0625,2,2
running,2023,12,31,2023-12-31T18:42:58Z,696.46,7.74095238095238,200.969,164,150.78125,0,0
running,2024,1,3,2024-01-03T00:26:58Z,1609.34,8.06688721804511,495.839,117,148.296875,2,0
running,2024,1,3,2024-01-03T00:34:21Z,1609.34,7.37892709766162,442.728,130,150.453125,2,0
running,2024,1,3,2024-01-03T00:41:44Z,1609.34,7.37689768976898,442.624,137,150.84375,2,3
running,2024,1,3,2024-01-03T00:49:00Z,1609.34,7.26697371985912,436.009,139,151.203125,0,0
running,2024,1,3,2024-01-03T00:49:29Z,112.73,6.39085060757684,26.858,143,152.21875,0,0
running,2024,1,4,2024-01-04T00:25:16Z,1609.34,8.81156373193167,528.71,124,148,2,0
running,2024,1,4,2024-01-04T00:31:56Z,1235.97,8.18255033557047,377.029,144,148.921875,2,3
running,2024,1,4,2024-01-04T01:13:39Z,803,9.39159663865546,281.208,128,150.609375,2,0
running,2024,1,5,2024-01-05T23:55:43Z,1609.34,7.22975741239892,433.788,137,150.125,2,0
running,2024,1,6,2024-01-06T00:02:54Z,1609.34,7.18906459394264,431.297,154,150.96875,2,2
running,2024,1,6,2024-01-06T00:10:05Z,1609.34,7.17752207653198,430.629,159,149.828125,0,0
running,2024,1,6,2024-01-06T00:13:42Z,772.59,7.45273687135315,214.639,164,149.5,0,0
running,2024,1,23,2024-01-23T01:02:01Z,495.65,6.59837638376384,121.922,134,162.5625,0,0
running,2024,1,23,2024-01-23T01:03:01Z,94.62,16.8165517241379,59.312,145,103,0,0
running,2024,1,23,2024-01-23T01:05:05Z,498.85,6.7190380761523,124.951,139,160.171875,0,0
running,2024,1,23,2024-01-23T01:06:05Z,84.59,18.9023255813953,59.613,142,91.28125,0,0
running,2024,1,23,2024-01-23T01:08:05Z,455.79,7.07341772151899,120.205,141,163.171875,0,0
running,2024,1,23,2024-01-23T01:09:04Z,90.85,17.2602316602317,58.455,138,102.28125,0,0
running,2024,1,23,2024-01-23T01:11:04Z,491.27,6.58865143699337,120.689,140,163.03125,0,0
running,2024,1,23,2024-01-23T01:12:06Z,102.25,16.1580722891566,61.613,142,106.71875,0,2
running,2024,1,23,2024-01-23T01:14:07Z,459.24,7.05481325618096,120.799,144,163,0,0
running,2024,1,23,2024-01-23T01:15:12Z,90.98,19.1042735042735,64.809,145,100.3125,0,0
running,2024,1,23,2024-01-23T01:17:12Z,430.11,7.52592592592593,120.671,146,162.90625,0,0
running,2024,1,23,2024-01-23T01:18:12Z,97.89,16.3252586731589,59.583,148,113.734375,0,0
running,2024,1,23,2024-01-23T01:20:13Z,397.16,8.17257769652651,121.028,151,162.828125,0,0
running,2024,1,25,2024-01-25T22:52:39Z,773.42,6.27865168539326,181.049,150,159.140625,0,0
running,2024,1,25,2024-01-25T22:53:58Z,98.43,21.5787610619469,79.157,155,79.734375,0,0
running,2024,1,25,2024-01-25T22:56:57Z,685.58,6.99046129788898,178.692,149,164.59375,0,0
running,2024,1,25,2024-01-25T22:58:03Z,90.06,19.6357247437775,65.952,151,113.203125,0,0
running,2024,1,25,2024-01-25T23:01:01Z,763.82,6.24648346530042,177.89,147,167.109375,0,0
running,2024,1,25,2024-01-25T23:01:58Z,71.39,21.4923076923077,57.223,161,110.84375,0,0
running,2024,1,25,2024-01-25T23:05:00Z,703.06,6.92548412083656,181.55,150,166.9375,2,2
running,2024,1,25,2024-01-25T23:06:10Z,100.02,18.8227368421053,70.213,142,110.84375,0,0
running,2024,1,25,2024-01-25T23:09:09Z,737.16,6.51029126213592,178.92,144,163.96875,0,0
running,2024,1,25,2024-01-25T23:10:19Z,117.87,16.0805755395683,70.675,150,105.203125,2,0
running,2024,1,25,2024-01-25T23:13:21Z,674.57,7.20257787325456,181.143,147,162.265625,2,4
running,2024,1,25,2024-01-25T23:14:25Z,99.58,16.4959409594096,61.229,145,113.9375,0,0
running,2024,1,28,2024-01-28T16:49:16Z,7.16,37.5138461538462,10.02,70,93.5,0,0
running,2024,1,28,2024-01-28T16:52:37Z,707.91,7.63518360375747,201.5,120,162.140625,0,0
running,2024,1,28,2024-01-28T16:53:37Z,89.66,17.8221926910299,59.57,122,92.796875,0,0
running,2024,1,28,2024-01-28T16:56:39Z,600.35,8.15518394648829,182.521,126,156.4375,0,0
running,2024,1,28,2024-01-28T16:57:36Z,96.27,15.8806394316163,57.009,134,89.71875,0,0
running,2024,1,28,2024-01-28T17:00:36Z,592.21,8.14280510018215,179.759,131,161.546875,0,0
running,2024,1,28,2024-01-28T17:01:37Z,97.08,16.7849812265332,60.737,125,99.265625,0,0
running,2024,1,28,2024-01-28T17:04:37Z,624.09,7.72979827089337,179.846,137,161.25,2,2
running,2024,1,28,2024-01-28T17:05:37Z,86.02,18.6915679442509,59.932,128,114.78125,0,0
running,2024,1,28,2024-01-28T17:08:38Z,591.57,8.23278084714549,181.595,138,162.65625,0,0
running,2024,1,28,2024-01-28T17:09:36Z,78.28,19.8979228486647,58.059,132,108.59375,0,0
running,2024,1,28,2024-01-28T17:12:36Z,576.21,8.38724202626642,180.155,126,158.0625,0,0
running,2024,1,28,2024-01-28T17:13:39Z,81.19,19.8097488921713,59.951,130,103.34375,0,0
running,2024,1,31,2024-01-31T17:20:36Z,662.31,7.36879120879121,181.976,123,169.40625,0,0
running,2024,1,31,2024-01-31T17:21:36Z,93.23,17.0625954198473,59.313,130,114.28125,0,0
running,2024,1,31,2024-01-31T17:24:36Z,632.99,7.62433200682206,179.926,140,168.3125,2,0
running,2024,1,31,2024-01-31T17:25:35Z,101.56,15.7500880798591,59.62,140,115.34375,0,0
running,2024,1,31,2024-01-31T17:28:35Z,661.58,7.28869565217391,179.757,144,165.890625,0,0
running,2024,1,31,2024-01-31T17:29:37Z,107.18,15.4240368027602,61.628,143,102.234375,2,0
running,2024,1,31,2024-01-31T17:32:35Z,636.03,7.54073657576609,178.816,145,164.265625,2,3
running,2024,1,31,2024-01-31T17:33:35Z,87.73,18.2838445807771,59.785,139,118.578125,0,0
running,2024,1,31,2024-01-31T17:36:35Z,612.04,7.90055964653903,180.295,138,166.40625,0,0
running,2024,1,31,2024-01-31T17:37:35Z,97.13,16.5264325323475,59.863,131,109.921875,0,0
running,2024,1,31,2024-01-31T17:40:36Z,595.97,8.11324863883847,180.291,137,165.40625,0,0
running,2024,1,31,2024-01-31T17:41:20Z,24.35,30.549430523918,27.727,144,74.671875,0,0
running,2024,2,3,2024-02-03T20:50:46Z,849.86,7.59626168224299,240.678,131,164.046875,86,0
running,2024,2,3,2024-02-03T20:51:47Z,90.78,18.1354969574037,61.387,128,116.734375,0,0
running,2024,2,3,2024-02-03T20:55:48Z,860.75,7.51748878923767,241.261,148,166.640625,2,0
running,2024,2,3,2024-02-03T20:56:50Z,94.22,17.6347140039448,61.943,157,112.78125,0,0
running,2024,2,3,2024-02-03T21:00:52Z,818.96,7.93327417923691,242.234,153,165.828125,2,4
running,2024,2,3,2024-02-03T21:01:54Z,93.05,17.7045544554455,61.437,128,118.234375,0,0
running,2024,2,3,2024-02-03T21:05:56Z,781.91,8.29131375579598,241.73,137,164.40625,2,0
running,2024,2,3,2024-02-03T21:07:03Z,99.44,18.3088054607509,67.892,127,104.484375,0,0
running,2024,2,3,2024-02-03T21:11:04Z,781.75,8.25050753614273,240.5,138,164.9375,0,0
running,2024,2,3,2024-02-03T21:12:07Z,97.16,17.3832793259883,62.966,137,112.0625,0,0
running,2024,2,3,2024-02-03T21:16:08Z,750.98,8.61348747591522,241.134,144,166.015625,0,0
running,2024,2,3,2024-02-03T21:31:55Z,80.27,17.2824742268041,51.734,135,99.25,0,0
running,2024,2,7,2024-02-07T00:54:31Z,878.15,7.40950276243094,242.602,133,163.28125,0,0
running,2024,2,7,2024-02-07T00:55:33Z,101.28,16.3352009744214,61.669,137,104.84375,0,0
running,2024,2,7,2024-02-07T00:59:39Z,914.7,7.21420118343195,245.991,139,164.640625,0,0
running,2024,2,7,2024-02-07T01:00:45Z,101.77,17.4284600389864,66.146,147,93.15625,2,0
running,2024,2,7,2024-02-07T01:04:47Z,892.15,7.26500541711809,241.666,148,164.859375,0,2
running,2024,2,7,2024-02-07T01:05:54Z,99.19,18.2589516678012,67.516,138,96.203125,0,0
running,2024,2,7,2024-02-07T01:10:01Z,905.03,7.30656496867339,246.543,148,163.734375,0,0
running,2024,2,7,2024-02-07T01:11:08Z,99.75,18.0743935309973,67.225,150,110.625,0,0
running,2024,2,7,2024-02-07T01:15:11Z,892.9,7.30656496867339,243.232,151,160.390625,2,0
running,2024,2,7,2024-02-07T01:16:17Z,112.97,15.5492173913043,65.494,151,104.90625,0,0
running,2024,2,7,2024-02-07T01:19:36Z,744.15,7.10903790087464,197.228,151,165.109375,0,0
running,2024,2,11,2024-02-11T00:46:42Z,792.62,8.44002517306482,249.382,139,163.578125,0,2
running,2024,2,11,2024-02-11T00:47:47Z,85.02,20.6167563412759,65.341,137,95.4375,0,0
running,2024,2,11,2024-02-11T00:51:52Z,783.69,8.37938144329897,244.857,141,161.765625,0,0
running,2024,2,11,2024-02-11T00:53:01Z,89.29,20.6484988452656,68.738,141,94.1875,0,0
running,2024,2,11,2024-02-11T00:57:05Z,821.74,7.99237187127533,244.88,144,162.125,0,0
running,2024,2,11,2024-02-11T00:58:12Z,100.85,17.5539267015707,65.991,150,109.40625,0,0
running,2024,2,11,2024-02-11T01:02:21Z,892.85,7.46726057906459,248.54,155,163.734375,0,0
running,2024,2,11,2024-02-11T01:03:37Z,103.98,19.493023255814,75.586,144,90.84375,0,0
running,2024,2,11,2024-02-11T01:07:44Z,877.31,7.55560563380282,247.132,151,163.46875,0,0
running,2024,2,11,2024-02-11T01:08:53Z,111.1,16.7013698630137,69.167,149,106.953125,0,0
running,2024,2,11,2024-02-11T01:13:53Z,1115.8,7.21420118343195,300.079,154,162.828125,2,0
running,2024,2,11,2024-02-11T01:14:21Z,27.69,19.4647314949202,20.098,158,106.375,0,0
running,2024,2,14,2024-02-14T01:13:49Z,820.25,7.89126213592233,241.293,157,164.65625,0,0
running,2024,2,14,2024-02-14T01:14:52Z,94.86,17.7279576999339,62.688,153,118.578125,0,0
running,2024,2,14,2024-02-14T01:18:54Z,726.1,8.9408,242.005,159,167.171875,0,0
running,2024,2,14,2024-02-14T01:20:01Z,108.88,16.5775030902349,67.274,154,110.5625,0,0
running,2024,2,14,2024-02-14T01:24:04Z,755.74,8.63567289117836,243.337,154,167,0,0
running,2024,2,14,2024-02-14T01:25:13Z,103.1,18.001610738255,69.172,142,78.84375,0,0
running,2024,2,14,2024-02-14T01:29:15Z,730.69,8.87277538868673,241.731,152,166.9375,0,0
running,2024,2,14,2024-02-14T01:30:20Z,93.78,18.6785515320334,65.303,147,103.40625,0,0
running,2024,2,14,2024-02-14T01:34:26Z,749.46,8.78271119842829,245.412,149,162.359375,0,0
running,2024,2,14,2024-02-14T01:34:46Z,31.03,15.0181410974244,17.376,155,78,0,0
running,2024,2,17,2024-02-17T16:32:29Z,1545.13,8.41619077502353,484.884,139,165.203125,4,0
running,2024,2,17,2024-02-17T16:33:38Z,96.9,19.0770981507824,68.909,134,117.203125,0,0
running,2024,2,17,2024-02-17T16:37:51Z,811.86,8.35068493150685,252.758,141,163.4375,0,5
running,2024,2,17,2024-02-17T16:38:55Z,99.35,17.2936170212766,64.061,150,114.96875,0,0
running,2024,2,17,2024-02-17T16:42:59Z,747.38,8.75690499510284,243.996,148,166.234375,2,0
running,2024,2,17,2024-02-17T16:48:06Z,826.45,9.96744704570792,307.082,142,148.28125,2,0
running,2024,2,17,2024-02-17T16:49:10Z,87.6,19.7951291512915,64.63,144,107.640625,0,0
running,2024,2,17,2024-02-17T16:54:43Z,1003.66,8.77122302158273,328.209,149,167.71875,2,0
running,2024,2,22,2024-02-22T00:51:46Z,1609.34,7.70315910396324,462.159,147,170.109375,2,0
running,2024,2,22,2024-02-22T00:56:08Z,884.84,7.92858409695536,261.58,152,166.390625,0,2
running,2024,2,22,2024-02-22T00:57:14Z,103.99,17.1389137380192,66.454,142,70.6875,0,0
running,2024,2,22,2024-02-22T01:05:22Z,1609.34,8.13292904790782,487.949,144,165.015625,2,0
running,2024,2,22,2024-02-22T01:05:47Z,83.48,7.84510090669786,24.421,145,166.203125,0,0
running,2024,2,22,2024-02-22T01:06:54Z,101.67,17.7749502982107,67.357,135,114,0,0
running,2024,2,22,2024-02-22T01:10:56Z,772.96,8.40037582211087,242.116,143,164.234375,0,0
running,2024,2,22,2024-02-22T01:11:11Z,19.27,13.3444776119403,9.586,148,142.453125,0,0
running,2024,2,24,2024-02-24T23:46:02Z,985.05,8.20256880733945,301.198,148,167.5625,12,0
running,2024,2,24,2024-02-24T23:47:05Z,102.28,16.557037037037,63.147,141,122.1875,0,0
running,2024,2,24,2024-02-24T23:52:09Z,999.18,8.15270516717325,303.72,151,169.296875,5,4
running,2024,2,24,2024-02-24T23:53:31Z,127.4,17.3047741935484,82.182,130,115.53125,0,0
running,2024,2,24,2024-02-24T23:58:33Z,916.64,8.82606120434353,301.594,147,165.796875,0,0
running,2024,2,24,2024-02-24T23:59:36Z,88.94,18.9557597173145,62.875,149,99.390625,0,0
running,2024,2,25,2024-02-25T00:04:43Z,901.21,9.15127942681679,307.44,159,166.390625,5,2
running,2024,2,25,2024-02-25T00:05:46Z,101.25,16.7744840525328,63.331,154,104.578125,0,0
running,2024,2,25,2024-02-25T00:10:48Z,905.9,8.9408,301.964,153,165.484375,0,0
running,2024,2,25,2024-02-25T00:11:58Z,98.89,18.9023255813953,69.675,156,113.765625,0,0
running,2024,2,25,2024-02-25T00:17:29Z,1037.6,8.54760994263862,330.675,167,167.5,0,0
running,2024,2,25,2024-02-25T00:18:29Z,33.56,19.7659543109801,24.732,176,125.359375,0,0
running,2024,2,29,2024-02-29T01:12:43Z,1609.34,8.50424857324033,510.287,140,167.28125,2,15
running,2024,2,29,2024-02-29T01:15:06Z,459.71,8.35328558081594,143.165,150,164.71875,0,0
running,2024,2,29,2024-02-29T01:16:11Z,91.89,18.8227368421053,64.486,137,108.765625,0,0
running,2024,2,29,2024-02-29T01:21:12Z,993.93,8.1378640776699,301.59,143,167.890625,2,0
running,2024,2,29,2024-02-29T01:26:13Z,1003.97,8.04752475247525,301.193,156,164.484375,0,0
running,2024,2,29,2024-02-29T01:27:17Z,105.44,16.2955042527339,64.056,143,109.03125,0,0
running,2024,2,29,2024-02-29T01:31:22Z,805.46,8.15766423357664,245,147,166.578125,0,0
running,2024,2,29,2024-02-29T01:31:38Z,25.7,12.9764876632801,12.435,146,142.859375,0,0
running,2024,3,2,2024-03-02T17:30:52Z,985.6,8.24036866359447,302.778,132,174.75,2,0
running,2024,3,2,2024-03-02T17:31:55Z,101.64,16.7013698630137,63.301,135,94.640625,0,0
running,2024,3,2,2024-03-02T17:36:58Z,1040.88,7.81538461538462,303.271,142,172.109375,0,0
running,2024,3,2,2024-03-02T17:38:03Z,105.38,16.3551219512195,64.275,139,118.75,0,0
running,2024,3,2,2024-03-02T17:43:05Z,985.25,8.21764705882353,301.898,142,172.765625,3,2
running,2024,3,2,2024-03-02T17:44:14Z,94.58,19.6357247437775,69.216,134,107.671875,0,0
running,2024,3,2,2024-03-02T17:49:15Z,961.49,8.39774577332498,301.05,144,168.796875,2,0
running,2024,3,2,2024-03-02T17:50:19Z,84.95,20.3662870159453,64.49,142,112.609375,0,0
running,2024,3,2,2024-03-02T17:55:21Z,936.11,8.63567289117836,301.37,143,170.78125,0,0
running,2024,3,2,2024-03-02T17:56:26Z,89.28,19.5926953981008,65.21,145,95.390625,0,2
running,2024,3,2,2024-03-02T18:01:27Z,964.7,8.38462019381057,301.532,152,170.890625,3,0
running,2024,3,2,2024-03-02T18:01:52Z,32.52,18.1477672530447,22.007,159,138.21875,0,0
running,2024,3,5,2024-03-05T01:09:15Z,986.54,8.2226854690374,302.439,128,168.28125,0,0
running,2024,3,5,2024-03-05T01:10:18Z,91.08,18.4093342484557,62.516,118,95.484375,0,0
running,2024,3,5,2024-03-05T01:15:20Z,984.46,8.2479704797048,302.687,129,165.46875,0,0
running,2024,3,5,2024-03-05T01:16:25Z,90.55,19.145182012848,64.647,138,107.265625,0,0
running,2024,3,5,2024-03-05T01:21:51Z,1022.89,8.32993788819876,325.551,142,164.015625,2,0
running,2024,3,5,2024-03-05T01:22:59Z,95.33,19.1862660944206,68.187,138,115.609375,0,0
running,2024,3,5,2024-03-05T01:28:02Z,947.97,8.59416853572573,303.757,142,164.859375,0,0
running,2024,3,5,2024-03-05T01:29:10Z,105.42,17.1389137380192,67.355,136,112.703125,0,0
running,2024,3,5,2024-03-05T01:34:16Z,978.9,8.38986549890522,306.174,143,165.46875,0,0
running,2024,3,5,2024-03-05T01:35:19Z,77.94,21.7361426256078,63.154,145,101.921875,0,0
running,2024,3,5,2024-03-05T01:40:20Z,959.14,8.41091251175917,300.746,145,165.515625,0,0
running,2024,3,5,2024-03-05T01:40:25Z,5.49,12.7361823361823,2.607,149,165,0,0
running,2024,3,9,2024-03-09T19:55:31Z,442.85,7.18136546184739,118.559,118,160.625,0,18
running,2024,3,9,2024-03-09T19:56:39Z,96.48,18.875721323012,67.907,114,75.203125,0,0
running,2024,3,9,2024-03-09T19:58:40Z,450.05,7.21808396124865,121.102,117,162.359375,0,0
running,2024,3,9,2024-03-09T19:59:48Z,101.21,18.1723577235772,68.582,114,107.328125,0,0
running,2024,3,9,2024-03-09T20:01:48Z,441.1,7.27880597014925,119.717,127,159.578125,0,0
running,2024,3,9,2024-03-09T20:02:57Z,102.23,18.050067294751,68.773,129,79.90625,0,0
running,2024,3,9,2024-03-09T20:04:58Z,459.56,7.05295819090192,120.846,136,164.984375,0,0
running,2024,3,9,2024-03-09T20:06:11Z,96.18,20.3817629179331,73.098,130,79.96875,0,0
running,2024,3,9,2024-03-09T20:09:32Z,631.5,7.59196150580243,201.598,138,148.0625,0,0
running,2024,3,9,2024-03-09T20:10:39Z,104.12,17.2269749518304,66.853,135,78.71875,0,0
running,2024,3,9,2024-03-09T20:12:38Z,421.71,7.54285714285714,118.598,138,163.046875,0,0
running,2024,3,9,2024-03-09T20:13:45Z,118.45,14.4829373650108,63.951,138,100.9375,0,0
running,2024,3,14,2024-03-14T00:03:41Z,410.97,7.98999106344951,122.42,120,162.234375,0,0
running,2024,3,14,2024-03-14T00:04:49Z,103.4,17.5424460431655,67.646,126,104.015625,0,0
running,2024,3,14,2024-03-14T00:06:51Z,426.81,7.69211356466877,122.409,134,161.65625,2,0
running,2024,3,14,2024-03-14T00:07:58Z,107.22,16.7849812265332,67.112,132,116.59375,0,0
running,2024,3,14,2024-03-14T00:10:01Z,438.34,7.52170499158721,122.937,126,160.625,0,0
running,2024,3,14,2024-03-14T00:11:14Z,108.03,18.001610738255,72.507,129,103.8125,0,0
running,2024,3,14,2024-03-14T00:13:18Z,467.46,7.12982456140351,124.263,130,159.421875,0,0
running,2024,3,14,2024-03-14T00:14:25Z,94.09,19.0906761565836,66.961,138,100.5625,0,0
running,2024,3,14,2024-03-14T00:16:27Z,423.49,7.74542304360381,122.284,142,158.78125,0,0
running,2024,3,14,2024-03-14T00:17:36Z,90.85,20.1369369369369,68.231,132,110.015625,0,0
running,2024,3,14,2024-03-14T00:19:47Z,482.32,7.32052401746725,131.643,135,160.296875,0,0
running,2024,3,14,2024-03-14T00:21:57Z,195.45,17.4397919375813,127.086,120,106.109375,0,0
running,2024,3,16,2024-03-16T20:02:10Z,450.31,7.26697371985912,121.996,120,160.96875,0,0
running,2024,3,16,2024-03-16T20:03:16Z,98.96,18.0865812542144,66.75,128,103.21875,0,0
running,2024,3,16,2024-03-16T20:05:22Z,464.14,7.24538087520259,125.388,129,160.53125,0,0
running,2024,3,16,2024-03-16T20:06:28Z,103.5,17.1938461538462,66.367,131,109.3125,0,0
running,2024,3,16,2024-03-16T20:08:34Z,470.98,7.17560192616372,126.01,133,161.09375,0,0
running,2024,3,16,2024-03-16T20:09:37Z,101.01,16.5877551020408,62.45,132,115.640625,0,0
running,2024,3,16,2024-03-16T20:11:38Z,462.9,7.03446105428796,121.387,133,160.015625,0,0
running,2024,3,16,2024-03-16T20:12:50Z,101.79,18.9691654879774,71.964,132,80.078125,0,0
running,2024,3,16,2024-03-16T20:14:52Z,442.61,7.36879120879121,121.581,135,162.734375,0,0
running,2024,3,16,2024-03-16T20:16:27Z,85.98,29.8690423162584,95.706,134,66.84375,0,0
running,2024,3,16,2024-03-16T20:19:17Z,631.93,7.19678025221358,169.556,148,161.375,2,0
running,2024,3,16,2024-03-16T20:19:39Z,25.82,15.9467300832342,15.352,148,121.5625,0,0
running,2024,3,19,2024-03-19T16:51:36Z,396.35,8.22016549187864,121.481,122,160.53125,0,0
running,2024,3,19,2024-03-19T16:52:40Z,96.69,17.716248348745,63.848,123,79.78125,0,0
running,2024,3,19,2024-03-19T16:54:42Z,442.11,7.41769911504425,122.281,131,166.359375,2,0
running,2024,3,19,2024-03-19T16:55:50Z,100.19,18.0258064516129,67.311,127,79.703125,0,0
running,2024,3,19,2024-03-19T16:57:51Z,476.8,6.82330195878911,121.285,129,167.21875,0,0
running,2024,3,19,2024-03-19T16:58:59Z,95.77,18.9023255813953,67.481,133,82.390625,0,0
running,2024,3,19,2024-03-19T17:01:00Z,456.49,7.11658264791722,121.133,133,162.734375,0,0
running,2024,3,19,2024-03-19T17:02:08Z,111.78,16.3153284671533,68.003,142,99.484375,0,0
running,2024,3,19,2024-03-19T17:04:09Z,448.42,7.28078175895765,121.734,144,160.765625,0,0
running,2024,3,19,2024-03-19T17:05:16Z,108.63,16.4151774785802,66.477,149,110.515625,0,2
running,2024,3,19,2024-03-19T17:07:20Z,458.27,7.270913526701,124.215,142,165.734375,0,0
running,2024,3,19,2024-03-19T17:08:29Z,90.67,19.564113785558,66.13,135,113.21875,0,0
running,2024,3,22,2024-03-22T21:24:53Z,429.01,7.81538461538462,124.991,122,157.546875,23,4
running,2024,3,22,2024-03-22T21:26:00Z,103.8,17.215917843389,66.615,142,101.15625,2,2
running,2024,3,22,2024-03-22T21:28:02Z,413.48,7.91221238938053,121.97,138,159.53125,4,5
running,2024,3,22,2024-03-22T21:29:10Z,97.88,18.7569230769231,68.443,140,104.6875,0,0
running,2024,3,22,2024-03-22T21:31:13Z,429.29,7.63518360375747,122.193,145,162.5625,2,7
running,2024,3,22,2024-03-22T21:32:20Z,92.39,19.5213973799127,67.243,146,96.984375,2,0
running,2024,3,22,2024-03-22T21:34:22Z,433.73,7.58337574215437,122.64,137,160.5,3,3
running,2024,3,22,2024-03-22T21:35:29Z,98.33,18.2341264445955,66.856,139,98.28125,2,0
running,2024,3,22,2024-03-22T21:37:31Z,381.79,8.55851946394384,121.837,141,157.015625,7,5
running,2024,3,22,2024-03-22T21:38:39Z,75.12,24.0991913746631,67.515,141,80.640625,0,0
running,2024,3,22,2024-03-22T21:40:38Z,389.63,8.2479704797048,119.824,135,161.375,0,0
running,2024,3,22,2024-03-22T21:41:47Z,91.45,20.243320754717,69.023,131,113.171875,0,4
running,2024,3,22,2024-03-22T21:43:48Z,362.38,8.93484343770819,120.703,129,163.84375,2,5
running,2024,3,22,2024-03-22T21:44:55Z,77.11,21.4065442936951,61.524,136,99.90625,2,0
cycling,2024,3,23,2024-03-23T17:16:35Z,3983.7,19.6213606437454,2913.823,131,513.984375,270,0
cycling,2024,3,25,2024-03-25T22:06:16Z,8046.72,9.89026548672566,2966.549,128,513.984375,289,131
cycling,2024,3,25,2024-03-25T22:34:01Z,4531.79,9.29397089397089,1570.125,132,513.984375,92,122
cycling,2024,3,26,2024-03-26T22:34:37Z,8046.72,11.8999112688554,3570.3,128,513.984375,157,141
cycling,2024,3,26,2024-03-26T23:12:12Z,5123.05,11.7436077057793,2243.092,122,513.984375,116,127
cycling,2024,3,27,2024-03-27T15:39:37Z,8046.72,15.7593419506463,4728.717,117,513.984375,212,187
cycling,2024,3,27,2024-03-27T16:06:33Z,3716.81,11.2180677540778,1554.408,120,513.984375,81,107
cycling,2024,3,28,2024-03-28T21:33:28Z,8046.72,14.0873949579832,4226.015,141,513.984375,389,131
cycling,2024,3,28,2024-03-28T22:22:49Z,7945.39,9.89391368498709,2931.071,148,513.984375,168,298
cycling,2024,3,29,2024-03-29T23:26:24Z,8046.72,10.7032721468476,3210.474,127,513.984375,167,100
cycling,2024,3,29,2024-03-29T23:53:21Z,5295.56,8.17756097560976,1614.293,133,513.984375,70,117
running,2024,4,7,2024-04-07T22:07:24Z,384.62,8.49078822412156,121.754,122,157.03125,0,0
running,2024,4,7,2024-04-07T22:08:36Z,91.77,20.9713838936669,71.735,125,95.140625,0,0
running,2024,4,7,2024-04-07T22:10:37Z,408.1,7.9852337005061,121.504,128,161.4375,2,0
running,2024,4,7,2024-04-07T22:11:44Z,96.87,18.562214532872,67.059,132,113.015625,0,0
running,2024,4,7,2024-04-07T22:13:46Z,398.52,8.19004580152672,121.694,137,165.21875,0,0
running,2024,4,7,2024-04-07T22:14:52Z,98.87,17.8935290193462,65.936,136,112.6875,0,0
running,2024,4,7,2024-04-07T22:16:52Z,376.85,8.59416853572573,120.75,128,161.6875,0,0
running,2024,4,7,2024-04-07T22:18:03Z,111.68,16.8800503461296,70.29,136,104.75,0,0
running,2024,4,7,2024-04-07T22:20:04Z,409.48,7.96153161175423,121.542,142,157.25,2,0
running,2024,4,7,2024-04-07T22:21:41Z,131.39,19.7951291512915,96.953,131,108.8125,0,2
running,2024,4,7,2024-04-07T22:24:45Z,595.11,8.29644293226106,184.071,140,161,2,0
running,2024,4,7,2024-04-07T22:25:55Z,95.82,19.5072,69.691,144,110.875,0,0
running,2024,4,7,2024-04-07T22:27:58Z,415.33,7.92389955686854,122.713,140,159.984375,0,0
running,2024,4,7,2024-04-07T22:28:59Z,83.71,19.7659543109801,61.688,149,106.90625,0,0
running,2024,4,7,2024-04-07T22:31:00Z,387.33,8.33511497824736,120.375,150,158.484375,0,0
running,2024,4,7,2024-04-07T22:32:14Z,71.36,23.5078001752848,62.534,149,100.4375,0,0
running,2024,4,11,2024-04-11T23:46:56Z,355.2,9.26507772020725,131.601,142,151.109375,4,2
running,2024,4,11,2024-04-11T23:48:01Z,93.42,18.6396108408617,64.914,140,83.9375,0,0
running,2024,4,11,2024-04-11T23:50:02Z,378.53,8.55033471469557,120.654,144,155.625,0,0
running,2024,4,11,2024-04-11T23:51:09Z,96.97,18.562214532872,67.086,141,100.84375,0,0
running,2024,4,11,2024-04-11T23:53:10Z,398.38,8.12061762034514,120.63,149,160.71875,0,0
running,2024,4,11,2024-04-11T23:54:14Z,87.06,19.7951291512915,64.27,150,108.546875,0,0
running,2024,4,11,2024-04-11T23:56:15Z,388.69,8.33770593720858,120.817,150,162.265625,0,0
running,2024,4,11,2024-04-11T23:57:19Z,91.29,18.7700489853044,63.896,150,106.09375,0,0
running,2024,4,11,2024-04-11T23:59:19Z,384.21,8.42412060301508,120.684,144,159.9375,0,0
running,2024,4,12,2024-04-12T00:00:22Z,91.95,18.1846779661017,62.326,141,94.609375,0,0
running,2024,4,12,2024-04-12T00:02:22Z,396.71,8.11324863883847,119.98,152,165.6875,0,0
running,2024,4,12,2024-04-12T00:03:23Z,86.53,18.9423728813559,61.119,154,99.921875,0,0
running,2024,4,12,2024-04-12T00:05:24Z,381.62,8.51234528721041,121.112,146,163.9375,3,0
running,2024,4,12,2024-04-12T00:06:37Z,103.56,18.1232432432432,69.963,150,115.84375,0,2
running,2024,4,14,2024-04-14T20:57:31Z,320.5,10.2689127105666,122.698,109,157.578125,0,0
running,2024,4,14,2024-04-14T20:58:38Z,83.38,21.45792,66.728,101,96.09375,0,0
running,2024,4,14,2024-04-14T21:00:39Z,395.43,8.24543498309253,121.574,112,164.296875,0,0
running,2024,4,14,2024-04-14T21:01:48Z,96.32,19.2,68.949,115,91.5,0,0
running,2024,4,14,2024-04-14T21:03:49Z,392.2,8.26831072749692,120.913,116,160.4375,2,0
running,2024,4,14,2024-04-14T21:04:57Z,94.93,19.063539445629,67.487,111,101.59375,0,0
running,2024,4,14,2024-04-14T21:06:58Z,400.21,8.14033383915023,121.469,116,162.625,0,0
running,2024,4,14,2024-04-14T21:08:03Z,97.39,17.7867374005305,64.598,113,112.671875,0,0
running,2024,4,14,2024-04-14T21:10:04Z,394.27,8.21764705882353,120.804,123,162.609375,0,0
running,2024,4,14,2024-04-14T21:11:11Z,103.78,17.5195297191378,67.767,127,115.8125,0,0
running,2024,4,14,2024-04-14T21:13:13Z,379.4,8.62456591639871,122.006,129,162.296875,0,0
running,2024,4,14,2024-04-14T21:14:17Z,89.45,18.9156558533145,63.1,135,107.546875,0,0
running,2024,4,14,2024-04-14T21:16:16Z,360.41,8.91109634551495,119.754,135,163.546875,0,0
running,2024,4,14,2024-04-14T21:17:21Z,92.55,16.0902219556089,55.505,134,113.828125,0,0
running,2024,4,18,2024-04-18T00:20:40Z,339.87,9.65529157667387,122.359,123,157.3125,0,0
running,2024,4,18,2024-04-18T00:21:42Z,98.24,16.9869537682077,62.216,129,106.703125,0,0
running,2024,4,18,2024-04-18T00:23:49Z,387.02,8.8028880866426,127.024,131,159.65625,0,0
running,2024,4,18,2024-04-18T00:24:57Z,80.96,22.4455230125523,67.772,131,81.28125,0,0
running,2024,4,18,2024-04-18T00:27:01Z,392.4,8.46934006946637,123.898,131,157.5625,0,0
running,2024,4,18,2024-04-18T00:28:10Z,98.62,18.6396108408617,68.552,132,111.84375,0,0
running,2024,4,18,2024-04-18T00:30:11Z,362.03,8.96770310932798,121.035,132,161.25,0,0
running,2024,4,18,2024-04-18T00:31:12Z,94.79,17.2824742268041,61.093,143,101.640625,0,0
running,2024,4,18,2024-04-18T00:33:17Z,407.09,8.28107440568077,125.68,136,163.015625,0,0
running,2024,4,18,2024-04-18T00:34:31Z,107.2,18.5365583966828,74.08,135,99.1875,0,0
running,2024,4,18,2024-04-18T00:36:34Z,435.69,7.52592592592593,122.253,144,161.96875,0,0
running,2024,4,18,2024-04-18T00:37:37Z,89.69,18.9825902335456,63.471,151,108.21875,0,0
running,2024,4,18,2024-04-18T00:39:39Z,396.46,8.2479704797048,121.901,146,159.40625,0,0
running,2024,4,18,2024-04-18T00:40:43Z,92.97,18.3715068493151,63.659,148,98.65625,0,0
running,2024,4,18,2024-04-18T00:42:44Z,405.7,7.9995228153892,120.987,148,163.828125,0,0
running,2024,4,18,2024-04-18T00:43:41Z,82.15,18.0137004701142,55.175,158,104.921875,0,0
running,2024,4,20,2024-04-20T15:46:20Z,780.97,8.28107440568077,241.116,134,162.765625,80,0
running,2024,4,20,2024-04-20T15:47:23Z,97.84,17.1389137380192,62.506,132,106.96875,0,0
running,2024,4,20,2024-04-20T15:51:24Z,741.54,8.73125,241.409,140,159.734375,0,0
running,2024,4,20,2024-04-20T15:52:33Z,96.17,19.1042735042735,68.493,137,93.40625,0,0
running,2024,4,20,2024-04-20T15:56:34Z,722.74,8.95572621035058,241.292,145,160.0625,0,0
running,2024,4,20,2024-04-20T15:57:45Z,81.09,23.4461538461539,70.908,135,85,0,0
running,2024,4,20,2024-04-20T16:01:48Z,712.85,9.15127942681679,243.21,143,161.71875,0,0
running,2024,4,20,2024-04-20T16:03:17Z,125.84,18.4093342484557,86.347,127,101.921875,0,0
running,2024,4,23,2024-04-23T23:50:22Z,375.88,8.74548418650147,122.556,135,164.6875,5,2
running,2024,4,23,2024-04-23T23:51:29Z,100.78,17.6579328505596,66.358,139,105.859375,0,0
running,2024,4,23,2024-04-23T23:53:30Z,377.75,8.583168,120.888,144,163.90625,0,2
running,2024,4,23,2024-04-23T23:54:39Z,79.19,23.6320704845815,69.748,137,75.921875,0,0
running,2024,4,23,2024-04-23T23:56:43Z,364.64,9.08002708192281,123.44,133,160.234375,0,0
running,2024,4,23,2024-04-23T23:57:51Z,89.9,20.3046177138531,68.062,144,108.53125,0,0
running,2024,4,23,2024-04-23T23:59:51Z,341.05,9.47787985865724,120.506,141,160.59375,0,0
running,2024,4,24,2024-04-24T00:00:57Z,85.86,20.5851112816577,65.88,148,105.96875,0,0
running,2024,4,24,2024-04-24T00:03:07Z,336.92,10.3202770296268,129.645,148,160.265625,0,0
running,2024,4,24,2024-04-24T00:04:13Z,86.78,20.5851112816577,66.591,153,106.484375,2,0
running,2024,4,24,2024-04-24T00:06:15Z,344.4,9.45782792665726,121.443,151,156.296875,0,0
running,2024,4,24,2024-04-24T00:07:24Z,96.12,19.3943600867679,69.485,152,97.5,0,0
running,2024,4,24,2024-04-24T00:09:27Z,336.01,9.79992692729265,122.75,147,156.6875,0,0
running,2024,4,24,2024-04-24T00:10:36Z,97,18.9423728813559,68.494,150,109.625,0,0
running,2024,4,24,2024-04-24T00:12:38Z,307.47,10.6947368421053,122.617,156,159.359375,5,5
running,2024,4,24,2024-04-24T00:13:43Z,95.46,17.5769331585845,62.565,154,113.609375,0,0
running,2024,4,26,2024-04-26T22:57:48Z,368.01,8.9259234608985,122.478,118,155.46875,0,0
running,2024,4,26,2024-04-26T22:58:54Z,88.93,19.8684444444444,65.894,115,99.90625,0,0
running,2024,4,26,2024-04-26T23:00:55Z,391.07,8.28875154511743,120.86,127,159.265625,2,0
running,2024,4,26,2024-04-26T23:02:02Z,87.05,20.712277992278,67.224,128,110.96875,0,0
running,2024,4,26,2024-04-26T23:04:03Z,380.78,8.52587412587413,121.026,144,159.421875,0,0
running,2024,4,26,2024-04-26T23:05:10Z,90.96,19.6789435069699,66.758,151,98.546875,0,0
running,2024,4,26,2024-04-26T23:07:11Z,363.29,8.91405782652044,120.734,146,158.265625,0,0
running,2024,4,26,2024-04-26T23:08:25Z,110.86,17.98953722334,74.377,140,110.25,0,0
running,2024,4,26,2024-04-26T23:10:26Z,383.53,8.448,120.784,142,157.453125,0,0
running,2024,4,26,2024-04-26T23:11:31Z,96.31,18.0865812542144,64.954,148,109.171875,0,0
running,2024,4,26,2024-04-26T23:13:34Z,369.64,8.8992700729927,122.65,148,160.671875,2,0
running,2024,4,26,2024-04-26T23:14:36Z,84.77,19.5926953981008,61.916,154,99.375,0,0
running,2024,4,26,2024-04-26T23:16:39Z,417.74,7.92858409695536,123.466,152,164.640625,0,0
running,2024,4,26,2024-04-26T23:17:40Z,92.95,17.6231274638633,61.082,152,113.609375,0,0
running,2024,4,26,2024-04-26T23:19:42Z,397.76,8.20758873929009,121.725,154,161.65625,0,0
running,2024,4,26,2024-04-26T23:20:09Z,31.92,12.6282485875706,15.029,174,146.875,0,0
running,2024,4,30,2024-04-30T03:01:31Z,365.39,9.07081501521813,123.562,125,162.390625,0,0
running,2024,4,30,2024-04-30T03:02:36Z,73.46,23.673786407767,64.853,128,93.5,0,0
running,2024,4,30,2024-04-30T03:04:40Z,417.62,7.98761167361525,124.363,135,161.21875,0,0
running,2024,4,30,2024-04-30T03:05:43Z,86.86,19.5356154406409,63.258,147,97.734375,0,0
running,2024,4,30,2024-04-30T03:07:55Z,447.53,7.90754716981132,131.943,147,162.109375,2,0
running,2024,4,30,2024-04-30T03:09:07Z,99.58,19.4506163886875,72.198,144,103.171875,0,0
running,2024,4,30,2024-04-30T03:11:09Z,402.75,8.10834340991536,121.768,146,162.5625,0,0
running,2024,4,30,2024-04-30T03:12:17Z,82.13,22.2223695111848,68.021,151,101.828125,0,0
running,2024,4,30,2024-04-30T03:14:20Z,374.46,8.7913470993117,122.745,148,157.78125,0,0
running,2024,4,30,2024-04-30T03:15:27Z,88.12,20.3972623574145,67.02,149,111.5,0,0
running,2024,4,30,2024-04-30T03:17:30Z,379.33,8.67477360931436,122.668,147,161.453125,0,0
running,2024,4,30,2024-04-30T03:18:38Z,96.2,19.1315263908702,68.611,152,108.5,0,0
running,2024,4,30,2024-04-30T03:20:39Z,334.59,9.71122375090514,121.146,153,162.421875,0,0
running,2024,4,30,2024-04-30T03:21:48Z,89.67,20.5064220183486,68.529,150,108.421875,0,0
running,2024,4,30,2024-04-30T03:24:06Z,378.93,9.77849070360919,138.155,154,161.75,0,0
running,2024,4,30,2024-04-30T03:25:20Z,107.78,17.8103585657371,71.561,152,110,0,0
running,2024,5,3,2024-05-03T23:00:09Z,602.79,8.16511415525114,183.509,132,163.96875,0,0
running,2024,5,3,2024-05-03T23:01:12Z,97.26,17.2602316602317,62.572,136,105.1875,0,0
running,2024,5,3,2024-05-03T23:04:13Z,645.24,7.52592592592593,181.038,138,164.609375,2,0
running,2024,5,3,2024-05-03T23:05:16Z,88.39,19.282818116463,63.55,141,106.625,0,0
running,2024,5,3,2024-05-03T23:08:20Z,640.6,7.67670291929021,183.319,159,161.09375,0,0
running,2024,5,3,2024-05-03T23:09:21Z,92.3,17.9414046822742,61.734,164,100.09375,0,2
running,2024,5,3,2024-05-03T23:12:22Z,641.72,7.56626234132581,181.041,168,163.46875,0,0
running,2024,5,3,2024-05-03T23:13:32Z,106.63,17.5769331585845,69.875,162,119.09375,0,0
running,2024,5,3,2024-05-03T23:16:33Z,640.87,7.57480937588252,181.005,168,162.671875,2,0
running,2024,5,3,2024-05-03T23:17:54Z,97.09,20.98779342723,78.793,159,94.984375,0,0
running,2024,5,6,2024-05-06T23:50:11Z,622.56,7.99713774597495,185.617,159,164.34375,6,2
running,2024,5,6,2024-05-06T23:51:14Z,81.5,20.8086889061288,63.225,153,112.75,0,0
running,2024,5,6,2024-05-06T23:54:15Z,555.37,8.75976485956891,181.372,140,159.828125,0,0
running,2024,5,6,2024-05-06T23:55:30Z,91.91,21.7009708737864,74.359,137,110.5625,0,0
running,2024,5,6,2024-05-06T23:58:31Z,528.92,9.18890030832477,181.178,153,162.53125,2,0
running,2024,5,6,2024-05-06T23:59:42Z,100.01,18.9691654879774,70.706,153,108.515625,0,0
running,2024,5,7,2024-05-07T00:02:43Z,525.23,9.25229389444636,181.191,158,162.984375,0,0
running,2024,5,7,2024-05-07T00:03:46Z,88.79,19.2137535816619,63.588,157,95.828125,0,0
running,2024,5,7,2024-05-07T00:06:47Z,543.79,8.91998669770535,180.817,159,161.125,0,0
running,2024,5,7,2024-05-07T00:07:49Z,76.64,21.6834276475344,61.934,159,92.859375,0,0
running,2024,5,7,2024-05-07T00:08:39Z,170.08,7.78589259796807,49.377,148,157.6875,0,0
running,2024,5,7,2024-05-07T00:09:40Z,88.11,18.7700489853044,61.646,149,98.203125,5,0
running,2024,5,7,2024-05-07T00:11:08Z,128.86,17.9414046822742,86.212,122,95.453125,0,2
running,2024,5,11,2024-05-11T16:44:25Z,556.42,8.73409312927385,181.165,128,165.875,0,0
running,2024,5,11,2024-05-11T16:45:27Z,71.04,23.3035621198957,61.723,128,101.140625,0,0
running,2024,5,11,2024-05-11T16:48:29Z,535.44,9.11396534148828,181.94,129,162.078125,0,0
running,2024,5,11,2024-05-11T16:49:31Z,78.03,21.4065442936951,62.291,138,101.65625,0,0
running,2024,5,11,2024-05-11T16:52:32Z,546.1,8.87571144937128,180.726,141,164.5,0,0
running,2024,5,11,2024-05-11T16:53:41Z,97.5,19.063539445629,69.282,140,100.203125,2,0
running,2024,5,11,2024-05-11T16:56:42Z,553.14,8.77983633387889,181.087,143,166.5625,0,0
running,2024,5,11,2024-05-11T16:57:44Z,82.57,20.1975903614458,62.188,144,108.203125,0,0
running,2024,5,11,2024-05-11T17:00:46Z,540.21,9.00080536912752,181.293,151,161.953125,0,0
running,2024,5,11,2024-05-11T17:01:54Z,97.6,18.7963559915907,68.417,156,100.140625,0,0
running,2024,5,11,2024-05-11T17:04:54Z,529.46,9.13569482288828,180.305,144,164.890625,0,0
running,2024,5,11,2024-05-11T17:05:59Z,102.11,17.0192893401015,64.805,162,108.78125,0,0
running,2024,5,11,2024-05-11T17:06:15Z,43.87,9.90487444608567,16.202,136,121.125,0,0
running,2024,5,11,2024-05-11T17:06:50Z,6.5,12.2869445716903,2.977,143,173,0,0
running,2024,5,16,2024-05-16T00:10:49Z,538.28,9.03415291343887,181.294,133,165.8125,0,0
running,2024,5,16,2024-05-16T00:11:51Z,79.01,21.2034782608696,62.454,137,103.046875,0,0
running,2024,5,16,2024-05-16T00:14:52Z,627.91,7.71867625899281,180.705,137,166.234375,0,0
running,2024,5,16,2024-05-16T00:16:08Z,97.06,20.857231726283,75.468,147,87.15625,0,0
running,2024,5,16,2024-05-16T00:19:08Z,633.18,7.64824636441403,180.552,164,166.09375,0,0
running,2024,5,16,2024-05-16T00:20:22Z,92.39,21.5095429029671,74.085,152,95.25,0,0
running,2024,5,16,2024-05-16T00:23:23Z,614.71,7.90288744843842,181.114,166,163.375,0,0
running,2024,5,16,2024-05-16T00:24:24Z,70.73,22.9055508112724,60.411,160,90.3125,0,0
running,2024,5,16,2024-05-16T00:26:13Z,175.81,7.67231121281465,50.283,146,163.328125,0,0
running,2024,6,1,2024-06-01T15:47:50Z,371.04,8.7913470993117,121.601,126,165.640625,0,0
running,2024,6,1,2024-06-01T15:49:02Z,110.11,17.3607766990291,71.248,125,114.8125,0,0
running,2024,6,1,2024-06-01T15:51:02Z,401.98,8.04269865067466,120.551,131,164.90625,2,0
running,2024,6,1,2024-06-01T15:54:03Z,461.65,10.5309776207303,181.229,131,147.421875,0,0
running,2024,6,1,2024-06-01T15:55:05Z,82.27,20.0466367713004,61.479,140,111.078125,0,0
running,2024,6,1,2024-06-01T15:57:05Z,388.51,8.3221843003413,120.534,137,163.265625,0,0
running,2024,6,1,2024-06-01T15:58:08Z,83.96,19.8831727205337,62.228,133,94.328125,0,0
running,2024,6,1,2024-06-01T16:00:09Z,400.39,8.12307692307692,121.244,135,165.4375,0,0
running,2024,6,1,2024-06-01T16:01:14Z,106.77,16.3153284671533,64.933,144,115.875,0,0
running,2024,6,1,2024-06-01T16:03:15Z,394.82,8.23278084714549,121.174,140,165.359375,0,0
running,2024,6,1,2024-06-01T16:04:17Z,91.66,18.2589516678012,62.379,135,97.203125,0,0
running,2024,6,1,2024-06-01T16:06:20Z,391.87,8.42412060301508,123.064,126,165.109375,0,0
running,2024,6,1,2024-06-01T16:07:22Z,79.99,20.7764523625097,61.95,133,85.5625,0,2
running,2024,6,1,2024-06-01T16:09:24Z,387.89,8.39511737089202,121.387,130,165.09375,0,0
running,2024,6,1,2024-06-01T16:10:04Z,54.89,18.2341264445955,37.318,138,106.703125,0,0
running,2024,6,6,2024-06-06T03:32:42Z,627.56,7.75437987857762,181.451,130,164.5625,0,0
running,2024,6,6,2024-06-06T03:33:43Z,76.72,21.4065442936951,61.216,134,102.296875,0,0
running,2024,6,6,2024-06-06T03:36:45Z,663.06,7.34658997534922,181.592,138,165.234375,0,0
running,2024,6,6,2024-06-06T03:37:45Z,86,18.889014084507,60.576,146,110.640625,0,0
running,2024,6,6,2024-06-06T03:40:49Z,647.9,7.60487666572158,183.711,147,164.15625,0,0
running,2024,6,6,2024-06-06T03:42:01Z,104.11,18.4982068965517,71.801,154,103.890625,0,0
running,2024,6,6,2024-06-06T03:45:02Z,604.56,8.04028776978417,181.224,155,164.28125,2,4
running,2024,6,6,2024-06-06T03:46:04Z,78.64,21.1366430260047,61.971,156,76.046875,0,0
running,2024,6,6,2024-06-06T03:49:05Z,580.72,8.38986549890522,181.652,159,163.90625,0,0
running,2024,6,6,2024-06-06T03:50:10Z,86.69,19.9571428571429,64.482,160,94.75,0,0
running,2024,6,6,2024-06-06T03:53:11Z,542.08,8.96171065820247,181.126,164,160.015625,0,0
running,2024,6,6,2024-06-06T03:53:58Z,58.02,20.712277992278,44.804,167,63.046875,0,0
running,2024,6,9,2024-06-09T20:48:56Z,573.07,8.48541600759253,181.28,129,161.90625,7,2
running,2024,6,9,2024-06-09T20:50:01Z,90.68,19.1178902352103,64.653,129,96.96875,0,0
running,2024,6,9,2024-06-09T20:53:01Z,601.37,8.05235664965476,180.553,135,164.671875,0,7
running,2024,6,9,2024-06-09T20:54:03Z,84.42,19.6933920704846,62.005,137,81.90625,0,0
running,2024,6,9,2024-06-09T20:57:03Z,623.7,7.75437987857762,180.314,141,161.859375,0,2
running,2024,6,9,2024-06-09T20:58:09Z,87.08,20.1520661157025,65.415,134,111.125,0,0
running,2024,6,9,2024-06-09T21:01:09Z,620.25,7.81310806874454,180.668,129,161.75,2,0
running,2024,6,9,2024-06-09T21:02:17Z,96.42,18.7569230769231,67.449,132,110.796875,0,0
running,2024,6,9,2024-06-09T21:05:21Z,650.57,7.58123233465235,183.861,140,165.375,0,2
running,2024,6,9,2024-06-09T21:07:14Z,164.16,18.4473177441541,112.91,123,106.484375,2,0
running,2024,6,9,2024-06-09T21:10:15Z,579.97,8.36892355694228,180.957,143,163.90625,7,0
running,2024,6,9,2024-06-09T21:11:21Z,89.93,18.889014084507,63.312,137,95.625,0,2
cycling,2024,6,11,2024-06-11T14:46:15Z,8046.72,8.99175326852162,2697.466,137,513.984375,235,85
cycling,2024,6,11,2024-06-11T15:24:50Z,8046.72,7.71867625899281,2315.3,134,513.984375,142,294
cycling,2024,6,11,2024-06-11T15:33:03Z,2675.72,4.76503819506129,475.31,141,513.984375,26,21
cycling,2024,6,12,2024-06-12T03:39:11Z,4865.32,12.9015873015873,2340.374,139,513.984375,215,213
running,2024,6,14,2024-06-14T00:40:23Z,620.64,7.80628637951106,180.653,138,166.484375,0,0
running,2024,6,14,2024-06-14T00:41:24Z,86.2,19.0094968107725,61.086,143,115.046875,0,0
running,2024,6,14,2024-06-14T00:44:26Z,731.52,6.6755599800896,182.059,149,166.59375,0,0
running,2024,6,14,2024-06-14T00:45:29Z,92.43,18.2589516678012,62.907,149,95.34375,0,0
running,2024,6,14,2024-06-14T00:48:30Z,724.34,6.68221225710015,180.435,150,171.015625,2,2
running,2024,6,14,2024-06-14T00:49:31Z,92.87,17.8340425531915,61.761,155,110.34375,0,0
running,2024,6,14,2024-06-14T00:52:32Z,701.01,6.91477184841454,180.74,154,166.78125,0,0
running,2024,6,14,2024-06-14T00:53:36Z,103.13,16.4756756756757,63.356,151,114.90625,0,0
running,2024,6,14,2024-06-14T00:56:37Z,652.81,7.45066666666667,181.355,146,164.59375,0,0
running,2024,6,14,2024-06-14T00:57:47Z,96.62,19.4647314949202,70.122,158,106.625,0,0
running,2024,6,14,2024-06-14T01:00:48Z,620.01,7.84051446945338,181.23,161,163.03125,0,0
running,2024,6,14,2024-06-14T01:01:55Z,79.15,21.3045274027006,62.864,160,92.421875,0,0
cycling,2024,6,17,2024-06-17T19:03:22Z,8046.72,10.3842044134727,3115.219,148,513.984375,420,9
cycling,2024,6,17,2024-06-17T19:58:20Z,8046.72,10.1254813137033,3297.451,140,513.984375,170,414
cycling,2024,6,17,2024-06-17T20:09:49Z,3001.73,5.98847957133289,670.121,140,513.984375,18,159
cycling,2024,6,18,2024-06-18T18:30:19Z,8046.72,9.83586358635864,2951.187,147,513.984375,393,6
cycling,2024,6,18,2024-06-18T19:32:23Z,8046.72,12.4177777777778,3724.649,145,513.984375,381,94
cycling,2024,6,18,2024-06-18T20:00:22Z,5521.94,8.15270516717325,1678.617,134,513.984375,31,375
cycling,2024,6,21,2024-06-21T17:42:50Z,2814.67,12.192,1279.341,126,513.984375,65,65
cycling,2024,6,22,2024-06-22T14:45:16Z,8046.72,13.804632012352,4142.286,153,513.984375,509,68
cycling,2024,6,22,2024-06-22T15:12:22Z,5505.18,7.91454706403069,1624.404,131,513.984375,11,449
running,2024,6,25,2024-06-25T00:30:17Z,617.29,7.85889246996777,180.874,129,166.8125,8,2
running,2024,6,25,2024-06-25T00:31:21Z,93.34,18.39670781893,64.029,123,102.390625,0,0
running,2024,6,25,2024-06-25T00:34:23Z,647.08,7.55135135135135,182.173,125,166.53125,0,0
running,2024,6,25,2024-06-25T00:35:36Z,100.95,19.3663537906137,72.873,133,114.609375,0,4
running,2024,6,25,2024-06-25T00:38:47Z,679.94,7.14692246203038,190.701,131,162.71875,0,2
running,2024,6,25,2024-06-25T00:39:51Z,82.92,20.857231726283,64.486,138,90.015625,0,0
running,2024,6,25,2024-06-25T00:42:52Z,636.76,7.62216538789429,180.93,141,166.390625,0,0
running,2024,6,25,2024-06-25T00:44:29Z,129.45,20.1218304576144,97.139,132,99.171875,0,0
running,2024,6,25,2024-06-25T00:47:30Z,596.95,8.11324863883847,180.588,164,164.75,2,0
running,2024,6,25,2024-06-25T00:48:38Z,104.31,17.5080939947781,68.071,153,84.078125,2,0
running,2024,6,25,2024-06-25T00:51:34Z,547.58,8.60795892169448,175.734,148,162.234375,2,2
running,2024,6,25,2024-06-25T00:52:48Z,80.13,24.0559641255605,71.894,154,76.859375,0,0
running,2024,6,26,2024-06-26T21:55:07Z,586.11,8.32993788819876,182.039,120,166.296875,7,2
running,2024,6,26,2024-06-26T21:56:14Z,94.6,18.8095371669004,66.317,127,112.546875,0,0
running,2024,6,26,2024-06-26T21:59:17Z,618.7,7.96153161175423,183.661,132,167.859375,0,9
running,2024,6,26,2024-06-26T22:00:25Z,82.02,22.0578947368421,67.445,134,84.3125,0,0
running,2024,6,26,2024-06-26T22:03:25Z,668.33,7.25517987557479,180.771,150,171.984375,2,3
running,2024,6,26,2024-06-26T22:04:30Z,84.96,20.4751145038168,64.864,151,107.84375,0,0
running,2024,6,26,2024-06-26T22:07:35Z,682.62,7.27683125339121,185.172,156,166.671875,0,2
running,2024,6,26,2024-06-26T22:08:42Z,88.63,20.1672180451128,66.662,157,99.59375,0,0
running,2024,6,26,2024-06-26T22:11:43Z,662.01,7.33052746652091,180.916,156,167.328125,2,2
running,2024,6,26,2024-06-26T22:12:45Z,84.67,19.5072,61.567,156,104.359375,0,0
running,2024,6,26,2024-06-26T22:15:46Z,626.47,7.7656050955414,181.394,142,167.78125,0,3
running,2024,6,26,2024-06-26T22:17:48Z,152.42,21.4407673860911,121.867,131,85.640625,0,0
running,2024,6,26,2024-06-26T22:20:50Z,573.49,8.49616724738676,181.665,160,165.046875,9,2
running,2024,6,26,2024-06-26T22:21:55Z,90.18,18.7438155136268,63.015,157,100.328125,0,2
running,2024,6,30,2024-06-30T00:26:56Z,630.36,7.81766248907024,183.702,126,161.078125,9,2
running,2024,6,30,2024-06-30T00:27:59Z,86.09,19.4647314949202,62.482,129,86.234375,0,2
running,2024,6,30,2024-06-30T00:31:00Z,670.78,7.26697371985912,181.751,140,171.859375,4,4
running,2024,6,30,2024-06-30T00:32:07Z,95.88,18.6008321775312,66.501,133,103.03125,0,2
running,2024,6,30,2024-06-30T00:35:08Z,692.27,7.00323759791123,180.728,140,168.484375,2,8
running,2024,6,30,2024-06-30T00:36:11Z,89.94,18.7569230769231,62.884,151,104,2,0
running,2024,6,30,2024-06-30T00:39:12Z,634.98,7.67011724335144,181.603,155,162.0625,3,4
running,2024,6,30,2024-06-30T00:40:53Z,132.76,20.4283320639756,101.098,141,96.1875,4,0
running,2024,6,30,2024-06-30T00:43:55Z,604.33,8.04511097780444,181.243,155,164,6,2
running,2024,6,30,2024-06-30T00:45:03Z,95.72,19.145182012848,68.314,147,89.640625,0,2
running,2024,6,30,2024-06-30T00:48:04Z,609.91,7.95209012748295,180.806,154,162.828125,2,2
running,2024,6,30,2024-06-30T00:49:07Z,87.68,18.7569230769231,61.324,154,98.140625,0,2
running,2024,7,4,2024-07-04T21:51:34Z,690.37,7.10903790087464,182.996,113,179.421875,7,4
running,2024,7,4,2024-07-04T21:52:38Z,96.37,17.8221926910299,64.022,122,107.015625,0,0
running,2024,7,4,2024-07-04T21:55:40Z,736.29,6.61464858199753,181.557,128,181.265625,0,8
running,2024,7,4,2024-07-04T21:56:47Z,95.79,18.862447257384,67.374,125,81.515625,0,0
running,2024,7,4,2024-07-04T21:59:48Z,788.62,6.14065934065934,180.539,133,178.375,0,2
running,2024,7,4,2024-07-04T22:00:55Z,95.57,18.9557597173145,67.535,132,71.71875,0,0
running,2024,7,4,2024-07-04T22:03:57Z,843.06,5.77944408532644,181.668,124,179.640625,3,0
running,2024,7,4,2024-07-04T22:05:02Z,98.57,17.7396825396825,65.196,138,115.515625,0,0
running,2024,7,4,2024-07-04T22:08:03Z,745.6,6.49924884904289,180.683,126,175.671875,0,3
running,2024,7,4,2024-07-04T22:09:40Z,129.26,20.1520661157025,97.143,131,84.90625,0,0
running,2024,7,4,2024-07-04T22:12:42Z,710.85,6.84594180704441,181.416,157,177.578125,9,0
running,2024,7,4,2024-07-04T22:14:12Z,120.48,19.6213606437454,88.135,143,92.59375,0,2
cycling,2024,7,6,2024-07-06T14:36:32Z,8046.72,12.6045112781955,3781.312,150,513.984375,475,123
cycling,2024,7,6,2024-07-06T15:13:29Z,7281.58,8.12553771584368,2205.878,140,513.984375,90,438
running,2024,7,7,2024-07-07T16:02:43Z,610.66,8.19254734270006,186.512,128,181.546875,7,4
running,2024,7,7,2024-07-07T16:03:45Z,86.54,19.1178902352103,61.673,128,116.3125,0,0
running,2024,7,7,2024-07-07T16:06:47Z,564.95,8.63845410628019,181.969,130,181.0625,0,7
running,2024,7,7,2024-07-07T16:07:53Z,76.94,22.6349367088608,64.913,118,104.03125,0,0
running,2024,7,7,2024-07-07T16:10:54Z,551.76,8.80866995073892,181.194,131,174.703125,5,0
running,2024,7,7,2024-07-07T16:12:02Z,85.5,21.237054631829,67.684,125,72.609375,0,2
running,2024,7,7,2024-07-07T16:15:04Z,567.34,8.61348747591522,182.2,138,174.984375,0,0
running,2024,7,7,2024-07-07T16:16:08Z,86.62,19.9868852459016,64.536,132,87.765625,2,0
running,2024,7,7,2024-07-07T16:19:12Z,558.99,8.80577806959948,183.525,137,178.796875,2,0
running,2024,7,7,2024-07-07T16:20:13Z,60.08,27.4819672131148,61.544,122,78.59375,0,0
running,2024,7,7,2024-07-07T16:23:17Z,528.28,9.31656825286558,183.49,131,177.109375,4,2
running,2024,7,7,2024-07-07T16:23:59Z,54.33,19.9423048327138,40.388,125,101.265625,0,5
running,2024,7,9,2024-07-09T23:10:01Z,628.28,7.72534562211982,180.972,130,175.90625,7,2
running,2024,7,9,2024-07-09T23:11:05Z,82.65,20.72828438949,63.864,140,109.8125,0,2
running,2024,7,9,2024-07-09T23:14:07Z,644.6,7.56839729119639,181.904,146,176.59375,4,4
running,2024,7,9,2024-07-09T23:15:28Z,98.72,22.094233937397,81.313,143,79.671875,0,2
running,2024,7,9,2024-07-09T23:18:30Z,670.72,7.26500541711809,181.685,153,177.671875,5,2
running,2024,7,9,2024-07-09T23:19:32Z,96.82,17.2269749518304,62.201,155,107.28125,0,2
running,2024,7,9,2024-07-09T23:22:34Z,666.3,7.33052746652091,182.118,159,174.171875,0,0
running,2024,7,9,2024-07-09T23:23:42Z,89.34,20.3046177138531,67.641,146,98.0625,0,0
running,2024,7,9,2024-07-09T23:26:43Z,659.81,7.37284222100055,181.365,164,173.890625,2,2
running,2024,7,9,2024-07-09T23:27:50Z,97.52,18.1846779661017,66.106,153,84.859375,0,0
running,2024,7,9,2024-07-09T23:30:52Z,684.91,7.14882729211087,182.545,172,182.375,3,2
running,2024,7,9,2024-07-09T23:32:03Z,109.57,16.9119798234552,69.083,164,69.8125,0,4
cycling,2024,7,10,2024-07-10T23:52:31Z,8046.72,8.44002517306482,2531.821,148,513.984375,132,119
cycling,2024,7,11,2024-07-11T00:12:46Z,4127.02,7.44239733629301,1145.206,148,513.984375,43,63
running,2024,7,11,2024-07-11T23:04:46Z,674.74,7.23560830860534,181.998,135,181.9375,6,2
running,2024,7,11,2024-07-11T23:05:49Z,94.9,17.7396825396825,62.776,143,99.28125,0,0
running,2024,7,11,2024-07-11T23:09:51Z,891.11,7.29067681435173,242.197,149,180.203125,3,11
running,2024,7,11,2024-07-11T23:11:00Z,82.15,22.4643216080402,68.816,150,63.953125,0,0
running,2024,7,11,2024-07-11T23:16:01Z,1047.8,7.72089810017271,301.628,154,180.265625,6,7
running,2024,7,11,2024-07-11T23:17:08Z,89.95,20.0017897091723,67.068,145,74.484375,0,0
running,2024,7,11,2024-07-11T23:23:09Z,1199.65,8.07174240144448,361.039,156,178.8125,10,7
running,2024,7,11,2024-07-11T23:24:18Z,107.65,16.4858020897357,66.183,150,105.453125,0,0
cycling,2024,7,12,2024-07-12T22:42:26Z,1689.21,10.0609152288072,633.561,110,513.984375,17,89
cycling,2024,7,12,2024-07-12T23:35:53Z,8046.72,10.6862151394422,3206.376,133,513.984375,265,182
cycling,2024,7,12,2024-07-12T23:37:02Z,140.78,10.8067687348912,56.726,136,513.984375,0,0
cycling,2024,7,14,2024-07-14T15:29:05Z,8046.72,10.9792877609497,3294.107,156,513.984375,476,102
cycling,2024,7,14,2024-07-14T16:03:41Z,7718.32,7.14501864677677,2056.259,152,513.984375,90,468
running,2024,7,15,2024-07-15T23:12:46Z,890.05,7.28078175895765,241.587,133,176.765625,7,4
running,2024,7,15,2024-07-15T23:13:47Z,73.13,22.6349367088608,61.726,141,106.0625,0,0
running,2024,7,15,2024-07-15T23:17:49Z,893.05,7.25714285714286,241.628,140,180.59375,2,13
running,2024,7,15,2024-07-15T23:19:01Z,86.07,22.352,71.698,139,89.390625,0,0
running,2024,7,15,2024-07-15T23:23:06Z,905.64,7.26894308943089,245.464,148,172.984375,10,6
running,2024,7,15,2024-07-15T23:24:09Z,87.05,19.2413199426112,62.458,150,99.5625,0,2
running,2024,7,15,2024-07-15T23:28:12Z,880.26,7.40950276243094,243.183,156,171.40625,14,3
running,2024,7,15,2024-07-15T23:29:25Z,101.32,19.3105831533477,72.929,143,101.875,0,0
running,2024,7,15,2024-07-15T23:33:28Z,941.85,6.93981888745149,243.709,154,173.171875,2,5
running,2024,7,15,2024-07-15T23:34:16Z,65.25,17.9414046822742,43.66,154,113.421875,0,3
cycling,2024,7,16,2024-07-16T23:17:54Z,8046.72,6.65073146541036,1995.173,144,513.984375,216,251
cycling,2024,7,16,2024-07-16T23:59:40Z,8046.72,8.35588785046729,2506.796,147,513.984375,228,204
cycling,2024,7,17,2024-07-17T00:01:49Z,525.44,6.17600736817868,120.983,125,513.984375,4,10
running,2024,7,17,2024-07-17T23:03:59Z,1163.19,7.02524882137245,304.673,145,181.640625,12,4
running,2024,7,17,2024-07-17T23:05:00Z,110.99,14.753795379538,61.055,151,121.1875,0,2
running,2024,7,17,2024-07-17T23:10:02Z,1240.8,6.51345313258863,301.346,155,175.34375,11,12
running,2024,7,17,2024-07-17T23:11:10Z,88.79,20.7443155452436,68.688,153,110.40625,0,0
running,2024,7,17,2024-07-17T23:16:11Z,1208.01,6.68387739845502,300.988,162,172.703125,12,12
running,2024,7,17,2024-07-17T23:17:19Z,91.94,19.8831727205337,68.142,169,106.375,2,0
running,2024,7,17,2024-07-17T23:22:21Z,1073.2,7.53861720067454,301.598,159,171.5625,0,5
running,2024,7,17,2024-07-17T23:23:11Z,48.04,19.3384282624369,34.629,159,99.9375,0,2
running,2024,7,19,2024-07-19T23:45:49Z,1033.63,7.84280701754386,302.233,141,177.75,39,12
running,2024,7,19,2024-07-19T23:46:51Z,78.06,21.1033831628639,61.426,152,82.5,0,0
running,2024,7,19,2024-07-19T23:51:52Z,1088.92,7.43208645054032,301.688,163,181.171875,12,10
running,2024,7,19,2024-07-19T23:52:59Z,96.58,18.5237569060774,66.709,158,84.234375,0,5
running,2024,7,19,2024-07-19T23:57:59Z,1020.95,7.89358446144791,300.49,169,179.3125,12,4
running,2024,7,19,2024-07-19T23:59:06Z,91.18,19.7078618662748,66.991,149,111.890625,0,2
running,2024,7,20,2024-07-20T00:04:22Z,1081.05,7.83364485981308,315.76,167,177.234375,7,10
running,2024,7,20,2024-07-20T00:05:27Z,82.36,20.98779342723,64.429,152,112.703125,2,0
running,2024,7,20,2024-07-20T00:06:12Z,141.27,8.51775166719594,44.865,136,172.359375,2,0
running,2024,7,20,2024-07-20T00:06:31Z,29.09,15.2313458262351,16.518,170,149,0,0
cycling,2024,7,20,2024-07-20T23:18:45Z,8046.72,8.170088333841,2450.73,141,513.984375,225,220
cycling,2024,7,20,2024-07-20T23:33:30Z,4112.77,5.6647096092925,868.59,142,513.984375,29,30
running,2024,7,21,2024-07-21T22:55:50Z,992.29,8.13292904790782,300.844,134,177.734375,9,3
running,2024,7,21,2024-07-21T22:56:55Z,72.63,23.9699731903485,64.929,130,99.46875,0,0
running,2024,7,21,2024-07-21T23:01:57Z,1061.7,7.62649985783338,301.881,141,175.609375,2,5
running,2024,7,21,2024-07-21T23:02:59Z,72.49,22.9251282051282,61.943,146,98.578125,0,0
running,2024,7,21,2024-07-21T23:08:01Z,1174.88,6.89699151452816,302.098,154,174.015625,3,0
running,2024,7,21,2024-07-21T23:09:15Z,93.09,21.3724302788845,74.179,144,85.453125,0,0
running,2024,7,21,2024-07-21T23:14:15Z,1101.75,7.31653027823241,300.56,156,176.015625,0,5
running,2024,7,21,2024-07-21T23:15:07Z,64,15.7408450704225,37.565,158,118.5625,0,0
running,2024,7,23,2024-07-23T23:06:17Z,1609.34,6.95241057542768,417.117,142,177.4375,12,12
running,2024,7,23,2024-07-23T23:07:19Z,100.68,16.5877551020408,62.263,141,100,0,7
running,2024,7,23,2024-07-23T23:13:59Z,1609.34,6.66229508196721,399.726,151,173.953125,15,7
running,2024,7,23,2024-07-23T23:16:45Z,240.59,18.4982068965517,165.973,125,103.1875,0,9
running,2024,7,23,2024-07-23T23:23:23Z,1609.34,6.64249628528975,398.553,155,176.15625,21,9
running,2024,7,23,2024-07-23T23:25:32Z,185.17,17.763178807947,122.609,134,107.84375,0,0
cycling,2024,7,24,2024-07-24T22:50:20Z,8046.72,7.34860273972603,2204.444,130,513.984375,237,242
cycling,2024,7,24,2024-07-24T23:25:25Z,8046.72,7.01606068532566,2105.077,144,513.984375,208,204
cycling,2024,7,24,2024-07-24T23:25:53Z,83.14,8.33770593720858,25.841,113,513.984375,0,5
running,2024,7,25,2024-07-25T23:19:38Z,506.71,6.6326409495549,125.293,135,176.671875,7,4
running,2024,7,25,2024-07-25T23:20:46Z,107.97,16.8588309239472,67.871,148,99.46875,0,0
running,2024,7,25,2024-07-25T23:22:47Z,516.8,6.27131166705635,120.838,144,181.46875,4,0
running,2024,7,25,2024-07-25T23:23:53Z,79.78,22.4455230125523,66.752,154,96.65625,0,2
running,2024,7,25,2024-07-25T23:25:57Z,535.64,6.16040422599908,123.022,150,170.765625,2,2
running,2024,7,25,2024-07-25T23:27:01Z,77.68,22.3148086522463,64.622,139,115.609375,0,0
running,2024,7,25,2024-07-25T23:29:06Z,506.63,6.59675356615839,124.613,149,173.03125,2,2
running,2024,7,25,2024-07-25T23:30:14Z,99.66,18.2589516678012,67.829,149,97.59375,0,0
running,2024,7,25,2024-07-25T23:32:20Z,556.08,6.0780421481985,126.012,159,176.8125,0,4
running,2024,7,25,2024-07-25T23:33:23Z,85.14,20.1218304576144,63.85,163,112.515625,0,0
running,2024,7,25,2024-07-25T23:35:26Z,527.72,6.21752433936022,122.333,167,174.90625,3,0
running,2024,7,25,2024-07-25T23:36:29Z,80.46,21.0206896551724,63.042,166,101.046875,2,2
running,2024,7,25,2024-07-25T23:37:12Z,163.2,7.05666929755328,42.934,152,161.234375,0,2
running,2024,7,25,2024-07-25T23:37:53Z,69.61,14.7781818181818,38.354,148,125.828125,0,4
cycling,2024,7,27,2024-07-27T01:37:31Z,8046.72,12.1643537414966,3649.459,109,513.984375,67,82
cycling,2024,7,27,2024-07-27T01:50:18Z,637.8,32.0076372315036,760.793,112,513.984375,10,12
cycling,2024,7,27,2024-07-27T23:28:23Z,8046.72,12.7120379146919,3813.639,126,513.984375,254,233
cycling,2024,7,28,2024-07-28T00:07:14Z,7338.18,8.5069457659372,2327.301,122,513.984375,124,137
cycling,2024,7,30,2024-07-30T02:55:04Z,1571.52,7.68550143266476,450.29,136,513.984375,68,0
cycling,2024,7,30,2024-07-30T03:07:59Z,2010.57,10.3441573467027,775.463,168,513.984375,147,0
cycling,2024,7,30,2024-07-30T03:23:57Z,2349.48,10.9345291479821,957.646,170,513.984375,166,0
cycling,2024,7,30,2024-07-30T03:46:24Z,4422.4,8.03787833383278,1325.075,136,513.984375,3,383
cycling,2024,7,30,2024-07-30T18:34:09Z,4108.13,9.10468431771894,1394.344,118,513.984375,134,96
cycling,2024,7,31,2024-07-31T01:10:10Z,8046.72,7.16601656425327,2149.904,148,513.984375,192,331
cycling,2024,7,31,2024-07-31T01:15:48Z,2370.06,3.72740411339633,329.339,126,513.984375,7,85
cycling,2024,7,31,2024-07-31T18:25:38Z,7690.04,13.2915758176412,3810.848,111,513.984375,120,121
cycling,2024,7,31,2024-07-31T19:03:58Z,2738.33,10.4407940833009,1065.947,127,513.984375,47,47
cycling,2024,8,1,2024-08-01T14:37:04Z,8046.72,11.4527754056362,3435.42,157,513.984375,360,342
cycling,2024,8,1,2024-08-01T14:40:52Z,634.35,4.24270800379627,100.335,135,513.984375,0,14
cycling,2024,8,3,2024-08-03T21:39:45Z,7846.22,9.22365887207703,2698.562,145,513.984375,243,229
cycling,2024,8,3,2024-08-03T22:28:42Z,4276.27,13.311364764268,2122.09,119,513.984375,90,92
cycling,2024,8,3,2024-08-03T23:00:40Z,3678.48,10.2063926940639,1399.703,115,513.984375,53,79
cycling,2024,8,4,2024-08-04T14:38:05Z,8046.72,12.4755348837209,3742.753,139,513.984375,361,320
cycling,2024,8,4,2024-08-04T14:44:03Z,984,9.70068716094032,355.85,107,513.984375,2,43
cycling,2024,8,5,2024-08-05T14:24:28Z,8046.72,9.29075164530655,2786.851,139,513.984375,318,190
cycling,2024,8,5,2024-08-05T14:42:43Z,4272.56,6.79048101265823,1081.61,129,513.984375,52,162
running,2024,8,8,2024-08-08T00:17:49Z,705.74,6.91298969072165,181.912,124,176.625,7,2
running,2024,8,8,2024-08-08T00:18:52Z,101.84,16.5060923076923,62.664,125,109.09375,0,0
running,2024,8,8,2024-08-08T00:21:53Z,711.59,6.85468949654996,181.858,135,173.96875,0,7
running,2024,8,8,2024-08-08T00:22:55Z,92.65,17.9174348697395,61.883,141,119.015625,0,0
running,2024,8,8,2024-08-08T00:26:01Z,755.13,6.57895511405445,185.213,147,173.390625,2,0
running,2024,8,8,2024-08-08T00:27:07Z,82.81,21.6309677419355,66.79,147,115.328125,0,4
running,2024,8,8,2024-08-08T00:30:09Z,690.24,7.05666929755328,181.615,153,168.4375,5,0
running,2024,8,8,2024-08-08T00:31:21Z,102.1,18.849191848208,71.746,155,105.5625,0,0
running,2024,8,8,2024-08-08T00:34:24Z,720.64,6.82156663275687,183.27,155,168.3125,4,0
running,2024,8,8,2024-08-08T00:35:26Z,75.28,22.0036095159967,61.78,153,96.9375,0,4
running,2024,8,8,2024-08-08T00:38:27Z,679.08,7.17368280288847,181.619,157,172.234375,2,3
running,2024,8,8,2024-08-08T00:38:50Z,29.17,17.1498721227621,18.649,160,143.046875,0,0
running,2024,8,8,2024-08-08T23:20:07Z,914.44,7.09962943356273,242.048,149,174.75,9,2
running,2024,8,8,2024-08-08T23:21:09Z,73.13,22.9251282051282,62.501,150,84.296875,0,2
running,2024,8,8,2024-08-08T23:25:11Z,975.29,6.65238095238095,241.874,156,173.140625,2,2
running,2024,8,8,2024-08-08T23:26:08Z,73.87,20.5851112816577,56.673,154,97.6875,0,2
running,2024,8,8,2024-08-08T23:30:10Z,889.68,7.29662676822633,242.048,158,169.25,2,6
running,2024,8,8,2024-08-08T23:31:13Z,88.08,19.1862660944206,62.991,155,108.6875,0,2
running,2024,8,8,2024-08-08T23:35:15Z,866.34,7.4818410041841,241.632,162,171,4,0
running,2024,8,8,2024-08-08T23:36:16Z,81.15,20.3972623574145,61.708,160,87.65625,2,0
running,2024,8,8,2024-08-08T23:40:22Z,881.28,7.46310517529215,245.222,165,169.125,4,2
running,2024,8,8,2024-08-08T23:42:24Z,135.25,18.2963165075034,92.287,151,105.625,0,5
cycling,2024,8,10,2024-08-10T00:26:43Z,4574.66,14.30528,2439.743,135,513.984375,219,61
cycling,2024,8,10,2024-08-10T01:40:06Z,8046.72,14.5932535364527,4378.668,137,513.984375,228,258
cycling,2024,8,10,2024-08-10T02:41:21Z,8046.72,12.2532663316583,3675.375,137,513.984375,201,196
cycling,2024,8,10,2024-08-10T03:09:47Z,4512.91,10.1064054257724,1700.149,141,513.984375,63,185
cycling,2024,8,10,2024-08-10T18:10:33Z,8046.72,7.58337574215437,2274.924,116,513.984375,277,132
cycling,2024,8,10,2024-08-10T19:11:42Z,8046.72,12.2309165526676,3668.693,111,513.984375,383,200
cycling,2024,8,10,2024-08-10T20:39:51Z,8046.72,17.6347140039448,5288.937,108,513.984375,189,382
cycling,2024,8,10,2024-08-10T21:30:21Z,8046.72,10.1025988700565,3030.402,123,513.984375,308,234
cycling,2024,8,10,2024-08-10T22:09:12Z,8046.72,7.77235583888728,2331.45,123,513.984375,160,349
cycling,2024,8,10,2024-08-10T22:12:02Z,356.66,12.5396914446003,166.778,106,513.984375,0,16
running,2024,8,13,2024-08-13T23:24:40Z,700.07,7.05481325618096,184.129,136,176.34375,7,2
running,2024,8,13,2024-08-13T23:25:42Z,90.02,18.5750692520776,62.334,144,106.1875,0,0
running,2024,8,13,2024-08-13T23:28:44Z,683.09,7.15264,182.169,144,171.140625,5,4
running,2024,8,13,2024-08-13T23:30:18Z,145.99,17.3495472186287,94.405,127,115.546875,0,6
running,2024,8,13,2024-08-13T23:33:25Z,669.93,7.47558528428094,186.716,140,169.8125,4,5
running,2024,8,13,2024-08-13T23:34:32Z,89.84,19.8831727205337,66.576,139,76.890625,2,0
running,2024,8,13,2024-08-13T23:37:33Z,661.23,7.37081615828524,181.7,146,169.390625,0,5
running,2024,8,13,2024-08-13T23:38:38Z,87.31,19.7078618662748,64.155,143,90.828125,0,0
running,2024,8,13,2024-08-13T23:41:45Z,653.15,7.69652797704448,187.431,146,166.015625,14,2
running,2024,8,13,2024-08-13T23:43:01Z,149.9,13.6085235920852,76.072,147,101.34375,0,2
running,2024,8,13,2024-08-13T23:46:02Z,685.3,7.0827567995775,180.968,141,167.25,0,2
running,2024,8,13,2024-08-13T23:47:09Z,119.97,14.8765391014975,66.557,140,111.59375,0,2
running,2024,8,13,2024-08-13T23:48:28Z,75.66,25.0676635514019,70.741,126,69.890625,0,0
cycling,2024,8,15,2024-08-15T00:48:46Z,8046.72,6.66064067544077,1997.946,138,513.984375,224,247
cycling,2024,8,15,2024-08-15T01:07:31Z,4867.44,6.10432407828858,1107.853,141,513.984375,73,63
running,2024,8,15,2024-08-15T23:52:43Z,716.61,6.93981888745149,185.394,127,174.171875,7,2
running,2024,8,15,2024-08-15T23:53:45Z,77.51,21.4923076923077,62.125,127,104.296875,0,2
running,2024,8,15,2024-08-15T23:56:46Z,683.29,7.11280827366746,181.201,143,168.9375,5,5
running,2024,8,15,2024-08-15T23:57:51Z,80.83,21.6834276475344,65.347,129,89.96875,0,2
running,2024,8,16,2024-08-16T00:00:56Z,743.4,6.65073146541036,184.308,145,168.21875,0,6
running,2024,8,16,2024-08-16T00:01:59Z,88.78,19.2551328068916,63.749,133,100.421875,0,2
running,2024,8,16,2024-08-16T00:05:01Z,636.46,7.65916619074814,181.744,146,167.03125,8,0
running,2024,8,16,2024-08-16T00:06:28Z,128.47,18.111006076975,86.754,130,103.578125,2,0
running,2024,8,16,2024-08-16T00:09:31Z,723.42,6.79048101265823,183.159,150,171.90625,7,5
running,2024,8,16,2024-08-16T00:10:34Z,92.53,18.1232432432432,62.512,150,104.625,0,0
running,2024,8,16,2024-08-16T00:13:38Z,819.95,6.03564356435644,184.523,162,177.171875,5,7
running,2024,8,16,2024-08-16T00:14:02Z,44.16,13.0522627737226,21.488,166,141.828125,0,0
cycling,2024,8,16,2024-08-16T21:03:05Z,8046.72,8.84643799472296,2654.08,124,513.984375,169,63
cycling,2024,8,16,2024-08-16T21:53:30Z,8046.72,10.0836090225564,3025.178,132,513.984375,213,301
cycling,2024,8,16,2024-08-16T21:56:16Z,401.3,6.29190710767065,94.126,116,513.984375,0,16
cycling,2024,8,18,2024-08-18T15:06:07Z,8046.72,13.6779194288628,4104.004,144,513.984375,472,39
cycling,2024,8,18,2024-08-18T16:25:40Z,8046.72,15.908896797153,4772.62,131,513.984375,317,502
cycling,2024,8,18,2024-08-18T16:47:55Z,4068.22,7.20451248992748,1092.633,124,513.984375,15,270
running,2024,8,20,2024-08-20T00:18:51Z,1405.57,6.90764872521246,361.952,123,175.71875,11,6
running,2024,8,20,2024-08-20T00:20:07Z,151.1,13.5057401812689,76.101,133,103.203125,0,5
running,2024,8,20,2024-08-20T00:26:09Z,1443.88,6.71063297473105,361.239,144,178.875,11,19
running,2024,8,20,2024-08-20T00:27:16Z,94.3,19.2275268817204,67.601,154,105.484375,0,0
running,2024,8,20,2024-08-20T00:33:53Z,1609.34,6.60975850172499,396.602,166,175.234375,15,7
running,2024,8,20,2024-08-20T00:34:29Z,168.05,5.7349583066068,35.934,172,171.59375,0,0
running,2024,8,20,2024-08-20T00:35:20Z,64.16,18.0622222222222,43.208,164,92.296875,0,3
running,2024,8,20,2024-08-20T22:15:43Z,1609.34,6.73253012048193,403.994,144,178.21875,12,13
running,2024,8,20,2024-08-20T22:18:16Z,642.8,6.39389749702026,153.235,155,175.140625,5,4
running,2024,8,20,2024-08-20T22:19:41Z,119.5,18.889014084507,84.151,143,101.84375,0,0
running,2024,8,20,2024-08-20T22:26:23Z,1609.34,6.7072768192048,402.443,159,171.453125,15,9
running,2024,8,20,2024-08-20T22:28:43Z,596.64,6.29633802816901,140.043,159,168.484375,2,4
running,2024,8,20,2024-08-20T22:29:34Z,78.54,16.226497277677,47.506,150,105.78125,3,0
cycling,2024,8,21,2024-08-21T20:30:44Z,704.47,7.77911832946636,204.322,112,513.984375,12,12
cycling,2024,8,21,2024-08-21T21:41:37Z,8046.72,14.1692551505547,4251.59,159,513.984375,406,385
cycling,2024,8,21,2024-08-21T21:43:48Z,198.46,9.78562568405691,72.406,133,513.984375,0,22
running,2024,8,22,2024-08-22T23:02:15Z,795.39,6.14487972508591,182.228,129,170.8125,9,4
running,2024,8,22,2024-08-22T23:03:16Z,96.79,17.0517482517483,61.548,139,101.859375,0,0
running,2024,8,22,2024-08-22T23:05:16Z,550.41,5.85258564259219,120.09,140,171.328125,5,2
running,2024,8,22,2024-08-22T23:06:19Z,83.32,20.2280542986425,62.855,144,99.734375,0,2
running,2024,8,22,2024-08-22T23:08:20Z,539.26,5.98714285714286,120.358,141,166.390625,5,0
running,2024,8,22,2024-08-22T23:09:24Z,91.86,18.9023255813953,64.742,149,97.140625,0,3
running,2024,8,22,2024-08-22T23:11:27Z,570.58,5.75217671027236,122.361,142,168.015625,0,0
running,2024,8,22,2024-08-22T23:12:34Z,104.85,17.0843312101911,66.794,151,109.640625,0,0
running,2024,8,22,2024-08-22T23:14:36Z,573.01,5.73741176470588,122.571,158,168.828125,5,2
running,2024,8,22,2024-08-22T23:15:39Z,100.88,16.6185873605948,62.484,156,117.953125,0,2
running,2024,8,22,2024-08-22T23:17:41Z,570.73,5.74109589041096,122.152,160,169.75,2,5
running,2024,8,22,2024-08-22T23:18:46Z,103.02,16.3551219512195,62.82,168,109.734375,0,0
running,2024,8,23,2024-08-23T18:34:10Z,688.36,7.20451248992748,184.872,137,175.125,8,2
running,2024,8,23,2024-08-23T18:35:10Z,86.78,18.2963165075034,59.208,139,102.109375,0,0
running,2024,8,23,2024-08-23T18:38:25Z,703.16,7.43620737454949,194.917,145,173.5625,3,2
running,2024,8,23,2024-08-23T18:39:48Z,121.25,18.4600137646249,83.454,120,113.8125,0,7
running,2024,8,23,2024-08-23T18:42:50Z,673.42,7.2610720086627,182.282,140,171.015625,2,4
running,2024,8,23,2024-08-23T18:43:58Z,97.85,18.562214532872,67.693,142,108.671875,2,0
running,2024,8,23,2024-08-23T18:47:03Z,664.99,7.45688073394495,184.852,148,168.0625,3,5
running,2024,8,23,2024-08-23T18:48:06Z,94.49,18.0622222222222,63.648,135,88.59375,5,0
running,2024,8,23,2024-08-23T18:51:08Z,584.47,8.314445133292,181.189,140,166.640625,7,0
running,2024,8,23,2024-08-23T18:52:12Z,85.14,20.3046177138531,64.471,120,97,0,3
running,2024,8,23,2024-08-23T18:55:15Z,656.89,7.46726057906459,182.876,136,163.6875,0,2
running,2024,8,23,2024-08-23T18:55:40Z,30.96,20.0916853932584,23.189,153,100.828125,0,0
running,2024,8,27,2024-08-27T16:33:27Z,680.03,7.30258644160087,185.119,136,166.984375,0,0
running,2024,8,27,2024-08-27T16:34:29Z,89.45,18.5750692520776,61.947,127,75.9375,0,0
running,2024,8,27,2024-08-27T16:37:40Z,753.94,6.79736441966548,191.082,151,173.59375,2,0
running,2024,8,27,2024-08-27T16:38:43Z,97.18,17.3047741935484,62.706,153,99.1875,0,0
running,2024,8,27,2024-08-27T16:41:47Z,660.22,7.45273687135315,183.45,149,167.8125,0,0
running,2024,8,27,2024-08-27T16:42:49Z,76.47,21.842345276873,62.281,125,113.34375,0,0
running,2024,8,27,2024-08-27T16:46:04Z,707.62,7.40950276243094,195.45,147,168.46875,0,0
running,2024,8,27,2024-08-27T16:47:06Z,84.27,19.7368653421634,62,130,88.15625,0,0
running,2024,8,27,2024-08-27T16:50:11Z,680.71,7.28078175895765,184.757,149,167.6875,0,5
running,2024,8,27,2024-08-27T16:51:19Z,107.12,17.0843312101911,68.21,130,88.015625,0,0
running,2024,8,27,2024-08-27T16:54:14Z,633.55,7.37892709766162,174.297,149,166.296875,0,0
running,2024,8,27,2024-08-27T16:54:54Z,45.59,22.4643216080402,38.177,137,95.15625,0,0
running,2024,8,29,2024-08-29T16:04:03Z,630.46,7.7431870669746,182.01,139,164.703125,0,25
running,2024,8,29,2024-08-29T16:05:08Z,83.16,20.712277992278,64.214,148,108.703125,0,0
running,2024,8,29,2024-08-29T16:08:10Z,627.69,7.75886606884582,181.59,144,162.78125,2,0
running,2024,8,29,2024-08-29T16:09:16Z,90.7,19.7078618662748,66.66,139,105.546875,0,0
running,2024,8,29,2024-08-29T16:12:17Z,629.29,7.7120184013801,180.945,144,164.921875,2,0
running,2024,8,29,2024-08-29T16:13:03Z,62.93,19.5356154406409,45.845,140,83.125,0,0
running,2024,8,29,2024-08-29T16:20:18Z,1609.34,7.2414686825054,434.431,151,164.390625,2,5
running,2024,8,29,2024-08-29T16:22:07Z,392.16,7.46310517529215,109.111,156,164.015625,0,0
running,2024,8,29,2024-08-29T16:23:29Z,68.66,24.7211059907834,63.281,137,82.9375,0,0
running,2024,8,31,2024-08-31T15:08:30Z,1609.34,8.21513016845329,492.915,147,164.84375,5,2
running,2024,8,31,2024-08-31T15:16:10Z,1609.34,7.65916619074814,459.582,147,166.046875,2,2
running,2024,8,31,2024-08-31T15:20:18Z,882.83,7.55135135135135,248.515,147,164.90625,0,0
running,2024,8,31,2024-08-31T15:20:24Z,9.62,4.70650991402,1.688,147,165.328125,0,0
running,2024,9,2,2024-09-02T14:09:02Z,1609.34,7.77686285879965,466.631,134,166.5625,7,0
running,2024,9,2,2024-09-02T14:16:34Z,1609.34,7.52381486676017,451.489,144,167.03125,0,0
running,2024,9,2,2024-09-02T14:20:38Z,869.9,7.27880597014925,236.068,148,166.84375,0,2
running,2024,9,6,2024-09-06T14:07:01Z,1243.75,7.77460869565217,360.495,137,165.765625,4,0
running,2024,9,6,2024-09-06T14:13:03Z,1323.74,7.33253143794423,361.894,146,167.265625,2,0
running,2024,9,6,2024-09-06T14:19:00Z,1374.23,6.97591677503251,357.447,153,168.03125,2,6
running,2024,9,6,2024-09-06T14:19:12Z,5.88,4.04622114949465,0.887,149,160.5,0,0
running,2024,9,8,2024-09-08T22:51:27Z,1609.34,6.98136387298282,418.83,134,171.140625,0,2
running,2024,9,8,2024-09-08T22:58:15Z,1609.34,6.79564225994426,407.778,165,167.1875,0,0
running,2024,9,8,2024-09-08T23:01:04Z,265.03,17.1061224489796,168.978,136,111.703125,0,0
running,2024,9,8,2024-09-08T23:05:15Z,945.56,7.13172028715767,251.387,157,160.21875,2,0
running,2024,9,8,2024-09-08T23:05:47Z,47.28,16.4858020897357,29.061,164,126.40625,0,0
running,2024,9,16,2024-09-16T23:50:10Z,1609.34,6.77675593734209,406.554,160,173.953125,4,26
running,2024,9,16,2024-09-16T23:56:45Z,1609.34,6.58541615516818,395.169,168,170.609375,2,2
running,2024,9,17,2024-09-17T00:02:59Z,1609.34,6.22040816326531,373.256,170,170.359375,7,7
running,2024,9,17,2024-09-17T00:03:23Z,111.44,5.99785330948122,24.92,183,172.609375,0,0
running,2024,9,17,2024-09-17T00:03:31Z,10.62,8.94676450967311,3.542,178,175,0,0
running,2024,9,18,2024-09-18T23:53:23Z,1417.24,7.40745650372825,391.44,131,169.28125,9,5
running,2024,9,18,2024-09-18T23:54:26Z,92.62,17.98953722334,62.103,136,111.546875,0,0
running,2024,9,19,2024-09-19T00:00:57Z,1472.77,7.12414342629482,391.125,143,170.375,0,0
running,2024,9,19,2024-09-19T00:02:10Z,109.25,17.9414046822742,73.092,140,111.953125,2,0
running,2024,9,19,2024-09-19T00:08:45Z,1601.19,6.62445048160039,395.415,149,169.46875,2,3
running,2024,9,19,2024-09-19T00:09:17Z,58.59,13.4785929648241,29.448,152,105.265625,0,0
running,2024,9,22,2024-09-22T18:37:08Z,1313.57,7.39112703224029,361.926,139,170.90625,0,0
running,2024,9,22,2024-09-22T18:38:11Z,100.76,16.628890266584,62.466,143,116.453125,0,0
running,2024,9,22,2024-09-22T18:44:12Z,1340.05,7.23951417004049,361.689,159,170.453125,2,0
running,2024,9,22,2024-09-22T18:51:19Z,1281.15,7.57053344623201,361.608,160,169.453125,0,2
running,2024,9,22,2024-09-22T18:52:34Z,108.76,17.6347140039448,71.516,157,111.0625,0,0
running,2024,9,25,2024-09-25T23:53:30Z,1468.37,6.60487564639251,361.618,147,170.6875,0,0
running,2024,9,25,2024-09-25T23:54:34Z,87.97,19.296690647482,63.28,156,98.78125,0,0
running,2024,9,26,2024-09-26T00:00:40Z,1405.32,6.99410691003911,366.466,158,169.234375,4,2
running,2024,9,26,2024-09-26T00:01:43Z,103.9,16.256,62.984,153,112.6875,0,0
running,2024,9,26,2024-09-26T00:07:45Z,1449.48,6.6905462708905,361.573,163,168.703125,2,5
running,2024,9,26,2024-09-26T00:08:29Z,58.94,15.8618568894145,34.854,162,117.8125,0,0
running,2024,9,29,2024-09-29T14:39:05Z,1273.57,7.68550143266476,364.93,132,166.84375,5,0
running,2024,9,29,2024-09-29T14:40:09Z,87.58,19.6357247437775,64.092,137,112.5,0,2
running,2024,9,29,2024-09-29T14:46:11Z,1233.86,7.85889246996777,361.546,146,163.109375,2,0
running,2024,9,29,2024-09-29T14:54:10Z,1609.34,7.9852337005061,479.122,143,157.65625,0,0
running,2024,9,29,2024-09-29T14:55:16Z,101.01,16.6082972136223,62.557,147,101.5625,0,2
running,2024,10,2,2024-10-02T13:36:26Z,1609.34,7.7431870669746,464.614,136,166.5,7,2
running,2024,10,2,2024-10-02T13:38:02Z,160.98,15.8994665085951,95.411,133,113.5,0,0
running,2024,10,2,2024-10-02T13:45:14Z,1609.34,7.21032258064516,432.619,148,166.25,2,2
running,2024,10,2,2024-10-02T13:46:15Z,73,22.4080200501253,60.983,153,99.484375,0,0
running,2024,10,2,2024-10-02T13:53:10Z,1609.34,6.90231600617602,414.153,151,166.03125,0,0
running,2024,10,2,2024-10-02T13:54:46Z,130.86,19.1315263908702,93.37,130,94.046875,0,0
running,2024,10,5,2024-10-05T01:03:18Z,1609.34,7.08649933949802,425.224,144,166.9375,0,0
running,2024,10,5,2024-10-05T01:08:59Z,1609.34,5.69115213239975,341.437,158,175.15625,0,0
running,2024,10,5,2024-10-05T01:10:32Z,469.79,5.28311995272799,92.524,163,180.65625,2,3
running,2024,10,5,2024-10-05T01:11:35Z,96.67,17.6231274638633,63.51,157,85.28125,0,0
running,2024,10,5,2024-10-05T01:16:47Z,1116.03,7.49019826864004,311.632,159,161.234375,0,0
running,2024,10,5,2024-10-05T01:17:20Z,35.3,21.3384248210024,28.075,164,98.28125,0,2
cycling,2024,10,6,2024-10-06T17:04:55Z,8046.72,10.605931198102,3181.369,151,513.984375,303,174
cycling,2024,10,6,2024-10-06T17:48:08Z,6449.87,10.6904742925468,2570.481,153,513.984375,180,310
running,2024,10,10,2024-10-10T01:56:17Z,1609.34,7.18136546184739,430.871,145,167.171875,4,0
running,2024,10,10,2024-10-10T02:03:17Z,1609.34,7.00689655172414,420.367,160,166.15625,0,0
running,2024,10,10,2024-10-10T02:10:11Z,1609.34,6.90587023686921,414.37,165,163.5,0,4
running,2024,10,10,2024-10-10T02:11:35Z,126.83,16.4252296387018,77.649,143,97.1875,0,0
running,2024,10,12,2024-10-12T14:49:47Z,1609.34,6.87049180327869,412.181,139,168.15625,0,13
running,2024,10,12,2024-10-12T14:53:29Z,831.89,7.16218958611482,222.135,149,168.734375,0,0
running,2024,10,12,2024-10-12T14:54:31Z,74.86,22.5020134228188,62.788,135,87.84375,0,0
running,2024,10,12,2024-10-12T15:01:36Z,1609.34,7.07155286053256,424.251,147,167.609375,2,0
running,2024,10,12,2024-10-12T15:07:26Z,1362.19,6.89167523124358,350.007,168,170.28125,17,5
running,2024,10,12,2024-10-12T15:08:03Z,36.19,19.7951291512915,26.715,167,93.515625,3,0
running,2024,10,15,2024-10-15T01:24:13Z,1609.34,6.91298969072165,414.791,148,168.296875,2,2
running,2024,10,15,2024-10-15T01:30:54Z,1609.34,6.6989010989011,401.902,160,168.09375,2,0
running,2024,10,15,2024-10-15T01:37:31Z,1609.34,6.60324963072378,396.179,167,167.578125,2,7
running,2024,10,15,2024-10-15T01:38:13Z,166.56,6.80426179604262,42.249,174,168.21875,0,0
running,2024,10,19,2024-10-19T22:11:32Z,1609.34,7.03815271582262,422.299,139,166.484375,2,0
running,2024,10,19,2024-10-19T22:18:12Z,1609.34,6.67223880597015,400.316,167,166.78125,0,0
running,2024,10,19,2024-10-19T22:24:48Z,1609.34,6.59675356615839,395.763,173,168.125,0,2
running,2024,10,19,2024-10-19T22:25:24Z,138.08,6.99046129788898,35.984,176,166.828125,0,0
running,2024,10,19,2024-10-19T22:27:51Z,17.12,17.3945525291829,11.099,175,144.171875,0,0
running,2024,10,22,2024-10-22T16:16:17Z,1609.34,7.33253143794423,439.906,137,168.53125,4,2
running,2024,10,22,2024-10-22T16:23:13Z,1609.34,6.92190967741936,415.291,152,169.03125,2,0
running,2024,10,22,2024-10-22T16:30:03Z,1609.34,6.83721641600816,410.24,166,167.984375,0,2
running,2024,10,22,2024-10-22T16:30:54Z,188.69,7.27288503253796,51.161,169,168.3125,0,0
running,2024,10,22,2024-10-22T16:33:04Z,30.58,18.6008321775312,21.205,166,126.265625,0,0
running,2024,10,26,2024-10-26T14:55:04Z,1609.34,7.4197510373444,445.142,132,168.65625,8,0
running,2024,10,26,2024-10-26T15:02:17Z,1609.34,7.21614205004036,433.025,146,168.453125,2,2
running,2024,10,26,2024-10-26T15:09:09Z,1609.34,6.85468949654996,411.276,147,170.375,0,2
running,2024,10,26,2024-10-26T15:09:57Z,181.45,7.07155286053256,47.84,149,170.46875,0,0
running,2024,10,26,2024-10-26T15:10:12Z,22.12,15.7408450704225,12.982,155,134.6875,0,0
running,2024,10,28,2024-10-28T23:36:56Z,1609.34,6.53567251461988,392.133,151,166.1875,0,0
running,2024,10,28,2024-10-28T23:42:58Z,1609.34,6.0397207836073,362.385,175,168.609375,2,0
running,2024,10,28,2024-10-28T23:48:38Z,1609.34,5.6599282549061,339.569,186,168.65625,0,2
running,2024,10,28,2024-10-28T23:49:25Z,221.67,5.73618477331052,47.402,190,167.734375,0,0
running,2024,10,28,2024-10-28T23:51:40Z,188.29,19.2689655172414,135.269,135,100.859375,0,0
running,2024,10,28,2024-10-28T23:54:16Z,490.07,8.50424857324033,155.396,138,158.078125,0,0
running,2024,10,28,2024-10-28T23:54:54Z,45.51,20.4751145038168,34.732,150,100.140625,0,0
running,2024,10,31,2024-10-31T00:07:02Z,1609.34,7.34055829228243,440.452,149,170.5,4,6
running,2024,10,31,2024-10-31T00:13:34Z,1609.34,6.52295719844358,391.414,159,169.328125,2,0
running,2024,10,31,2024-10-31T00:20:10Z,1609.34,6.59675356615839,395.82,150,167.109375,2,2
running,2024,10,31,2024-10-31T00:21:29Z,336.31,6.36204933586338,79.761,156,170.234375,0,2
running,2024,10,31,2024-10-31T00:23:30Z,176.95,17.8459081836327,117.741,129,105.53125,0,0
running,2024,11,2,2024-11-02T00:18:28Z,1609.34,6.78189633375474,406.934,155,171.625,7,26
running,2024,11,2,2024-11-02T00:24:42Z,1609.34,6.23631713554987,374.161,169,170.390625,0,0
running,2024,11,2,2024-11-02T00:30:42Z,1609.34,5.98981688253685,359.389,175,166.984375,0,0
running,2024,11,2,2024-11-02T00:32:18Z,138.04,17.9174348697395,92.226,156,87.09375,0,0
cycling,2024,11,3,2024-11-03T17:32:28Z,8046.72,19.4083936324168,5825.87,121,513.984375,309,181
cycling,2024,11,3,2024-11-03T17:40:54Z,982.08,12.7847473784557,468.078,115,513.984375,4,105
running,2024,11,5,2024-11-05T00:51:41Z,1609.34,6.76308623298033,405.735,143,173.453125,2,0
running,2024,11,5,2024-11-05T00:57:52Z,1609.34,6.17885279889426,370.734,160,173.328125,2,2
running,2024,11,5,2024-11-05T01:03:41Z,1609.34,5.82715620247665,349.63,167,175.734375,0,0
running,2024,11,5,2024-11-05T01:04:24Z,196.63,5.79818417639429,42.504,169,176.078125,0,0
running,2024,11,5,2024-11-05T01:05:50Z,132.51,17.4966731898239,86.45,146,104.265625,0,0
running,2024,11,5,2024-11-05T01:07:05Z,229.71,8.70857142857143,74.581,118,159.59375,0,0
running,2024,11,5,2024-11-05T01:08:20Z,88.22,21.7537712895377,71.575,127,92.703125,0,2
running,2024,11,7,2024-11-07T01:19:55Z,1609.34,6.76991418475517,406.176,136,173.90625,31,2
running,2024,11,7,2024-11-07T01:26:25Z,1609.34,6.48824383164006,389.34,153,171.328125,2,3
running,2024,11,7,2024-11-07T01:32:51Z,1609.34,6.43531669865643,386.104,180,169.9375,6,5
running,2024,11,7,2024-11-07T01:33:40Z,201.25,6.33649893692417,47.548,185,167.984375,0,0
running,2024,11,9,2024-11-09T00:27:15Z,1609.34,8.58042226487524,514.904,153,168.359375,4,0
running,2024,11,9,2024-11-09T00:35:00Z,1609.34,7.75437987857762,465.215,161,169.375,0,0
running,2024,11,9,2024-11-09T00:42:31Z,1609.34,7.50486849468383,450.328,155,170.125,2,2
running,2024,11,9,2024-11-09T00:43:32Z,218.56,7.55347789355111,61.549,155,170.8125,0,0
running,2024,11,9,2024-11-09T00:43:59Z,32.96,12.6520754716981,15.549,154,111.53125,0,0
running,2024,11,11,2024-11-11T01:13:29Z,1609.34,6.93443640124095,416.111,134,167.078125,2,0
running,2024,11,11,2024-11-11T01:19:42Z,1609.34,6.20314523589269,372.19,169,167.375,0,0
running,2024,11,11,2024-11-11T01:20:47Z,92.03,18.875721323012,64.773,151,113.65625,0,0
running,2024,11,11,2024-11-11T01:28:24Z,1609.34,7.60703346568349,456.412,146,162.84375,0,2
running,2024,11,11,2024-11-11T01:29:04Z,143.55,7.63953289661065,40.881,155,163.96875,0,0
running,2024,11,11,2024-11-11T01:31:00Z,112.7,20.2739229024943,85.185,118,107.65625,0,0
running,2024,11,14,2024-11-14T00:25:52Z,1609.34,7.67890065845978,460.672,143,170.890625,10,0
running,2024,11,14,2024-11-14T00:33:24Z,1609.34,7.16601656425327,451.766,154,165.734375,2,9
running,2024,11,14,2024-11-14T00:34:56Z,138.02,17.905473965287,92.132,131,108.140625,0,0
running,2024,11,14,2024-11-14T00:42:33Z,1609.34,7.28078175895765,456.639,146,164.140625,12,12
running,2024,11,14,2024-11-14T00:44:37Z,179.21,18.5365583966828,123.835,117,108.515625,0,0
running,2024,11,14,2024-11-14T00:51:52Z,1609.34,7.26500541711809,435.953,150,164.734375,0,2
running,2024,11,14,2024-11-14T00:52:54Z,94.59,17.5654223968566,61.94,153,118.140625,0,0
running,2024,11,14,2024-11-14T00:55:22Z,577.94,6.84594180704441,147.501,150,165.71875,0,2
running,2024,11,14,2024-11-14T00:55:41Z,28.75,15.9847437425507,17.13,165,134.78125,0,0
running,2024,11,16,2024-11-16T15:58:51Z,1609.34,7.57480937588252,454.436,134,168.140625,6,0
running,2024,11,16,2024-11-16T16:06:03Z,1609.34,7.20257787325456,432.166,146,168.28125,2,5
running,2024,11,16,2024-11-16T16:13:20Z,1609.34,7.28473655621945,437.083,150,169.640625,6,4
running,2024,11,16,2024-11-16T16:14:03Z,164.18,6.985,42.75,150,169.1875,0,0
running,2024,11,16,2024-11-16T16:15:00Z,41.58,16.6598757763975,25.825,153,125.4375,0,2
running,2024,11,23,2024-11-23T00:50:14Z,1609.34,6.47414916727009,388.484,149,179.75,7,28
running,2024,11,23,2024-11-23T00:57:29Z,1609.34,7.2414686825054,434.488,168,170.328125,2,0
running,2024,11,23,2024-11-23T01:04:41Z,1609.34,7.20257787325456,432.096,172,165.1875,0,5
running,2024,11,23,2024-11-23T01:05:28Z,142.83,7.41359867330017,39.481,168,162.828125,0,0
running,2024,11,24,2024-11-24T16:13:56Z,1609.34,7.34860273972603,440.857,126,175.640625,17,9
running,2024,11,24,2024-11-24T16:20:35Z,1609.34,6.63920792079208,398.397,144,174.515625,16,13
running,2024,11,24,2024-11-24T16:27:15Z,1609.34,6.67722180731889,400.682,148,174.0625,18,12
running,2024,11,24,2024-11-24T16:28:03Z,216.87,5.8602578107931,47.381,155,183.453125,0,3
running,2024,11,24,2024-11-24T16:31:19Z,69.13,17.6928759894459,45.603,161,123.515625,0,5
running,2024,11,26,2024-11-26T20:25:52Z,1609.34,7.06968898260411,424.183,149,180.203125,19,11
running,2024,11,26,2024-11-26T20:32:49Z,1609.34,6.95421311900441,417.292,164,178.109375,17,17
running,2024,11,26,2024-11-26T20:39:28Z,1609.34,6.6441416893733,398.664,171,175.25,16,9
running,2024,11,26,2024-11-26T20:41:15Z,434.54,6.29486036141751,101.985,175,176.546875,0,2
running,2024,11,27,2024-11-27T18:41:16Z,1609.34,8.15518394648829,489.288,150,174.953125,16,8
running,2024,11,27,2024-11-27T18:49:27Z,1609.34,8.180054894785,490.82,154,175.703125,10,13
running,2024,11,27,2024-11-27T18:56:59Z,1609.34,7.52592592592593,451.512,156,176.28125,12,14
running,2024,11,27,2024-11-27T18:57:21Z,44.12,8.42676720075401,13.86,163,178.71875,0,0
cycling,2024,11,29,2024-11-29T21:04:14Z,8046.72,13.4718232044199,4041.625,117,513.984375,219,184
cycling,2024,11,29,2024-11-29T21:24:21Z,3509.54,9.07081501521813,1186.771,122,513.984375,61,93
running,2024,11,30,2024-11-30T15:38:26Z,1609.34,8.11324863883847,486.747,140,168.5625,16,9
running,2024,11,30,2024-11-30T15:46:31Z,1609.34,7.64824636441403,484.641,147,168.03125,24,25
running,2024,11,30,2024-11-30T15:54:07Z,1609.34,7.61135073779796,456.684,156,171.84375,20,4
running,2024,11,30,2024-11-30T15:55:09Z,159.21,6.95601659751037,41.289,153,173.421875,0,2
running,2024,12,3,2024-12-03T00:56:06Z,1609.34,6.60324963072378,396.218,136,173.671875,7,2
running,2024,12,3,2024-12-03T01:01:53Z,1609.34,5.77446716899892,346.482,156,178.515625,2,2
running,2024,12,3,2024-12-03T01:09:46Z,1609.34,7.87735682819383,472.674,159,160.296875,4,5
running,2024,12,3,2024-12-03T01:10:46Z,295.84,5.4941417451864,60.594,165,184.4375,0,0
running,2024,12,3,2024-12-03T01:13:25Z,195.43,8.49885931558935,61.92,168,148.953125,0,0
running,2024,12,5,2024-12-05T00:29:15Z,1609.34,7.79720930232558,467.882,133,170.890625,0,0
running,2024,12,5,2024-12-05T00:36:32Z,1609.34,7.28869565217391,437.278,147,170.46875,0,0
running,2024,12,5,2024-12-05T00:43:34Z,1609.34,7.0197330541743,421.213,153,170.3125,0,0
running,2024,12,5,2024-12-05T00:45:26Z,431.12,6.81463414634146,109.529,156,171.265625,0,0
running,2024,12,8,2024-12-08T00:54:44Z,1609.34,8.96770310932798,538.029,131,167.390625,4,5
running,2024,12,8,2024-12-08T01:02:50Z,1609.34,7.90987909171336,485.523,148,165.765625,2,0
running,2024,12,8,2024-12-08T01:10:37Z,1609.34,7.78137510879025,466.844,153,166.3125,4,4
running,2024,12,8,2024-12-08T01:14:24Z,786.02,7.68770421324162,225.273,154,167.03125,0,0
running,2024,12,9,2024-12-09T23:50:16Z,256.11,7.82222222222222,74.687,123,160.015625,0,0
running,2024,12,9,2024-12-09T23:55:57Z,1609.34,5.6887380699894,341.349,162,181.578125,2,0
running,2024,12,10,2024-12-10T00:01:38Z,1609.34,5.6815081550519,340.915,182,176.171875,2,0
running,2024,12,10,2024-12-10T00:03:41Z,172.14,19.2,123.234,144,108.6875,0,0
running,2024,12,10,2024-12-10T00:12:30Z,1609.34,8.80866995073892,528.549,143,158.78125,8,10
running,2024,12,10,2024-12-10T00:13:06Z,54.84,15.2054421768707,31.097,147,127.671875,0,0
running,2024,12,13,2024-12-13T22:38:11Z,1609.34,8.51775166719594,511.018,137,176.140625,5,44
running,2024,12,13,2024-12-13T22:47:17Z,1609.34,9.08925787868519,545.306,134,171.203125,2,23
running,2024,12,13,2024-12-13T22:56:39Z,1609.34,9.36536312849162,561.895,129,166.78125,21,7
running,2024,12,13,2024-12-13T23:04:27Z,1443.97,8.59967938441808,462.955,141,170.328125,37,12
running,2024,12,15,2024-12-15T18:11:54Z,1609.34,8.21010101010101,492.638,138,170.015625,10,0
running,2024,12,15,2024-12-15T18:19:35Z,1609.34,7.67231121281465,460.285,148,171.78125,0,2
running,2024,12,15,2024-12-15T18:26:58Z,1609.34,7.38502202643172,443.082,154,173.3125,0,0
running,2024,12,15,2024-12-15T18:33:59Z,1609.34,7.02157068062827,421.348,161,173.59375,0,0
running,2024,12,15,2024-12-15T18:34:46Z,176.23,7.16984763432237,47.107,162,174.875,0,0
running,2024,12,15,2024-12-15T18:35:22Z,58.85,15.2054421768707,33.367,152,119.0625,0,0
running,2024,12,17,2024-12-17T21:22:49Z,1609.34,6.43995198079232,386.441,147,180.5625,4,0
running,2024,12,17,2024-12-17T21:29:06Z,1609.34,6.28306394940267,376.941,171,178.5,2,0
running,2024,12,17,2024-12-17T21:35:49Z,1609.34,6.72072162365322,403.239,174,173.828125,0,4
running,2024,12,17,2024-12-17T21:37:34Z,426.97,6.40152744630072,101.909,174,174.4375,0,0
running,2024,12,19,2024-12-19T19:08:45Z,1609.34,7.78815331010453,467.325,137,174.171875,4,36
running,2024,12,19,2024-12-19T19:16:41Z,1609.34,7.94031971580817,476.441,147,174.265625,4,0
running,2024,12,19,2024-12-19T19:24:15Z,1609.34,7.57480937588252,454.434,147,173.53125,6,2
running,2024,12,19,2024-12-19T19:25:09Z,187.25,7.26500541711809,50.717,153,173.796875,0,0
running,2024,12,21,2024-12-21T23:47:20Z,1609.34,8.51234528721041,510.727,140,171.328125,16,14
running,2024,12,21,2024-12-21T23:55:23Z,1609.34,8.0499399759904,482.937,149,169.859375,15,7
running,2024,12,21,2024-12-21T23:56:42Z,84.99,19.1725518227305,78.778,150,92.96875,0,0
running,2024,12,22,2024-12-22T00:04:28Z,1609.34,7.76335745296671,465.817,148,167.78125,2,14
running,2024,12,22,2024-12-22T00:12:17Z,1609.34,7.8199416909621,469.203,154,167.875,14,7
running,2024,12,22,2024-12-22T00:12:58Z,162,6.68054794520548,40.348,161,169.296875,0,0
running,2024,12,22,2024-12-22T00:13:35Z,57.08,17.7514228987426,37.786,160,91.890625,0,2
running,2024,12,22,2024-12-22T00:13:47Z,53.62,6.05471783295711,12.103,149,193.25,0,0
running,2024,12,22,2024-12-22T00:14:18Z,58.21,13.9409563409563,30.247,138,108.90625,0,0
running,2024,12,22,2024-12-22T00:15:04Z,60.2,15.1112112676056,33.922,130,80.296875,0,0
running,2024,12,22,2024-12-22T00:15:15Z,53.49,5.46837920489297,10.905,126,148.359375,0,0
running,2024,12,22,2024-12-22T00:15:48Z,64.14,12.6461103253182,30.237,127,126.96875,0,0
running,2024,12,23,2024-12-23T19:55:21Z,1609.34,8.80866995073892,528.499,137,172.453125,46,29
running,2024,12,23,2024-12-23T20:03:19Z,1609.34,7.95680806882231,477.339,151,170.4375,22,16
running,2024,12,23,2024-12-23T20:11:22Z,1609.34,8.05961538461538,483.569,148,169.90625,21,17
running,2024,12,23,2024-12-23T20:18:46Z,1609.34,7.39724214009928,443.779,151,170.640625,13,16
running,2024,12,23,2024-12-23T20:20:43Z,416.18,7.01239215686274,114.359,153,171.46875,0,10
running,2024,12,25,2024-12-25T20:47:08Z,1609.34,7.98999106344951,479.412,139,173.296875,7,28
running,2024,12,25,2024-12-25T20:56:07Z,1609.34,8.98271935699933,538.955,144,172.34375,36,30
running,2024,12,25,2024-12-25T21:11:06Z,1609.34,8.13046377690209,897.382,149,170.109375,15,16
running,2024,12,25,2024-12-25T21:18:25Z,1440.01,8.14280510018215,437.206,167,172.703125,33,8
running,2024,12,27,2024-12-27T20:22:49Z,1609.34,8.18255033557047,490.983,139,174.0625,38,16
running,2024,12,27,2024-12-27T20:31:39Z,1609.34,8.42412060301508,529.588,147,171.734375,43,39
running,2024,12,27,2024-12-27T20:40:11Z,1609.34,8.53401209035953,512.109,142,170.265625,21,29
running,2024,12,27,2024-12-27T20:48:22Z,1609.34,8.19004580152672,491.376,153,170.484375,25,19
running,2024,12,27,2024-12-27T20:49:26Z,191.03,8.66076848563126,61.685,141,180.8125,0,11
running,2024,12,29,2024-12-29T16:47:55Z,1609.34,8.82025649457415,529.174,130,167.53125,16,0
running,2024,12,29,2024-12-29T16:56:18Z,1609.34,8.38986549890522,503.355,142,165.9375,0,9
running,2024,12,29,2024-12-29T17:04:31Z,1609.34,8.21764705882353,493.091,149,168.140625,5,5
running,2024,12,29,2024-12-29T17:12:29Z,1609.34,7.9709955423477,478.24,150,168.5625,9,14
running,2024,12,29,2024-12-29T17:20:07Z,1609.34,7.62649985783338,457.63,154,170.84375,0,2
running,2024,12,29,2024-12-29T17:24:20Z,918.89,7.30855585831063,250.364,161,172.8125,0,2
running,2025,1,1,2025-01-01T00:44:33Z,1609.34,6.91477184841454,414.872,135,173.234375,4,0
running,2025,1,1,2025-01-01T00:50:23Z,1609.34,5.83857205050065,350.329,152,179.953125,2,0
running,2025,1,1,2025-01-01T00:58:03Z,1609.34,7.44239733629301,459.166,152,162,0,0
running,2025,1,1,2025-01-01T01:03:27Z,1609.34,5.41210653753027,324.742,158,183.171875,0,0
running,2025,1,1,2025-01-01T01:05:32Z,174.94,19.0770981507824,124.391,143,107.9375,0,0
running,2025,1,1,2025-01-01T01:08:33Z,556.02,8.52587412587413,176.725,133,157.25,0,0
running,2025,1,3,2025-01-03T01:28:14Z,1609.34,8.60795892169448,516.469,128,165.84375,4,2
running,2025,1,3,2025-01-03T01:35:42Z,1609.34,7.47142061281337,448.338,147,170.015625,2,0
running,2025,1,3,2025-01-03T01:43:19Z,1609.34,7.62649985783338,457.548,148,167.421875,2,0
running,2025,1,3,2025-01-03T01:50:47Z,1609.34,7.46518229891456,447.933,149,167.46875,0,0
running,2025,1,3,2025-01-03T01:53:30Z,589.5,7.28869565217391,160.191,152,169.078125,0,2
running,2025,1,4,2025-01-04T21:48:01Z,1609.34,9.33927576601671,560.366,122,163.859375,4,0
running,2025,1,4,2025-01-04T21:56:56Z,1609.34,8.91109634551495,534.603,127,165.90625,2,0
running,2025,1,4,2025-01-04T22:05:28Z,1609.34,8.53672819859962,512.246,135,166.90625,0,2
running,2025,1,4,2025-01-04T22:13:37Z,1609.34,8.15766423357664,489.476,143,168.03125,0,0
running,2025,1,4,2025-01-04T22:21:25Z,1609.34,7.78815331010453,467.313,148,168.9375,0,0
running,2025,1,4,2025-01-04T22:28:49Z,1609.34,7.40541137493098,444.358,156,171.625,0,0
running,2025,1,4,2025-01-04T22:31:57Z,665.77,7.46934001670844,185.39,157,171.453125,0,0
running,2025,1,6,2025-01-06T23:02:16Z,958.47,7.84739613809245,280.402,136,170.453125,0,15
running,2025,1,6,2025-01-06T23:04:47Z,825.85,4.88924535180459,150.527,154,193.140625,2,0
running,2025,1,6,2025-01-06T23:05:14Z,39.01,18.6137404580153,27.075,158,136.140625,0,0
running,2025,1,6,2025-01-06T23:08:05Z,532.98,8.57767828589703,170.46,147,155.84375,2,2
running,2025,1,6,2025-01-06T23:09:53Z,587.69,4.96435313714603,108.772,151,188.59375,2,3
running,2025,1,6,2025-01-06T23:10:24Z,61.2,13.3312127236581,30.411,154,132.359375,0,0
running,2025,1,6,2025-01-06T23:13:14Z,534.78,8.51775166719594,169.833,149,155.515625,2,2
running,2025,1,6,2025-01-06T23:14:59Z,585.77,4.82330516094228,105.326,154,187.984375,2,2
running,2025,1,6,2025-01-06T23:15:50Z,89.26,15.257337883959,50.786,158,114.765625,0,0
running,2025,1,6,2025-01-06T23:23:07Z,1342.43,8.6860103626943,434.66,151,158.78125,0,2
running,2025,1,8,2025-01-08T23:04:15Z,1609.34,7.93796981355431,476.295,132,167.21875,0,0
running,2025,1,8,2025-01-08T23:11:56Z,1609.34,7.67670291929021,460.607,142,167.78125,2,0
running,2025,1,8,2025-01-08T23:20:07Z,1609.34,8.19004580152672,491.335,140,165.96875,0,0
running,2025,1,8,2025-01-08T23:21:42Z,69.92,8.17257769652651,21.303,140,166.234375,0,0
running,2025,1,12,2025-01-12T01:28:05Z,1609.34,7.29861224489796,437.913,144,175.171875,4,2
running,2025,1,12,2025-01-12T01:35:00Z,1609.34,6.90942812982998,414.52,161,174.8125,2,2
running,2025,1,12,2025-01-12T01:41:52Z,1609.34,6.6955566650025,412.198,170,172.953125,5,2
running,2025,1,12,2025-01-12T01:48:13Z,1609.34,6.34849704142012,380.931,175,174.53125,0,2
running,2025,1,12,2025-01-12T01:54:37Z,1609.34,6.39694729310756,383.777,179,174.421875,2,2
running,2025,1,12,2025-01-12T01:55:40Z,96.3,17.5080939947781,62.874,156,100.578125,0,0
running,2025,1,12,2025-01-12T02:03:24Z,1524.77,8.11324863883847,461.165,150,162.265625,2,5
running,2025,1,15,2025-01-15T01:12:50Z,498.09,7.40541137493098,137.522,126,170,0,0
running,2025,1,15,2025-01-15T01:18:36Z,1609.34,5.77944408532644,346.747,158,180.78125,2,0
running,2025,1,15,2025-01-15T01:19:38Z,179.29,9.22048814025438,61.629,158,159.734375,0,0
running,2025,1,15,2025-01-15T01:25:22Z,1609.34,5.73373236425823,344.034,177,178.171875,0,0
running,2025,1,15,2025-01-15T01:26:19Z,150.66,10.0684684684685,56.562,183,160.96875,0,0
running,2025,1,15,2025-01-15T01:30:10Z,1088.41,5.69961750956226,231.263,182,178.0625,2,2
running,2025,1,15,2025-01-15T01:30:53Z,73.83,15.5222222222222,42.717,180,109.625,0,0
running,2025,1,15,2025-01-15T01:35:20Z,822.23,8.66076848563126,265.456,155,158.25,0,0
running,2025,1,16,2025-01-16T18:06:10Z,1609.34,8.48273244781784,509.02,132,174.765625,2,0
running,2025,1,16,2025-01-16T18:14:14Z,1609.34,8.06203787195672,483.772,149,174.796875,7,5
running,2025,1,16,2025-01-16T18:22:00Z,1609.34,7.76785403996525,466.082,156,173.65625,2,0
running,2025,1,16,2025-01-16T18:29:08Z,1609.34,7.1222517259692,427.342,159,176.078125,0,2
running,2025,1,16,2025-01-16T18:29:25Z,67.24,6.10015919945417,15.291,160,174.59375,0,0
running,2025,1,18,2025-01-18T20:46:28Z,1609.34,8.15518394648829,489.371,131,170.171875,5,3
running,2025,1,18,2025-01-18T20:54:12Z,1609.34,7.60056673278549,464.619,154,168.3125,7,3
running,2025,1,18,2025-01-18T21:01:45Z,1609.34,7.53649901657769,452.241,156,164.890625,0,0
running,2025,1,18,2025-01-18T21:09:14Z,1609.34,7.4922905027933,449.557,158,165.671875,3,5
running,2025,1,18,2025-01-18T21:11:54Z,549.84,7.53861720067454,154.556,161,167.515625,3,2
running,2025,1,21,2025-01-21T16:39:42Z,1609.34,8.46934006946637,508.161,138,169.15625,26,2
running,2025,1,21,2025-01-21T16:48:06Z,1609.34,8.40564086493262,504.298,148,168.859375,4,2
running,2025,1,21,2025-01-21T16:56:20Z,1609.34,8.2226854690374,493.426,144,168.921875,0,2
running,2025,1,21,2025-01-21T17:04:40Z,1609.34,7.69432013769363,500.922,145,168.4375,0,2
running,2025,1,21,2025-01-21T17:12:28Z,1609.34,7.79041533546326,467.384,148,168.546875,4,2
running,2025,1,21,2025-01-21T17:17:26Z,1008.19,7.55773457311919,295.543,151,167.015625,0,0
running,2025,1,23,2025-01-23T21:08:09Z,1609.34,7.68990825688073,461.422,143,170.640625,2,99
running,2025,1,23,2025-01-23T21:15:21Z,1609.34,7.21032258064516,432.566,166,172.171875,2,0
running,2025,1,23,2025-01-23T21:26:02Z,1609.34,8.20256880733945,641.035,149,166.125,0,0
running,2025,1,23,2025-01-23T21:33:37Z,1609.34,7.58123233465235,454.906,168,170.453125,4,4
running,2025,1,23,2025-01-23T21:37:01Z,757.47,7.13741351782863,201.566,172,172.265625,0,0
running,2025,1,25,2025-01-25T21:32:42Z,521.27,7.43002770083102,144.408,122,167.9375,0,0
running,2025,1,25,2025-01-25T21:38:21Z,1609.34,5.64919966301601,338.978,154,184.125,2,0
running,2025,1,25,2025-01-25T21:39:56Z,166.26,15.3621993127148,95.248,140,120.109375,0,0
running,2025,1,25,2025-01-25T21:45:26Z,1609.34,5.50315962248666,330.185,132,182.984375,2,2
running,2025,1,25,2025-01-25T21:47:08Z,153.39,17.8816,102.277,137,103.09375,0,0
running,2025,1,25,2025-01-25T21:52:40Z,1609.34,5.53039175257732,331.802,141,180.40625,2,3
running,2025,1,25,2025-01-25T21:54:19Z,154.88,17.1938461538462,99.301,143,107.484375,0,0
running,2025,1,25,2025-01-25T21:57:42Z,588.13,9.11706322229776,199.892,139,155.421875,0,0
running,2025,1,29,2025-01-29T00:08:06Z,1609.34,9.06468401486989,543.884,129,169.6875,6,16
running,2025,1,29,2025-01-29T00:16:46Z,1609.34,8.66916612798966,520.181,131,171.328125,3,5
running,2025,1,29,2025-01-29T00:25:26Z,1609.34,8.66636510500808,519.939,134,172,0,0
running,2025,1,29,2025-01-29T00:33:46Z,1609.34,8.33511497824736,500.076,137,172.09375,0,0
running,2025,1,29,2025-01-29T00:36:01Z,395.44,8.37938144329897,123.537,142,172.390625,0,0
running,2025,1,31,2025-01-31T00:36:25Z,572.88,8.26831072749692,176.616,129,169,0,0
running,2025,1,31,2025-01-31T00:42:12Z,1609.34,5.78068965517241,346.842,162,181.09375,2,0
running,2025,1,31,2025-01-31T00:47:49Z,1609.34,5.6196103079824,337.197,182,181.890625,0,0
running,2025,1,31,2025-01-31T00:51:14Z,626.1,8.52045743329098,198.913,166,160.734375,0,0
running,2025,2,1,2025-02-01T23:35:54Z,1013.69,8.08878166465621,305.695,139,173.09375,25,7
running,2025,2,1,2025-02-01T23:42:33Z,1609.34,6.49452784503632,399.384,155,179.640625,0,29
running,2025,2,1,2025-02-01T23:49:03Z,1609.34,6.48824383164006,389.303,168,180.25,15,18
running,2025,2,1,2025-02-01T23:56:21Z,1609.34,7.30059880239521,438.049,170,179.6875,71,51
running,2025,2,2,2025-02-02T00:03:24Z,1609.34,7.05481325618096,423.268,168,179.46875,33,38
running,2025,2,2,2025-02-02T00:05:48Z,558.92,6.92012383900929,144.182,180,180.46875,16,2
running,2025,2,2,2025-02-02T00:10:44Z,925.03,8.51504761904762,293.636,160,169.734375,15,22
running,2025,2,4,2025-02-04T04:15:42Z,501.83,7.83364485981308,146.557,112,166.046875,2,19
running,2025,2,4,2025-02-04T04:21:51Z,1609.34,6.15757575757576,369.444,144,177.171875,5,0
running,2025,2,4,2025-02-04T04:27:50Z,1609.34,5.98046822742475,358.827,156,173.515625,2,0
running,2025,2,4,2025-02-04T04:29:38Z,157.8,18.3088054607509,107.685,139,105.03125,0,0
running,2025,2,4,2025-02-04T04:34:50Z,1045.91,7.93327417923691,309.366,140,160.171875,0,2
running,2025,2,6,2025-02-06T00:51:11Z,1609.34,7.61567291311755,456.939,151,175.828125,9,3
running,2025,2,6,2025-02-06T00:58:48Z,1609.34,7.62,457.164,154,175.875,2,0
running,2025,2,6,2025-02-06T01:06:00Z,1609.34,7.21032258064516,432.649,159,175.296875,0,0
running,2025,2,6,2025-02-06T01:06:44Z,153.62,7.61783584209032,43.625,164,174.015625,0,0
running,2025,2,6,2025-02-06T01:13:58Z,1609.34,7.23756071235834,434.307,161,174.390625,0,0
running,2025,2,6,2025-02-06T01:21:09Z,1609.34,7.18136546184739,430.911,162,175.484375,2,0
running,2025,2,6,2025-02-06T01:28:10Z,1609.34,7.0197330541743,421.212,169,175.125,6,5
running,2025,2,6,2025-02-06T01:28:30Z,62.89,7.26894308943089,17.045,172,174.40625,0,0
running,2025,2,8,2025-02-08T16:43:54Z,1609.34,9.82865518504947,589.72,131,166.53125,13,2
running,2025,2,8,2025-02-08T16:53:27Z,1609.34,9.54873620505518,572.958,146,166.75,2,2
running,2025,2,8,2025-02-08T17:03:19Z,1609.34,9.86843267108168,592.144,143,165.859375,0,2
running,2025,2,8,2025-02-08T17:03:30Z,14.37,11.0018047579984,5.895,141,165.328125,0,0
running,2025,2,12,2025-02-12T01:32:37Z,495.95,7.87504403992954,145.59,116,171.328125,0,19
running,2025,2,12,2025-02-12T01:37:56Z,1609.34,5.31452347929463,318.853,150,190.53125,3,0
running,2025,2,12,2025-02-12T01:39:03Z,103.82,17.3271317829457,67.084,146,90.90625,0,0
running,2025,2,12,2025-02-12T01:44:37Z,896.52,9.97115241635688,333.262,134,160.015625,2,0
running,2025,2,12,2025-02-12T01:45:53Z,406.63,5.0060470324748,75.892,151,192.203125,0,0
running,2025,2,12,2025-02-12T01:47:25Z,139.38,17.7514228987426,92.213,142,113.265625,0,0
running,2025,2,12,2025-02-12T01:48:38Z,409.22,4.78373461744248,72.99,128,185.390625,0,0
running,2025,2,12,2025-02-12T01:50:24Z,153.04,18.562214532872,105.886,135,103.984375,0,0
running,2025,2,12,2025-02-12T01:55:18Z,735.47,10.7504609218437,294.803,136,158.96875,0,0
running,2025,2,12,2025-02-12T01:55:32Z,70.27,5.30611275964392,13.901,142,136.5,0,0
running,2025,2,12,2025-02-12T01:56:11Z,68.99,14.9262103505843,38.401,134,87.84375,0,0
running,2025,2,12,2025-02-12T01:56:24Z,68.83,5.24387096774194,13.457,131,102.765625,0,0
running,2025,2,12,2025-02-12T01:56:37Z,31.02,4.96343449296817,5.74,133,168.578125,0,0
running,2025,2,15,2025-02-15T01:09:15Z,526.48,7.29861224489796,143.242,107,161.28125,0,0
running,2025,2,15,2025-02-15T01:15:10Z,1609.34,5.91322751322751,354.797,143,181.453125,2,0
running,2025,2,15,2025-02-15T01:20:52Z,1609.34,5.71297124600639,342.743,179,181.21875,0,0
running,2025,2,15,2025-02-15T01:22:47Z,436.84,7.02340926944226,114.387,172,166.90625,0,0
running,2025,2,15,2025-02-15T01:25:49Z,854.19,5.71175468483816,181.887,182,181.3125,0,0
running,2025,2,15,2025-02-15T01:28:33Z,485.84,9.08002708192281,164.488,160,158.421875,0,2
running,2025,2,15,2025-02-15T01:31:36Z,866.8,5.65634753268663,182.811,182,180.921875,12,12
running,2025,2,15,2025-02-15T01:32:36Z,98.64,16.4252296387018,60.422,178,107.734375,0,2
running,2025,2,15,2025-02-15T01:36:40Z,775.93,8.33770593720858,241.183,148,160.6875,2,2
running,2025,2,16,2025-02-16T18:21:30Z,1609.34,8.314445133292,498.939,138,169.0625,6,0
running,2025,2,16,2025-02-16T18:29:49Z,1609.34,8.31960297766749,499.211,150,165.3125,2,0
running,2025,2,16,2025-02-16T18:38:03Z,1609.34,8.22520699172033,493.544,153,168.75,0,2
running,2025,2,16,2025-02-16T18:45:49Z,1609.34,7.75886606884582,465.506,154,171.203125,2,0
running,2025,2,16,2025-02-16T18:46:23Z,115.22,7.04925098554533,30.28,153,169.9375,0,0
running,2025,2,19,2025-02-19T22:37:46Z,1609.34,8.12553771584368,487.597,146,166.859375,0,0
running,2025,2,19,2025-02-19T22:45:20Z,1609.34,7.56839729119639,454.14,149,167.484375,4,0
running,2025,2,19,2025-02-19T22:54:57Z,1609.34,7.76111111111111,576.828,144,165.3125,7,0
running,2025,2,19,2025-02-19T23:02:23Z,1609.34,7.40950276243094,444.518,155,166.84375,2,6
running,2025,2,19,2025-02-19T23:09:23Z,1609.34,7.00140955364135,420.117,161,168.890625,4,10
running,2025,2,19,2025-02-19T23:09:35Z,37.78,7.51748878923767,10.591,161,168.203125,0,0
running,2025,2,20,2025-02-20T23:12:29Z,1609.34,7.8658064516129,471.879,130,172.671875,5,21
running,2025,2,20,2025-02-20T23:20:16Z,1609.34,7.77911832946636,466.738,153,172.234375,0,0
running,2025,2,20,2025-02-20T23:28:10Z,1609.34,7.90055964653903,474.005,153,168.609375,4,0
running,2025,2,20,2025-02-20T23:35:39Z,1609.34,7.4776693615835,448.717,160,167.421875,8,7
running,2025,2,20,2025-02-20T23:35:50Z,20.73,8.1157034795764,6.274,164,167,0,2
running,2025,2,23,2025-02-23T00:13:39Z,962.51,7.63953289661065,274.145,147,166.671875,0,134
running,2025,2,23,2025-02-23T00:18:57Z,1609.34,5.31452347929463,318.888,167,186.046875,0,0
running,2025,2,23,2025-02-23T00:29:56Z,957.01,14.9845810055866,658.735,128,115.796875,0,0
running,2025,2,23,2025-02-23T00:32:25Z,764.82,5.22548217416715,149.01,159,190.96875,2,0
running,2025,2,23,2025-02-23T00:34:28Z,275.32,11.9903442109969,123.098,150,132.140625,0,0
running,2025,2,23,2025-02-23T00:36:57Z,779.65,5.11780194619348,148.757,155,185.359375,3,3
running,2025,2,23,2025-02-23T00:37:35Z,52.87,18.9290049400141,37.302,162,131.25,0,0
running,2025,2,23,2025-02-23T00:40:57Z,542.56,9.85755237045204,201.433,147,146.03125,0,2
running,2025,2,23,2025-02-23T00:41:10Z,57.31,6.27865168539326,13.416,140,155.15625,0,0
running,2025,2,23,2025-02-23T00:42:09Z,79.54,19.6789435069699,58.364,140,90.265625,0,0
running,2025,2,23,2025-02-23T00:42:22Z,63.42,5.54067341458376,13.101,134,175.765625,0,4
running,2025,2,23,2025-02-23T00:43:21Z,89.63,17.611556139199,58.856,130,90.734375,0,0
running,2025,2,23,2025-02-23T00:43:34Z,50.98,7.11092258748674,13.515,121,105.078125,0,0
running,2025,2,23,2025-02-23T00:44:44Z,111.45,16.8482412060302,70.012,116,91.84375,0,0
running,2025,2,23,2025-02-23T00:44:57Z,72.39,4.81291943298044,12.99,102,168.3125,0,0
running,2025,2,23,2025-02-23T00:45:34Z,74.21,13.3844311377245,37.022,113,102.5625,0,2
running,2025,2,23,2025-02-23T00:47:09Z,238.75,10.716100679185,95.396,126,154.84375,0,0
running,2025,2,23,2025-02-23T00:47:24Z,17.76,19.7951291512915,14.742,138,86.0625,0,0
running,2025,2,23,2025-02-23T00:49:25Z,425.98,7.43414634146341,118.076,149,164.5,0,0
running,2025,2,24,2025-02-24T21:11:22Z,1609.34,9.95265306122449,597.073,129,164.40625,34,4
running,2025,2,24,2025-02-24T21:20:58Z,1609.34,9.58970325348588,575.317,135,164.65625,30,8
running,2025,2,24,2025-02-24T21:32:10Z,1609.34,8.48541600759253,672.068,147,167.140625,21,21
running,2025,2,24,2025-02-24T21:39:36Z,1609.34,7.43826955074875,446.341,158,165.46875,7,43
running,2025,2,24,2025-02-24T21:46:48Z,954.45,9.96374442793462,354.603,139,163.5,7,23
running,2025,2,27,2025-02-27T00:57:50Z,1609.34,7.94973325429757,476.972,139,169.09375,10,6
running,2025,2,27,2025-02-27T01:05:59Z,1609.34,8.14280510018215,488.566,140,168.34375,2,8
running,2025,2,27,2025-02-27T01:13:49Z,1609.34,7.82678727750219,469.599,148,167.921875,2,5
running,2025,2,27,2025-02-27T01:21:46Z,1609.34,7.96626076626077,477.924,152,167.5625,7,6
running,2025,2,27,2025-02-27T01:29:53Z,1609.34,8.10099667774086,486.09,153,167.734375,12,13
running,2025,2,27,2025-02-27T01:30:43Z,131.49,7.01055933089388,34.362,156,168.09375,3,2
running,2025,3,1,2025-03-01T00:46:04Z,583.22,7.80855895196507,169.804,115,170.78125,0,0
running,2025,3,1,2025-03-01T00:51:44Z,1609.34,5.65038971982305,339.055,143,182.96875,4,2
running,2025,3,1,2025-03-01T00:57:20Z,1609.34,5.60200501253133,336.115,152,180.453125,2,0
running,2025,3,1,2025-03-01T00:59:01Z,149.8,18.1354969574037,101.273,135,105.375,0,0
running,2025,3,1,2025-03-01T01:07:22Z,1115.81,9.06162162162162,376.911,134,158.046875,10,6
running,2025,3,14,2025-03-14T21:46:24Z,1609.34,8.3741492350921,502.408,145,173.453125,14,0
running,2025,3,14,2025-03-14T21:55:05Z,1609.34,8.67196896217265,520.257,157,167.953125,14,16
running,2025,3,14,2025-03-14T22:02:55Z,1609.34,7.83364485981308,470.085,163,166.25,2,10
running,2025,3,14,2025-03-14T22:03:12Z,53.2,7.59841359773371,15.072,167,163.671875,0,0
running,2025,3,17,2025-03-17T23:09:20Z,1609.34,7.12036102999735,427.245,129,172.734375,5,4
running,2025,3,17,2025-03-17T23:16:14Z,1609.34,6.89344641480339,413.58,153,172.734375,9,5
running,2025,3,17,2025-03-17T23:23:02Z,1609.34,6.80598832783558,408.409,156,172.703125,0,5
running,2025,3,17,2025-03-17T23:29:44Z,1609.34,6.6955566650025,401.684,158,172.34375,12,12
running,2025,3,17,2025-03-17T23:30:26Z,167.97,6.34849704142012,39.753,156,173.234375,0,2
cycling,2025,3,19,2025-03-19T19:37:26Z,7730.45,16.7221945137157,4820.693,123,513.984375,220,239
running,2025,3,20,2025-03-20T00:18:27Z,1609.34,8.29131375579598,497.431,149,168.390625,8,0
running,2025,3,20,2025-03-20T00:39:16Z,1609.34,8.7913470993117,1249.382,147,167.46875,2,3
running,2025,3,20,2025-03-20T00:47:47Z,1609.34,8.50155309033281,510.17,153,168.375,0,2
running,2025,3,20,2025-03-20T00:48:25Z,115.16,8.34548848786559,35.831,155,169.203125,0,0
running,2025,3,21,2025-03-21T23:44:55Z,490.86,7.29662676822633,133.517,132,172.609375,0,0
running,2025,3,21,2025-03-21T23:50:46Z,1609.34,5.84493353671824,350.677,157,180.390625,0,0
running,2025,3,21,2025-03-21T23:56:49Z,1609.34,6.05062034739454,363.034,183,177.515625,2,2
running,2025,3,21,2025-03-21T23:59:56Z,862.3,5.82083333333333,187.135,189,176.65625,0,0
running,2025,3,22,2025-03-22T00:01:29Z,136.63,18.2217391304348,92.811,150,105.375,0,0
running,2025,3,22,2025-03-22T00:04:41Z,536.59,9.525,190.549,139,159.15625,0,2
running,2025,3,24,2025-03-24T22:58:41Z,1609.34,9.18575342465753,551.23,145,165.8125,2,4
running,2025,3,24,2025-03-24T23:07:34Z,1609.34,8.88453130175555,533.13,149,166.4375,0,0
running,2025,3,24,2025-03-24T23:16:20Z,1609.34,8.76549019607843,525.896,154,165.3125,2,0
running,2025,3,24,2025-03-24T23:24:50Z,1609.34,8.5069457659372,510.434,164,166.453125,2,2
running,2025,3,24,2025-03-24T23:27:02Z,452.25,7.68550143266476,129.592,168,168.890625,0,0
running,2025,3,25,2025-03-25T18:41:46Z,1609.34,8.93782072642452,536.262,139,168.375,5,2
running,2025,3,25,2025-03-25T18:50:17Z,1609.34,8.52045743329098,511.285,152,167.859375,2,5
running,2025,3,25,2025-03-25T18:51:20Z,84.59,20.0616305160808,63.273,143,101.703125,0,0
running,2025,3,25,2025-03-25T18:59:39Z,1609.34,8.31186860861481,498.694,157,169.109375,2,4
running,2025,3,25,2025-03-25T19:00:49Z,98.64,19.0770981507824,70.172,156,118.171875,0,0
running,2025,3,25,2025-03-25T19:09:11Z,1609.34,8.36892355694228,502.136,158,166.5,2,0
running,2025,3,25,2025-03-25T19:09:20Z,15.87,8.08634308109738,4.783,164,167,0,0
running,2025,3,28,2025-03-28T23:33:38Z,1609.34,10.1446293494705,608.743,149,163.203125,95,3
running,2025,3,28,2025-03-28T23:44:43Z,1609.34,11.0928039702233,665.62,167,164.234375,136,0
running,2025,3,28,2025-03-28T23:45:58Z,26.5,18.050067294751,75.024,164,136.4375,0,0
running,2025,3,28,2025-03-28T23:54:47Z,1609.34,8.80866995073892,528.517,137,166.015625,2,125
running,2025,3,29,2025-03-29T00:02:17Z,1354.34,8.87864945382324,448.335,137,165.09375,0,92
running,2025,4,4,2025-04-04T00:21:38Z,1196.79,8.36109725685786,373.054,144,166.171875,2,0
running,2025,4,4,2025-04-04T00:23:13Z,444.78,5.70204081632653,94.561,154,186.21875,2,0
running,2025,4,4,2025-04-04T00:25:37Z,466.68,8.25050753614273,143.552,157,164.828125,0,0
running,2025,4,4,2025-04-04T00:27:08Z,435.56,5.61138075313808,91.128,155,172.984375,0,0
running,2025,4,4,2025-04-04T00:29:48Z,461.17,9.3004160887656,159.882,159,161.59375,2,2
running,2025,4,4,2025-04-04T00:31:17Z,438.82,5.44506699147381,89.078,147,184.71875,0,0
running,2025,4,4,2025-04-04T00:34:02Z,462.73,9.57942857142857,165.275,150,160.5625,2,2
running,2025,4,4,2025-04-04T00:35:28Z,444.4,5.2132944606414,86.368,150,188.15625,0,2
running,2025,4,4,2025-04-04T00:36:52Z,222.91,10.0158327109783,83.235,159,159.0625,0,0
running,2025,4,4,2025-04-04T00:37:13Z,28.04,20.289258698941,21.217,149,128.859375,0,0
running,2025,4,4,2025-04-04T00:37:55Z,214.71,5.26135739505689,42.12,138,185.359375,6,0
running,2025,4,4,2025-04-04T00:39:44Z,258.04,11.3509944985188,109.197,154,143.515625,3,7
running,2025,4,4,2025-04-04T00:40:10Z,35.45,19.7659543109801,26.119,143,129.890625,0,0
running,2025,4,4,2025-04-04T00:40:57Z,237.96,5.23875,46.476,138,171.296875,8,2
running,2025,4,4,2025-04-04T00:42:38Z,137.5,19.7951291512915,101.461,150,102.265625,2,4
running,2025,4,4,2025-04-04T00:43:27Z,124.32,10.6395874652915,49.307,128,148.515625,0,5
running,2025,4,4,2025-04-04T00:50:24Z,1350.02,8.23530856616518,414.457,161,164.375,2,4
running,2025,4,5,2025-04-05T17:03:41Z,1609.34,7.30457516339869,438.23,152,172.09375,2,0
running,2025,4,5,2025-04-05T17:10:14Z,1609.34,6.54204878048781,392.555,168,172.796875,0,0
running,2025,4,5,2025-04-05T17:16:28Z,1609.34,6.23486750348675,374.12,175,172.34375,2,2
running,2025,4,5,2025-04-05T17:22:40Z,1609.34,6.1959805959806,371.736,179,172.65625,0,2
running,2025,4,5,2025-04-05T17:24:59Z,426.81,8.58591549295775,136.632,163,161.78125,0,2
running,2025,4,7,2025-04-07T23:06:03Z,582.46,9.03415291343887,196.21,109,161.359375,0,0
running,2025,4,7,2025-04-07T23:12:10Z,1609.34,6.1098861047836,366.561,151,176.734375,2,0
running,2025,4,7,2025-04-07T23:18:07Z,1609.34,5.95127579321056,357.081,177,174.125,3,2
running,2025,4,7,2025-04-07T23:23:47Z,1609.34,5.67429659403427,340.438,186,172.296875,3,8
running,2025,4,7,2025-04-07T23:24:24Z,173.65,5.7781990521327,37.41,189,172.109375,0,0
running,2025,4,7,2025-04-07T23:26:25Z,174.4,18.6137404580153,120.991,148,108.015625,0,0
running,2025,4,7,2025-04-07T23:30:25Z,707.04,8.96171065820247,236.235,144,158.578125,2,7
running,2025,4,10,2025-04-10T23:06:34Z,1609.34,7.60272108843537,456.145,147,165.4375,4,37
running,2025,4,10,2025-04-10T23:07:36Z,101.44,16.3850946854001,61.963,153,98.625,0,0
running,2025,4,10,2025-04-10T23:14:43Z,1609.34,7.11847133757962,427.102,155,168.296875,2,0
running,2025,4,10,2025-04-10T23:15:49Z,102.02,17.3495472186287,65.991,149,97.703125,0,0
running,2025,4,10,2025-04-10T23:22:33Z,1609.34,6.73760361718161,404.206,159,170.46875,0,0
running,2025,4,10,2025-04-10T23:23:36Z,98.42,17.1938461538462,63.07,162,118.546875,0,0
running,2025,4,10,2025-04-10T23:30:35Z,1609.34,6.98681948424069,419.174,160,169.640625,0,5
running,2025,4,10,2025-04-10T23:31:23Z,82.57,14.7214050493963,45.325,162,126.046875,0,0
running,2025,4,13,2025-04-13T00:26:17Z,1609.34,8.31186860861481,498.659,141,166.625,4,2
running,2025,4,13,2025-04-13T00:34:13Z,1609.34,7.93092844470727,475.916,149,170.09375,4,4
running,2025,4,13,2025-04-13T00:42:15Z,1609.34,8.04511097780444,482.665,152,170.5,3,0
running,2025,4,13,2025-04-13T00:50:03Z,1609.34,7.79267867518884,467.617,153,170.359375,2,4
running,2025,4,13,2025-04-13T00:50:21Z,55.81,6.70895447723862,13.959,158,170.921875,0,0
running,2025,4,14,2025-04-14T00:15:29Z,468.9,7.69432013769363,134.511,130,165.25,0,0
running,2025,4,14,2025-04-14T00:18:33Z,902.14,5.47731264039208,184.236,155,184.59375,2,0
running,2025,4,14,2025-04-14T00:19:42Z,227.12,8.13539581437671,68.878,156,160.859375,0,0
running,2025,4,14,2025-04-14T00:20:36Z,50.86,28.5344680851064,54.12,149,97.515625,0,0
running,2025,4,14,2025-04-14T00:21:24Z,149.05,8.53129770992366,47.411,132,144.796875,0,0
running,2025,4,14,2025-04-14T00:22:54Z,493.58,4.92787065956274,90.681,151,187.9375,0,0
running,2025,4,14,2025-04-14T00:23:56Z,101.95,16.1289236319904,61.307,157,97.234375,0,0
running,2025,4,14,2025-04-14T00:24:44Z,136.2,9.47118644067797,48.085,134,152.453125,0,0
running,2025,4,14,2025-04-14T00:26:53Z,650.97,5.30191737497529,128.671,156,185.65625,0,0
running,2025,4,14,2025-04-14T00:27:46Z,81.8,17.6928759894459,53.949,160,104.328125,0,0
running,2025,4,14,2025-04-14T00:30:18Z,453.64,8.94676450967311,151.324,147,158.25,0,0
running,2025,4,14,2025-04-14T00:31:42Z,428.8,5.2675569520817,84.203,164,186.234375,3,2
running,2025,4,14,2025-04-14T00:32:45Z,111.27,15.2313458262351,63.197,159,100.78125,0,0
running,2025,4,14,2025-04-14T00:33:54Z,199.98,8.85227722772277,65.995,144,154.703125,0,0
running,2025,4,15,2025-04-15T23:10:24Z,481.65,6.76308623298033,121.446,143,163.03125,0,0
running,2025,4,15,2025-04-15T23:16:13Z,1609.34,5.81452417082159,348.886,169,175.109375,2,0
running,2025,4,15,2025-04-15T23:22:03Z,1609.34,5.82209680920339,349.355,181,174.203125,0,0
running,2025,4,15,2025-04-15T23:27:51Z,1609.34,5.80069204152249,348.027,189,171.421875,2,2
running,2025,4,15,2025-04-15T23:28:54Z,108.09,15.76860670194,63.54,175,119,2,0
running,2025,4,15,2025-04-15T23:31:01Z,384.1,8.63567289117836,123.665,155,156.21875,0,2
running,2025,4,18,2025-04-18T00:35:21Z,1609.34,8.57493606138107,514.572,139,163.421875,12,2
running,2025,4,18,2025-04-18T00:43:13Z,1609.34,7.86119577960141,471.729,145,166.09375,0,9
running,2025,4,18,2025-04-18T00:51:10Z,1609.34,7.96626076626077,477.912,148,165.5,4,6
running,2025,4,18,2025-04-18T00:59:16Z,1609.34,8.09610624811349,485.702,146,164.3125,5,2
running,2025,4,18,2025-04-18T01:06:53Z,1609.34,7.61567291311755,456.949,153,167.265625,7,9
running,2025,4,18,2025-04-18T01:07:47Z,142.62,6.93443640124095,36.87,161,168.484375,0,0
running,2025,4,18,2025-04-18T23:38:12Z,1609.34,7.51748878923767,451.044,142,167.9375,0,0
running,2025,4,18,2025-04-18T23:46:18Z,1609.34,7.49857422421023,486.491,153,166.890625,0,0
running,2025,4,18,2025-04-18T23:53:42Z,1609.34,7.39724214009928,443.817,160,166.40625,0,2
running,2025,4,19,2025-04-19T00:01:17Z,1609.34,7.50276923076923,454.553,165,164.765625,2,0
running,2025,4,19,2025-04-19T00:06:46Z,1186.19,7.2200269179004,319.291,170,165.5,11,7
cycling,2025,4,19,2025-04-19T22:51:40Z,8046.72,11.2746532156368,3381.767,137,513.984375,294,239
cycling,2025,4,19,2025-04-19T23:21:31Z,3800.49,12.4639405204461,1766.05,135,513.984375,102,155
running,2025,4,21,2025-04-21T22:55:05Z,488.33,8.31960297766749,151.458,119,162.875,0,0
running,2025,4,21,2025-04-21T23:00:41Z,1609.34,5.59499374217772,335.725,156,182.859375,0,2
running,2025,4,21,2025-04-21T23:01:48Z,122.5,14.7944842801986,67.586,149,101.765625,0,0
running,2025,4,21,2025-04-21T23:07:27Z,1609.34,5.64444444444444,338.698,149,181.0625,2,0
running,2025,4,21,2025-04-21T23:08:33Z,103.26,17.0625954198473,65.685,157,103.609375,0,0
running,2025,4,21,2025-04-21T23:14:10Z,1609.34,5.61255492780917,336.731,146,181.109375,8,7
running,2025,4,21,2025-04-21T23:15:15Z,104.77,16.806015037594,65.632,156,124.34375,2,4
running,2025,4,21,2025-04-21T23:20:20Z,878.73,9.22365887207703,302.173,157,159.25,4,7
running,2025,4,22,2025-04-22T23:13:52Z,1609.34,9.50811768876285,570.398,143,169.46875,11,7
running,2025,4,22,2025-04-22T23:21:44Z,1609.34,7.87042253521127,472.259,149,168.515625,5,7
running,2025,4,22,2025-04-22T23:22:55Z,113.01,16.8694339622642,71.078,143,122.859375,0,0
running,2025,4,22,2025-04-22T23:30:13Z,1609.34,7.29662676822633,437.761,153,165.3125,0,0
running,2025,4,22,2025-04-22T23:31:09Z,74.64,20.1672180451128,56.125,136,120.921875,0,2
running,2025,4,22,2025-04-22T23:39:18Z,1609.34,8.14775212636695,488.859,149,163.984375,13,10
running,2025,4,22,2025-04-22T23:41:37Z,449.27,7.58337574215437,127.007,162,167.890625,0,2
running,2025,4,25,2025-04-25T00:54:17Z,460.8,7.43002770083102,127.644,120,171.515625,0,0
running,2025,4,25,2025-04-25T01:00:29Z,1609.34,6.19168975069252,371.526,152,178.390625,2,0
running,2025,4,25,2025-04-25T01:06:40Z,1609.34,6.1859778597786,371.194,159,174,2,0
running,2025,4,25,2025-04-25T01:12:50Z,1609.34,6.16606896551724,369.921,161,173.84375,0,2
running,2025,4,25,2025-04-25T01:18:59Z,1609.34,6.15757575757576,369.459,162,174.4375,0,0
running,2025,4,25,2025-04-25T01:21:30Z,507.73,7.85659050966608,148.715,158,163.859375,2,3
running,2025,4,26,2025-04-26T18:17:02Z,1609.34,8.04511097780444,482.776,141,169.640625,12,0
running,2025,4,26,2025-04-26T18:24:42Z,1609.34,7.66354285714286,459.813,146,170.28125,0,11
running,2025,4,26,2025-04-26T18:31:59Z,1609.34,7.28078175895765,436.815,156,170.4375,9,12
running,2025,4,26,2025-04-26T18:39:51Z,1609.34,7.2200269179004,471.728,155,167.75,11,7
running,2025,4,26,2025-04-26T18:46:55Z,1043.8,7.14311584553928,277.996,164,170.5,7,4
running,2025,4,28,2025-04-28T23:39:44Z,478.22,7.50486849468383,133.818,122,161.359375,0,0
running,2025,4,28,2025-04-28T23:45:51Z,1609.34,6.11545827633379,366.947,155,175.1875,0,0
running,2025,4,28,2025-04-28T23:52:04Z,1609.34,6.21752433936022,373.018,170,175.015625,0,2
running,2025,4,28,2025-04-28T23:58:15Z,1609.34,6.1859778597786,371.186,176,174.640625,0,0
running,2025,4,29,2025-04-29T00:04:20Z,1609.34,6.08631722260041,365.182,183,175.21875,0,0
running,2025,4,29,2025-04-29T00:05:39Z,107.73,19.5072,78.327,159,113.3125,0,0
running,2025,4,29,2025-04-29T00:08:22Z,530.69,8.08147032238626,159.874,151,159.390625,0,0
running,2025,4,30,2025-04-30T21:23:59Z,1609.34,7.30855585831063,438.532,142,167.53125,0,20
running,2025,4,30,2025-04-30T21:31:00Z,1609.34,7.01606068532566,420.966,160,166.5,0,0
running,2025,4,30,2025-04-30T21:38:08Z,1609.34,7.14501864677677,428.737,165,162.46875,9,8
running,2025,4,30,2025-04-30T21:45:20Z,1609.34,7.20064429530201,432.008,169,163.375,8,4
running,2025,4,30,2025-04-30T21:52:09Z,1609.34,6.80598832783558,408.383,177,166.453125,4,2
running,2025,4,30,2025-04-30T21:52:17Z,20.68,7.35666483817883,5.673,179,168.796875,0,0
running,2025,5,2,2025-05-02T22:59:46Z,1456.96,8.15766423357664,443.103,142,167.5625,0,0
running,2025,5,2,2025-05-02T23:00:48Z,347.53,4.77776986106163,61.901,160,191.65625,0,0
running,2025,5,2,2025-05-02T23:01:50Z,192.98,8.65238709677419,62.26,165,164.625,0,0
running,2025,5,2,2025-05-02T23:02:51Z,351.77,4.63975090814738,60.851,164,193.453125,0,0
running,2025,5,2,2025-05-02T23:03:53Z,183.92,9.04634064080944,62.03,164,144.140625,0,0
running,2025,5,2,2025-05-02T23:04:54Z,327.38,4.95976331360947,60.531,162,189.015625,0,0
running,2025,5,2,2025-05-02T23:05:56Z,176.25,9.49801699716714,62.419,164,161.765625,0,0
running,2025,5,2,2025-05-02T23:06:57Z,328.39,4.99300074460164,61.13,164,187.96875,2,0
running,2025,5,2,2025-05-02T23:07:59Z,175.26,9.50474840538625,62.097,166,160.578125,0,0
running,2025,5,2,2025-05-02T23:09:00Z,339.43,4.78202888215368,60.518,169,189.203125,0,0
running,2025,5,2,2025-05-02T23:10:03Z,100,16.9013232514178,63.02,162,115.578125,0,0
running,2025,5,2,2025-05-02T23:13:54Z,647.15,9.44450704225352,227.875,150,156.90625,5,8
running,2025,5,4,2025-05-04T18:10:28Z,383.28,7.68329991406474,109.777,118,166.40625,0,39
running,2025,5,4,2025-05-04T18:16:30Z,1609.34,6.04516565246788,362.686,151,175.34375,2,2
running,2025,5,4,2025-05-04T18:22:39Z,1609.34,6.15051593671176,369.048,170,172.546875,2,2
running,2025,5,4,2025-05-04T18:28:47Z,1609.34,6.13223593964335,367.965,173,170.96875,7,7
running,2025,5,4,2025-05-04T18:34:53Z,1609.34,6.0987721691678,365.895,178,169.890625,4,2
running,2025,5,4,2025-05-04T18:40:52Z,1609.34,5.98313629266117,358.974,182,171.3125,4,4
running,2025,5,4,2025-05-04T18:42:23Z,151.09,16.1095495495496,90.746,153,111.90625,0,2
running,2025,5,4,2025-05-04T18:44:17Z,330.42,9.08617886178862,111.934,138,157.21875,0,7
running,2025,5,6,2025-05-06T23:21:48Z,1609.34,8.16262933657943,489.827,139,164.984375,9,0
running,2025,5,6,2025-05-06T23:30:02Z,1609.34,8.24036866359447,494.356,146,163.5,2,8
running,2025,5,6,2025-05-06T23:37:56Z,1609.34,7.905216622458,474.3,151,165.09375,4,3
running,2025,5,6,2025-05-06T23:45:43Z,1609.34,7.78363319791062,467.017,156,164.609375,2,2
running,2025,5,6,2025-05-06T23:53:13Z,1609.34,7.50276923076923,450.187,157,165.71875,4,2
running,2025,5,6,2025-05-06T23:53:56Z,119.84,7.35868312757202,38.346,162,165.140625,0,0
cycling,2025,5,7,2025-05-07T22:18:31Z,8046.72,8.85519973588643,2656.386,148,513.984375,451,246
cycling,2025,5,7,2025-05-07T22:33:11Z,4115.95,5.70932311621967,876.159,134,513.984375,23,229
running,2025,5,8,2025-05-08T17:26:28Z,1609.34,8.26576271186441,495.92,138,171.53125,9,0
running,2025,5,8,2025-05-08T17:34:51Z,1609.34,8.39774577332498,503.922,140,170.171875,2,11
running,2025,5,8,2025-05-08T17:43:09Z,1609.34,8.28875154511743,497.251,142,168.078125,5,2
running,2025,5,8,2025-05-08T17:51:16Z,1609.34,8.1181598062954,487.081,145,168.125,5,2
running,2025,5,8,2025-05-08T17:59:02Z,1609.34,7.77686285879965,466.586,150,169.90625,7,11
running,2025,5,8,2025-05-08T17:59:32Z,98.6,7.54922600619195,27.748,153,170.359375,0,0
running,2025,5,10,2025-05-10T14:41:54Z,1609.34,8.86984126984127,532.245,131,165.875,16,0
running,2025,5,10,2025-05-10T14:50:20Z,1609.34,8.42676720075401,505.584,141,167.390625,2,10
running,2025,5,10,2025-05-10T14:58:29Z,1609.34,8.14527786213179,488.758,147,168.5,5,7
running,2025,5,10,2025-05-10T15:06:37Z,1609.34,8.13539581437671,488.088,148,168.359375,7,4
running,2025,5,10,2025-05-10T15:14:34Z,1609.34,7.95444839857651,477.275,150,169.953125,7,9
running,2025,5,10,2025-05-10T15:15:25Z,190.22,6.64908279623203,47.154,149,168.453125,0,0
running,2025,5,12,2025-05-12T23:33:17Z,596.48,7.7949433304272,173.356,131,167.421875,0,0
running,2025,5,12,2025-05-12T23:38:37Z,1609.34,5.32613185067514,319.593,169,187.84375,2,0
running,2025,5,12,2025-05-12T23:40:17Z,153.03,17.5195297191378,99.957,149,112.984375,0,2
running,2025,5,12,2025-05-12T23:46:45Z,1609.34,6.47727602028496,388.633,167,173,2,0
running,2025,5,12,2025-05-12T23:50:13Z,776.77,7.16027762947144,207.372,175,168.546875,3,2
running,2025,5,12,2025-05-12T23:51:16Z,73.27,23.0829604130809,63.077,146,108.53125,0,2
running,2025,5,12,2025-05-12T23:58:40Z,1178.58,10.0383233532934,441.01,144,157.296875,12,21
running,2025,5,14,2025-05-14T23:46:46Z,1609.34,8.47469194312796,508.49,133,163.953125,2,0
running,2025,5,14,2025-05-14T23:49:23Z,532.31,7.905216622458,156.889,149,164.703125,0,0
running,2025,5,14,2025-05-14T23:53:16Z,1101.05,5.68753180661578,233.469,156,177.453125,2,2
running,2025,5,14,2025-05-14T23:55:57Z,554.7,7.7521387283237,160.31,154,159.078125,0,0
running,2025,5,14,2025-05-14T23:59:40Z,1101.38,5.44838513101767,223.722,153,176.1875,5,3
running,2025,5,15,2025-05-15T00:00:34Z,78.79,18.3338345864662,53.857,161,126.203125,0,2
running,2025,5,15,2025-05-15T00:03:21Z,506.19,8.72273170731707,164.633,148,157.703125,0,3
running,2025,5,17,2025-05-17T02:49:11Z,871.83,7.7364868762619,288.111,133,159.921875,0,0
running,2025,5,17,2025-05-17T02:55:22Z,1609.34,6.18027649769585,370.78,154,179.4375,2,0
running,2025,5,17,2025-05-17T03:01:32Z,1609.34,6.16748677856979,370.01,160,175.71875,3,6
running,2025,5,17,2025-05-17T03:09:05Z,1609.34,7.55560563380282,453.371,161,163.515625,0,2
running,2025,5,17,2025-05-17T03:11:20Z,467.4,7.7364868762619,134.811,160,164.5,2,2
running,2025,5,17,2025-05-17T03:17:33Z,1609.34,6.21752433936022,373.03,167,177.078125,29,20
running,2025,5,17,2025-05-17T03:23:44Z,1609.34,6.17174413253567,370.288,173,179.59375,29,29
running,2025,5,17,2025-05-17T03:24:32Z,87.87,14.7863285556781,48.44,174,75.0625,0,0
running,2025,5,17,2025-05-17T03:31:01Z,1276.43,8.13046377690209,386.875,155,161.09375,5,5
running,2025,5,17,2025-05-17T22:47:34Z,1609.34,7.47975460122699,448.817,141,172.71875,2,0
running,2025,5,17,2025-05-17T22:55:03Z,1609.34,7.3809576224546,449.396,151,173.546875,0,0
running,2025,5,17,2025-05-17T22:56:42Z,343.02,6.8180986273513,87.188,148,175.453125,0,0
running,2025,5,20,2025-05-20T00:41:58Z,1609.34,8.58042226487524,514.84,136,165.40625,11,0
running,2025,5,20,2025-05-20T00:50:37Z,1609.34,8.63845410628019,518.307,143,164.171875,2,11
running,2025,5,20,2025-05-20T00:58:49Z,1609.34,8.20507800550627,492.319,149,164.609375,4,5
running,2025,5,20,2025-05-20T01:00:20Z,149.38,16.4453709380748,91.578,132,113.125,0,0
running,2025,5,20,2025-05-20T01:08:01Z,1609.34,7.67670291929021,460.6,148,163.78125,2,2
running,2025,5,20,2025-05-20T01:15:24Z,1609.34,7.38909090909091,443.394,163,166.546875,8,6
running,2025,5,20,2025-05-20T01:22:46Z,1609.34,7.36474464579901,441.882,166,167.0625,17,17
running,2025,5,20,2025-05-20T01:25:26Z,603.2,6.98681948424069,157.116,171,166.46875,2,2
running,2025,5,20,2025-05-20T23:41:11Z,713.84,8.93484343770819,237.802,125,163.765625,0,2
running,2025,5,20,2025-05-20T23:44:54Z,1082.6,5.52128447920955,222.827,146,183.296875,2,0
running,2025,5,20,2025-05-20T23:45:56Z,92.59,17.7985401459854,61.433,152,94.0625,0,0
running,2025,5,20,2025-05-20T23:49:28Z,1075.43,5.30611275964392,212.738,153,180.65625,2,0
running,2025,5,20,2025-05-20T23:50:31Z,72.01,23.4052356020942,62.809,157,103.65625,0,0
running,2025,5,20,2025-05-20T23:54:05Z,1082.29,5.28520197044335,213.27,150,181.5625,2,5
running,2025,5,20,2025-05-20T23:55:08Z,87.45,19.4365217391304,63.36,153,110.546875,0,0
running,2025,5,20,2025-05-20T23:58:44Z,1074.32,5.39577549788775,216.135,149,178.03125,12,3
running,2025,5,21,2025-05-21T00:00:22Z,143.7,18.3463748290014,98.315,151,108.375,0,7
running,2025,5,21,2025-05-21T00:07:27Z,1195.61,9.45782792665726,421.524,151,157.5,4,4
running,2025,5,22,2025-05-22T23:13:36Z,1609.34,7.62866894197952,457.734,134,166.15625,2,4
running,2025,5,22,2025-05-22T23:21:25Z,1609.34,7.48392857142857,468.858,148,165.453125,2,2
running,2025,5,22,2025-05-22T23:28:57Z,1609.34,7.54497890295359,452.676,150,166.890625,2,0
running,2025,5,22,2025-05-22T23:36:05Z,1609.34,7.12982456140351,427.819,156,167.609375,0,2
running,2025,5,22,2025-05-22T23:40:57Z,1088.56,7.09962943356273,288.118,164,167.609375,2,2
cycling,2025,5,24,2025-05-24T00:45:20Z,8046.72,8.5639846743295,2568.905,127,513.984375,194,241
cycling,2025,5,24,2025-05-24T01:34:13Z,8046.72,9.77849070360919,2933.059,131,513.984375,263,209
cycling,2025,5,24,2025-05-24T01:37:05Z,603.65,6.15474988526847,138.516,116,513.984375,0,4
cycling,2025,5,24,2025-05-24T18:29:47Z,8046.72,4.54539908490086,1363.572,129,513.984375,28,452
cycling,2025,5,24,2025-05-24T18:54:15Z,8046.72,4.89192048148824,1467.705,125,513.984375,3,557
cycling,2025,5,24,2025-05-24T19:06:17Z,3015.31,5.37846400641668,604.634,115,513.984375,14,67
cycling,2025,5,24,2025-05-24T20:53:16Z,8046.72,6.35300805305542,1905.735,126,513.984375,73,431
cycling,2025,5,24,2025-05-24T21:40:00Z,8046.72,9.34904147786685,2804.274,141,513.984375,104,343
cycling,2025,5,24,2025-05-24T22:12:43Z,8046.72,6.54204878048781,1962.778,143,513.984375,86,373
cycling,2025,5,24,2025-05-24T22:54:13Z,8046.72,8.30157845868152,2490.691,142,513.984375,137,225
cycling,2025,5,24,2025-05-24T23:09:18Z,2313.95,10.4245627671978,899.45,143,513.984375,43,82
running,2025,5,29,2025-05-29T03:14:56Z,1454.97,8.58042226487524,465.41,133,164.6875,4,2
running,2025,5,29,2025-05-29T03:21:05Z,1609.34,6.14206549118388,368.542,165,179.953125,14,13
running,2025,5,29,2025-05-29T03:27:16Z,1609.34,6.19311937196952,371.566,177,175.4375,5,5
running,2025,5,29,2025-05-29T03:33:17Z,1609.34,6.01533976227854,360.89,183,175.03125,11,15
running,2025,5,29,2025-05-29T03:34:56Z,138.55,19.2137535816619,99.245,150,107.25,0,2
running,2025,5,29,2025-05-29T03:44:54Z,1609.34,9.96374442793462,597.741,139,159.875,19,17
running,2025,5,29,2025-05-29T03:46:35Z,291.14,9.08310193024043,98.607,142,163.65625,0,0
running,2025,5,31,2025-05-31T00:16:18Z,1609.34,9.14192229038855,548.533,137,163.5,11,0
running,2025,5,31,2025-05-31T00:24:57Z,1609.34,8.65797288573273,519.407,141,163.71875,2,9
running,2025,5,31,2025-05-31T00:33:30Z,1609.34,8.54760994263862,512.793,150,163.4375,17,18
running,2025,5,31,2025-05-31T00:41:44Z,1609.34,8.23278084714549,493.947,156,163.515625,13,17
running,2025,5,31,2025-05-31T00:49:58Z,1609.34,8.23278084714549,493.924,162,164.1875,22,21
running,2025,5,31,2025-05-31T00:57:51Z,1609.34,7.87735682819383,472.666,170,163.84375,45,38
running,2025,5,31,2025-05-31T00:59:00Z,242.54,7.43620737454949,67.235,174,164.296875,0,4
running,2025,6,1,2025-06-01T22:53:02Z,1609.34,8.77696335078534,526.655,132,164.28125,12,0
running,2025,6,1,2025-06-01T22:56:34Z,643.65,8.82896642527979,211.898,134,163.5625,0,10
running,2025,6,1,2025-06-01T23:02:10Z,1609.34,5.59966597077244,335.982,149,183.09375,4,2
running,2025,6,1,2025-06-01T23:03:19Z,122.49,15.0687640449438,68.825,148,101.90625,2,0
running,2025,6,1,2025-06-01T23:05:09Z,296.06,9.98972067039106,110.246,129,154.3125,0,8
running,2025,6,1,2025-06-01T23:10:43Z,1609.34,5.56365899191039,333.818,164,183.046875,19,8
running,2025,6,1,2025-06-01T23:13:19Z,231.79,18.0137004701142,155.633,136,104.5625,0,4
running,2025,6,1,2025-06-01T23:21:49Z,1609.34,8.50155309033281,510.015,154,159.921875,2,8
running,2025,6,1,2025-06-01T23:22:51Z,102.43,16.2363196125908,61.986,148,98.03125,0,0
running,2025,6,1,2025-06-01T23:31:28Z,1609.34,8.61072231139647,516.637,157,159.5,11,10
running,2025,6,1,2025-06-01T23:35:40Z,822.36,8.14775212636695,249.817,162,162.234375,2,2
running,2025,6,2,2025-06-02T23:34:54Z,1609.34,8.90517928286853,534.293,131,167.015625,2,2
running,2025,6,2,2025-06-02T23:43:10Z,1609.34,8.25812807881773,495.538,137,169.4375,0,0
running,2025,6,2,2025-06-02T23:51:04Z,1609.34,7.90754716981132,474.438,145,169,13,2
running,2025,6,2,2025-06-02T23:53:18Z,474.69,7.4156483273431,131.243,151,168.46875,3,5
running,2025,6,4,2025-06-04T03:32:25Z,1433.79,8.27086031452359,442.124,136,165.546875,4,0
running,2025,6,4,2025-06-04T03:38:09Z,1609.34,5.73373236425823,343.993,156,180.546875,3,0
running,2025,6,4,2025-06-04T03:43:42Z,1609.34,5.55099337748344,333.034,161,176.15625,9,10
running,2025,6,4,2025-06-04T03:46:50Z,238.66,21.12,187.863,147,92,0,5
running,2025,6,4,2025-06-04T03:50:16Z,553.59,9.96744704570792,205.749,131,155.328125,2,3
running,2025,6,4,2025-06-04T03:54:41Z,785.82,9.03415291343887,264.655,149,161.21875,0,3
running,2025,6,4,2025-06-04T03:55:50Z,255.97,7.26894308943089,69.371,158,168.515625,2,0
running,2025,6,4,2025-06-04T03:56:28Z,179.58,5.69598640900404,38.132,160,187.421875,3,0
running,2025,6,4,2025-06-04T04:00:42Z,755.93,8.90517928286853,250.986,152,161.3125,2,5
running,2025,6,6,2025-06-06T23:41:50Z,567.73,7.7120184013801,163.212,132,162.25,0,2
running,2025,6,6,2025-06-06T23:43:09Z,424,4.98928571428571,78.871,144,190.359375,0,0
running,2025,6,6,2025-06-06T23:44:13Z,233.74,7.40950276243094,64.574,149,167.421875,0,2
running,2025,6,6,2025-06-06T23:45:36Z,462.47,4.78629550321199,82.524,156,189.796875,3,3
running,2025,6,6,2025-06-06T23:46:54Z,243.33,8.61072231139647,78.122,164,160.71875,0,0
running,2025,6,6,2025-06-06T23:48:08Z,416.1,4.79742443212305,74.426,155,192.21875,2,0
running,2025,6,6,2025-06-06T23:49:32Z,240.59,9.27789692148046,83.224,166,158,0,0
running,2025,6,6,2025-06-06T23:50:54Z,453.98,4.85913043478261,82.244,163,191.390625,0,2
running,2025,6,6,2025-06-06T23:54:09Z,619.07,8.47201516108654,195.559,164,159.46875,2,0
running,2025,6,6,2025-06-06T23:57:03Z,816.77,5.71418832552194,174.011,170,180.296875,14,18
running,2025,6,6,2025-06-06T23:58:52Z,168.92,17.0952198852772,107.692,151,86.828125,0,2
running,2025,6,7,2025-06-07T00:01:43Z,822.83,5.58450968144909,171.304,157,178.40625,21,14
running,2025,6,7,2025-06-07T00:03:19Z,136.82,18.7963559915907,95.879,153,108.90625,0,2
running,2025,6,7,2025-06-07T00:05:36Z,429.15,8.40827586206897,134.546,147,153.578125,4,4
running,2025,6,8,2025-06-08T22:48:48Z,1609.34,8.20256880733945,492.109,138,166.0625,12,0
running,2025,6,8,2025-06-08T22:55:07Z,1609.34,6.30373678025852,378.22,161,173.359375,0,7
running,2025,6,8,2025-06-08T23:01:31Z,1609.34,6.41224001912503,384.727,171,173.203125,9,10
running,2025,6,8,2025-06-08T23:07:54Z,1609.34,6.37111638954869,382.253,180,171.453125,7,3
running,2025,6,8,2025-06-08T23:09:56Z,194.48,16.8271016311167,122.03,145,114.265625,0,2
running,2025,6,8,2025-06-08T23:16:11Z,1609.34,6.25668299510147,375.407,179,170.921875,7,9
running,2025,6,8,2025-06-08T23:19:22Z,831.42,6.15474988526847,190.789,189,168.578125,2,0
running,2025,6,8,2025-06-08T23:21:25Z,198.86,16.6909769757312,123.728,158,117.765625,0,2
running,2025,6,8,2025-06-08T23:25:29Z,1029.38,6.33350649350649,243.071,181,167.6875,3,3
running,2025,6,8,2025-06-08T23:26:37Z,109.03,16.7326263256394,68.019,171,116.125,0,0
running,2025,6,8,2025-06-08T23:30:38Z,1034.27,6.25814279048064,241.292,186,168.8125,4,4
running,2025,6,8,2025-06-08T23:34:24Z,306.88,19.8097488921713,226.577,144,97.71875,0,2
running,2025,6,8,2025-06-08T23:42:30Z,1609.34,8.08878166465621,485.336,171,160.171875,16,10
running,2025,6,8,2025-06-08T23:44:11Z,334.13,7.00872746276457,87.304,183,163.375,0,7
running,2025,6,11,2025-06-11T01:09:40Z,1609.34,9.08002708192281,544.768,122,162.140625,2,4
running,2025,6,11,2025-06-11T01:19:13Z,1609.34,9.54873620505518,572.985,127,163.796875,2,2
running,2025,6,11,2025-06-11T01:29:01Z,1609.34,9.79277108433735,587.559,127,163.921875,0,0
running,2025,6,11,2025-06-11T01:29:50Z,51.63,9.13880749574106,17.589,126,164.4375,0,0
running,2025,6,13,2025-06-13T19:45:42Z,1609.34,7.67450643776824,460.511,139,167.75,8,2
running,2025,6,13,2025-06-13T19:48:10Z,446.92,8.87864945382324,147.95,143,164.3125,0,7
running,2025,6,13,2025-06-13T19:53:39Z,1609.34,5.46726457399103,328.068,146,184.828125,5,4
running,2025,6,13,2025-06-13T19:54:56Z,124.32,16.6185873605948,77.019,146,118.359375,0,0
running,2025,6,13,2025-06-13T19:56:19Z,377.1,5.90801762114537,83.057,131,178.125,3,2
running,2025,6,13,2025-06-13T19:59:20Z,576.5,8.42676720075401,181.145,142,161.765625,0,0
running,2025,6,13,2025-06-13T20:02:17Z,869.91,5.45725330620549,176.998,148,183.1875,19,19
running,2025,6,13,2025-06-13T20:04:03Z,159.71,17.8103585657371,106.051,134,104.65625,3,2
running,2025,6,13,2025-06-13T20:05:11Z,393.07,4.63975090814738,67.998,140,186.875,2,0
running,2025,6,13,2025-06-13T20:06:38Z,124.59,18.7831932773109,87.225,143,90.515625,0,3
running,2025,6,13,2025-06-13T20:07:44Z,383.96,4.64215991692627,66.447,141,186.171875,2,0
running,2025,6,13,2025-06-13T20:10:22Z,239.55,17.6,157.172,131,104.90625,0,2
running,2025,6,13,2025-06-13T20:19:45Z,1609.34,9.38830941547077,563.354,152,157.296875,31,33
running,2025,6,13,2025-06-13T20:21:52Z,426.59,7.84280701754386,124.717,156,161.78125,5,2
running,2025,6,16,2025-06-16T23:52:42Z,1609.34,8.84060646011866,530.473,133,164.3125,14,17
running,2025,6,17,2025-06-17T00:01:32Z,1609.34,8.83187355943365,529.913,134,164.734375,20,18
running,2025,6,17,2025-06-17T00:09:49Z,1609.34,8.28107440568077,496.868,142,165.59375,19,4
running,2025,6,17,2025-06-17T00:17:50Z,1609.34,8.0019093078759,480.177,149,166.734375,9,15
running,2025,6,17,2025-06-17T00:18:03Z,25.41,7.79041533546326,7.381,142,168,0,2
running,2025,6,17,2025-06-17T22:57:04Z,1609.34,8.35588785046729,501.402,146,167.140625,11,19
running,2025,6,17,2025-06-17T23:03:40Z,1609.34,6.59513154659454,395.733,160,171.59375,14,0
running,2025,6,17,2025-06-17T23:09:58Z,1609.34,6.30521861777151,378.334,166,175.859375,25,24
running,2025,6,17,2025-06-17T23:16:08Z,1609.34,6.16323529411765,369.821,182,174.15625,9,16
running,2025,6,17,2025-06-17T23:16:19Z,43,6.95782101167315,11.155,177,172.796875,0,0
running,2025,6,17,2025-06-17T23:18:23Z,159.92,20.712277992278,123.528,151,106.8125,0,14
running,2025,6,17,2025-06-17T23:27:26Z,1609.34,9.04329062710721,542.523,164,159.671875,28,15
running,2025,6,17,2025-06-17T23:28:17Z,138.6,8.48541600759253,43.842,165,161.609375,0,0
running,2025,6,19,2025-06-19T03:32:35Z,1609.34,8.97370357979257,538.344,136,169.4375,12,16
running,2025,6,19,2025-06-19T03:41:48Z,1609.34,9.21415321195465,552.816,134,167.265625,20,17
running,2025,6,19,2025-06-19T03:50:29Z,1609.34,8.6860103626943,521.116,140,164.953125,20,4
running,2025,6,19,2025-06-19T03:53:40Z,222.55,8.04752475247525,66.775,143,167.984375,0,5
cycling,2025,6,19,2025-06-19T22:52:59Z,8046.72,7.43414634146341,2230.207,126,513.984375,222,244
cycling,2025,6,19,2025-06-19T23:33:56Z,8046.72,8.19254734270006,2457.586,140,513.984375,249,215
cycling,2025,6,19,2025-06-19T23:35:09Z,402.11,4.72391687213808,70.821,137,513.984375,0,8
running,2025,6,20,2025-06-20T21:26:29Z,1609.34,7.86811381636844,472.15,147,174.53125,14,16
running,2025,6,20,2025-06-20T21:34:31Z,1609.34,8.01865470852018,481.177,157,173.609375,44,15
running,2025,6,20,2025-06-20T21:42:36Z,1609.34,8.09610624811349,485.78,140,171.828125,16,43
running,2025,6,20,2025-06-20T21:50:26Z,1609.34,7.82678727750219,469.653,143,170,14,8
running,2025,6,20,2025-06-20T21:50:39Z,18.45,10.3801857585139,7.139,141,170.140625,0,0
running,2025,6,21,2025-06-21T18:25:51Z,1609.34,8.50155309033281,510.162,148,173.828125,10,47
running,2025,6,21,2025-06-21T18:34:24Z,1609.34,8.56125119693584,513.647,148,170.4375,39,22
running,2025,6,21,2025-06-21T18:42:46Z,1609.34,8.36631316281971,501.992,146,169.125,9,23
running,2025,6,21,2025-06-21T18:52:54Z,1609.34,8.60795892169448,607.858,132,165.9375,34,4
running,2025,6,21,2025-06-21T19:01:17Z,1609.34,8.37676452217364,502.644,146,167.59375,21,18
running,2025,6,21,2025-06-21T19:01:26Z,19.8,8.31186860861481,6.135,154,168.171875,0,0
cycling,2025,6,22,2025-06-22T19:07:36Z,8046.72,7.29265905383361,2187.587,122,513.984375,217,259
cycling,2025,6,22,2025-06-22T19:42:55Z,5037.1,11.2604534005038,2114.54,119,513.984375,75,34
running,2025,6,23,2025-06-23T21:54:27Z,1609.34,8.63289346636627,517.933,138,166.921875,14,11
running,2025,6,23,2025-06-23T22:03:32Z,1397.65,9.62411194833154,544.204,131,160.5625,12,13
running,2025,6,23,2025-06-23T22:04:53Z,412.78,5.27273442107332,81.138,139,187.578125,0,0
running,2025,6,23,2025-06-23T22:06:15Z,410.25,5.3903536977492,82.439,151,186.53125,0,0
running,2025,6,23,2025-06-23T22:07:38Z,416.78,5.31241830065359,82.555,153,185.828125,0,0
running,2025,6,23,2025-06-23T22:09:02Z,408.34,5.50767967145791,83.84,152,184.6875,0,0
running,2025,6,23,2025-06-23T22:11:25Z,209.3,18.3840986977382,143.45,125,108.234375,0,0
running,2025,6,23,2025-06-23T22:12:45Z,413.2,5.20621118012422,80.194,115,182.40625,0,0
running,2025,6,23,2025-06-23T22:14:08Z,416.92,5.30821294280625,82.507,137,183.78125,0,0
running,2025,6,23,2025-06-23T22:15:31Z,413.87,5.37523046092184,82.946,149,182.875,0,0
running,2025,6,23,2025-06-23T22:16:53Z,404.63,5.48291087489779,82.713,154,182.96875,3,2
running,2025,6,23,2025-06-23T22:19:16Z,200.46,19.0770981507824,142.553,134,110.015625,0,2
running,2025,6,23,2025-06-23T22:20:38Z,396.88,5.54754912099276,82.086,138,180.9375,0,2
running,2025,6,23,2025-06-23T22:22:03Z,403.24,5.65634753268663,85.029,163,181.828125,0,0
running,2025,6,23,2025-06-23T22:23:27Z,407.24,5.53838529836878,84.092,182,180.859375,2,2
running,2025,6,23,2025-06-23T22:24:51Z,410.35,5.48964388047483,83.978,185,180.640625,2,0
running,2025,6,23,2025-06-23T22:30:12Z,382.24,22.5209068010076,321.061,127,88.5625,0,2
running,2025,6,23,2025-06-23T22:35:20Z,872.82,9.38830941547077,305.509,150,157.828125,9,2
running,2025,6,24,2025-06-24T23:11:05Z,1609.34,9.77136612021858,586.259,128,168.359375,16,13
running,2025,6,24,2025-06-24T23:21:14Z,1609.34,10.16,609.522,132,170.875,18,32
running,2025,6,24,2025-06-24T23:30:49Z,1609.34,9.57942857142857,574.818,132,165.5625,27,11
running,2025,6,24,2025-06-24T23:32:15Z,271,7.66354285714286,77.426,131,168.28125,0,2
running,2025,6,25,2025-06-25T18:00:01Z,1208.95,7.9852337005061,359.909,141,167.0625,12,12
running,2025,6,25,2025-06-25T18:01:32Z,397.26,6.14628780934922,91.022,143,181.9375,0,0
running,2025,6,25,2025-06-25T18:02:59Z,410.19,5.69477707006369,87.091,155,182.671875,0,0
running,2025,6,25,2025-06-25T18:04:28Z,407.98,5.85769818737716,89.091,158,180.875,0,0
running,2025,6,25,2025-06-25T18:05:57Z,411.11,5.78318240620957,88.647,164,180.34375,0,0
running,2025,6,25,2025-06-25T18:07:25Z,410.53,5.75835122370116,88.128,162,179.09375,0,0
running,2025,6,25,2025-06-25T18:08:52Z,409.13,5.7349583066068,87.48,166,179.546875,0,0
running,2025,6,25,2025-06-25T18:10:21Z,414.21,5.75587982832618,88.889,169,177.125,0,0
running,2025,6,25,2025-06-25T18:11:49Z,408.97,5.75711526078558,87.79,166,179.5,0,0
running,2025,6,25,2025-06-25T18:13:16Z,418.31,5.56596804316248,86.805,166,179.625,2,2
running,2025,6,25,2025-06-25T18:15:58Z,174.03,19.7951291512915,162.489,143,91.390625,0,0
running,2025,6,25,2025-06-25T18:21:01Z,917.41,8.67196896217265,296.638,144,160.984375,10,4
cycling,2025,6,26,2025-06-26T17:18:47Z,8046.72,14.884794672586,4465.042,115,513.984375,162,157
cycling,2025,6,26,2025-06-26T17:40:05Z,2925.25,11.2227615062762,1224.097,122,513.984375,58,61
cycling,2025,6,27,2025-06-27T19:28:13Z,7626.76,12.0930568079351,3438.153,125,513.984375,237,235
cycling,2025,6,28,2025-06-28T23:26:39Z,8046.72,9.54194236926361,2862.619,118,513.984375,155,160
cycling,2025,6,28,2025-06-28T23:40:21Z,2247.13,9.424595924104,789.518,118,513.984375,38,36
cycling,2025,6,29,2025-06-29T15:06:19Z,8046.72,11.5315563198624,3459.806,144,513.984375,462,26
cycling,2025,6,29,2025-06-29T16:00:34Z,8046.72,10.8504854368932,3254.892,140,513.984375,300,547
cycling,2025,6,29,2025-06-29T16:23:25Z,5651.64,6.4647866955893,1362.066,137,513.984375,76,265
running,2025,6,30,2025-06-30T22:00:58Z,1609.34,9.51823988644429,571.107,129,161.28125,14,13
running,2025,6,30,2025-06-30T22:11:54Z,1609.34,10.9300733496333,655.907,127,162.828125,27,25
running,2025,6,30,2025-06-30T22:24:49Z,1609.34,11.7642105263158,773.843,125,157.34375,30,24
running,2025,6,30,2025-06-30T22:35:51Z,1609.34,10.1025988700565,661.913,128,158.21875,12,8
running,2025,6,30,2025-06-30T22:37:45Z,52.54,8.61902313624679,16.884,132,166.46875,0,2
cycling,2025,7,1,2025-07-01T22:30:13Z,8046.72,8.77983633387889,2633.666,128,513.984375,253,262
cycling,2025,7,1,2025-07-01T23:11:56Z,8046.72,8.34548848786559,2503.62,140,513.984375,225,221
cycling,2025,7,1,2025-07-01T23:15:01Z,511.27,5.53039175257732,105.414,138,513.984375,3,8
cycling,2025,7,2,2025-07-02T22:37:02Z,8046.72,9.37518350227193,2812.307,124,513.984375,260,261
cycling,2025,7,2,2025-07-02T23:13:36Z,8046.72,7.31054783319706,2193.453,139,513.984375,220,218
cycling,2025,7,2,2025-07-02T23:15:49Z,470.48,6.85293817066939,120.219,117,513.984375,4,12
cycling,2025,7,3,2025-07-03T21:41:41Z,8046.72,7.77686285879965,2333.192,127,513.984375,252,268
cycling,2025,7,3,2025-07-03T22:17:55Z,8046.72,7.24733855714672,2173.914,135,513.984375,142,128
cycling,2025,7,3,2025-07-03T22:23:12Z,529.66,6.38628571428571,126.115,119,513.984375,4,11
cycling,2025,7,5,2025-07-05T14:03:20Z,8046.72,11.0471169686985,3313.539,149,513.984375,502,39
cycling,2025,7,5,2025-07-05T14:40:19Z,8046.72,7.39928275862069,2219.592,148,513.984375,82,534
cycling,2025,7,5,2025-07-05T14:42:37Z,399.03,6.28453608247423,93.484,148,513.984375,0,22
cycling,2025,7,6,2025-07-06T23:24:27Z,8046.72,14.5536625067824,4490.769,132,513.984375,144,162
cycling,2025,7,6,2025-07-06T23:32:55Z,969.78,13.9192527244421,503.156,134,513.984375,24,24
cycling,2025,7,7,2025-07-07T22:29:22Z,8046.72,7.73871898442008,2321.748,120,513.984375,205,260
cycling,2025,7,7,2025-07-07T23:07:43Z,8046.72,7.67011724335144,2300.931,147,513.984375,275,218
cycling,2025,7,7,2025-07-07T23:12:11Z,1257.3,5.16908845634997,242.322,151,513.984375,7,12
cycling,2025,7,8,2025-07-08T21:55:10Z,8046.72,7.52803817008139,2258.577,135,513.984375,246,292
cycling,2025,7,8,2025-07-08T22:37:37Z,8046.72,8.48810126582279,2546.623,154,513.984375,292,253
cycling,2025,7,8,2025-07-08T22:41:57Z,1387.76,4.92515607785531,254.825,143,513.984375,17,14
running,2025,7,9,2025-07-09T23:15:03Z,1609.34,8.03065868263473,481.795,147,179.4375,14,16
running,2025,7,9,2025-07-09T23:22:44Z,1609.34,7.68329991406474,460.968,161,182.4375,19,20
running,2025,7,9,2025-07-09T23:30:18Z,1609.34,7.55986471251409,453.532,155,177.109375,18,9
running,2025,7,9,2025-07-09T23:31:02Z,159.7,7.06968898260411,42.092,151,174.234375,0,2
cycling,2025,7,11,2025-07-11T02:59:29Z,8046.72,6.15051593671176,1845.357,141,513.984375,222,248
cycling,2025,7,11,2025-07-11T03:33:02Z,8046.72,6.71231231231231,2013.492,147,513.984375,198,174
cycling,2025,7,11,2025-07-11T03:44:50Z,1190.04,5.41538461538462,240.278,136,513.984375,18,11
cycling,2025,7,12,2025-07-12T15:06:14Z,8046.72,12.6879848628193,3805.753,151,513.984375,499,112
cycling,2025,7,12,2025-07-12T15:50:04Z,8046.72,8.76262659261679,2628.52,145,513.984375,224,513
cycling,2025,7,12,2025-07-12T15:57:20Z,1840.35,6.2815925058548,431.018,133,513.984375,9,102
running,2025,7,13,2025-07-13T23:25:51Z,1609.34,9.94527252502781,596.65,125,168.578125,17,17
running,2025,7,13,2025-07-13T23:36:27Z,1609.34,10.59336492891,635.49,129,165.859375,14,45
running,2025,7,13,2025-07-13T23:46:03Z,1609.34,9.60687679083095,576.391,143,163.609375,39,10
running,2025,7,13,2025-07-13T23:48:09Z,351.59,9.22365887207703,120.887,146,162.875,4,2
running,2025,7,14,2025-07-14T22:59:56Z,1222.46,8.55033471469557,389.678,130,164.8125,0,2
running,2025,7,14,2025-07-14T23:01:19Z,443.24,5.03140123804164,83.145,145,197.109375,2,0
running,2025,7,14,2025-07-14T23:04:16Z,473.27,10.0609152288072,177.553,139,157.328125,0,0
running,2025,7,14,2025-07-14T23:05:37Z,439.64,4.91252747252747,80.523,145,194.71875,0,3
running,2025,7,14,2025-07-14T23:08:26Z,478.73,9.45782792665726,168.824,149,158.46875,2,0
running,2025,7,14,2025-07-14T23:09:44Z,443.89,4.73225123500353,78.316,152,193.609375,2,0
running,2025,7,14,2025-07-14T23:12:47Z,483.68,10.1293051359517,182.668,156,151.265625,0,2
running,2025,7,14,2025-07-14T23:14:08Z,440.06,4.95426671592168,81.279,151,191.921875,0,0
running,2025,7,14,2025-07-14T23:16:48Z,475.54,9.00987571380584,159.735,165,148.453125,0,0
running,2025,7,14,2025-07-14T23:17:45Z,78.22,19.5783941605839,57.115,153,96.703125,3,0
running,2025,7,14,2025-07-14T23:23:57Z,1112.41,8.87277538868673,368.017,163,156.796875,13,18
cycling,2025,7,15,2025-07-15T22:23:50Z,8046.72,7.93092844470727,2379.192,129,513.984375,232,251
cycling,2025,7,15,2025-07-15T23:06:22Z,8046.72,8.5069457659372,2551.78,137,513.984375,150,124
cycling,2025,7,15,2025-07-15T23:10:25Z,816.82,5.94073089700997,180.905,117,513.984375,5,13
running,2025,7,16,2025-07-16T23:53:59Z,1609.34,9.03415291343887,542.097,139,162.390625,7,10
running,2025,7,17,2025-07-17T00:04:16Z,1609.34,9.2746887966805,617.438,144,160.90625,24,21
running,2025,7,17,2025-07-17T00:12:51Z,1609.34,8.5530612244898,513.246,148,165.015625,11,20
running,2025,7,17,2025-07-17T00:21:14Z,1609.34,8.38724202626642,503.223,154,165.171875,12,4
running,2025,7,17,2025-07-17T00:22:11Z,186.32,7.86350043975374,54.622,158,168.984375,0,2
running,2025,7,17,2025-07-17T23:13:28Z,1211.94,8.59967938441808,388.557,138,162.515625,7,12
running,2025,7,17,2025-07-17T23:16:03Z,856.74,4.84771371769384,154.837,157,192.671875,0,2
running,2025,7,17,2025-07-17T23:18:11Z,196.22,17.5769331585845,128.579,131,118.296875,0,0
running,2025,7,17,2025-07-17T23:19:26Z,425.29,4.7481678173128,75.292,118,190.40625,0,0
running,2025,7,17,2025-07-17T23:20:49Z,140.65,15.8057748968768,82.896,128,119.296875,0,0
running,2025,7,17,2025-07-17T23:22:03Z,435.52,4.51479548897492,73.308,134,193.9375,0,0
running,2025,7,17,2025-07-17T23:22:56Z,88.31,15.9183382789318,52.396,142,124.265625,0,0
running,2025,7,17,2025-07-17T23:24:10Z,408.91,4.84771371769384,73.909,133,189.453125,0,2
running,2025,7,17,2025-07-17T23:25:34Z,136.8,16.3850946854001,83.543,143,105.828125,0,0
running,2025,7,17,2025-07-17T23:26:48Z,404.16,4.91072867081655,73.999,140,189.078125,0,0
running,2025,7,17,2025-07-17T23:29:45Z,275.31,17.2491318327974,177.091,134,106.109375,2,0
running,2025,7,17,2025-07-17T23:32:24Z,811.59,5.27169811320755,159.509,161,182,20,16
running,2025,7,17,2025-07-17T23:34:22Z,169.67,18.6137404580153,117.712,152,101.75,5,5
running,2025,7,17,2025-07-17T23:39:24Z,966.55,8.08878166465621,291.512,160,159.25,8,10
running,2025,7,18,2025-07-18T21:38:16Z,1609.34,8.90222369731165,534.059,135,166.65625,12,18
running,2025,7,18,2025-07-18T21:46:29Z,1609.34,8.20256880733945,492.137,144,167.515625,24,17
running,2025,7,18,2025-07-18T21:54:39Z,1609.34,8.180054894785,490.781,141,167.578125,16,26
running,2025,7,18,2025-07-18T22:01:25Z,1337.34,8.08147032238626,402.948,147,168.65625,28,15
running,2025,7,20,2025-07-20T00:39:20Z,1609.34,9.23636363636364,554.123,131,165.859375,15,12
running,2025,7,20,2025-07-20T00:48:38Z,1609.34,9.29075164530655,557.437,128,167.15625,14,18
running,2025,7,20,2025-07-20T00:57:29Z,1609.34,8.85227722772277,531.186,135,166.25,18,6
running,2025,7,20,2025-07-20T00:57:53Z,69.86,8.19755501222494,21.352,136,168.53125,0,3
cycling,2025,7,20,2025-07-20T14:56:19Z,8046.72,11.7693725318122,3531.316,148,513.984375,509,115
cycling,2025,7,20,2025-07-20T15:36:32Z,7116.77,9.04634064080944,2399.921,135,513.984375,87,482
running,2025,7,21,2025-07-21T22:44:03Z,1609.34,8.97971208570472,538.819,132,167.03125,12,12
running,2025,7,21,2025-07-21T22:53:40Z,1609.34,8.86105054509415,575.796,129,167.421875,22,12
running,2025,7,21,2025-07-21T23:01:35Z,1609.34,7.92858409695536,475.762,140,169.21875,11,7
running,2025,7,21,2025-07-21T23:09:27Z,1609.34,7.85428989751098,471.204,143,168.71875,7,20
running,2025,7,21,2025-07-21T23:17:43Z,1609.34,8.26831072749692,496.073,143,165.9375,20,16
running,2025,7,21,2025-07-21T23:21:49Z,801.66,7.46102920723227,222.981,147,167.859375,2,4
cycling,2025,7,22,2025-07-22T14:42:27Z,8046.72,11.1203980099502,3336.588,152,513.984375,496,105
cycling,2025,7,22,2025-07-22T15:19:27Z,7463.98,7.9709955423477,2218.134,143,513.984375,84,485
running,2025,7,23,2025-07-23T22:39:50Z,1121.57,8.22520699172033,343.951,138,160.96875,5,7
running,2025,7,23,2025-07-23T22:41:08Z,411,5.12562583604051,78.546,152,189.859375,0,0
running,2025,7,23,2025-07-23T22:42:13Z,204.54,8.48273244781784,64.697,159,161.25,0,0
running,2025,7,23,2025-07-23T22:43:28Z,408.52,4.92334801762114,74.986,154,190.328125,0,0
running,2025,7,23,2025-07-23T22:44:41Z,201.4,9.69718004338395,72.818,163,158.796875,0,0
running,2025,7,23,2025-07-23T22:45:57Z,421.01,4.83984121255864,75.97,158,189.796875,0,3
running,2025,7,23,2025-07-23T22:47:10Z,199.84,9.89391368498709,73.713,167,158.390625,3,0
running,2025,7,23,2025-07-23T22:48:29Z,411.32,5.13445635528331,78.741,168,185.171875,0,0
running,2025,7,23,2025-07-23T22:49:46Z,202.15,10.1523088569266,76.501,172,157.46875,0,0
running,2025,7,23,2025-07-23T22:51:04Z,404.35,5.21836575875486,78.665,166,185.171875,0,2
running,2025,7,23,2025-07-23T22:52:17Z,209.27,9.25868139454608,72.239,169,157.328125,2,0
running,2025,7,23,2025-07-23T22:53:36Z,399.22,5.35270405108761,79.673,168,182.28125,0,2
running,2025,7,23,2025-07-23T22:54:53Z,206.36,10.0158327109783,77.066,169,155.640625,2,0
running,2025,7,23,2025-07-23T22:56:14Z,411.8,5.22751900214383,80.252,171,180.671875,0,0
running,2025,7,23,2025-07-23T22:57:42Z,137.55,17.1498721227621,87.971,166,115.71875,0,0
running,2025,7,23,2025-07-23T22:59:00Z,398.4,5.30821294280625,78.84,159,181.15625,0,2
running,2025,7,23,2025-07-23T23:00:55Z,168.44,18.2465306122449,114.602,154,95.21875,3,0
running,2025,7,23,2025-07-23T23:05:54Z,962.73,8.13046377690209,291.83,170,158.203125,7,6
cycling,2025,7,24,2025-07-24T22:42:50Z,8046.72,7.28869565217391,2186.871,128,513.984375,239,240
cycling,2025,7,24,2025-07-24T23:16:48Z,7728.9,7.05110410094637,2032.037,145,513.984375,193,192
running,2025,7,25,2025-07-25T23:12:50Z,1609.34,9.21731958762886,553.017,127,160.234375,11,4
running,2025,7,25,2025-07-25T23:14:58Z,376.27,9.09542217700916,127.599,129,157.265625,0,7
running,2025,7,25,2025-07-25T23:16:25Z,397.75,5.91714096624752,87.746,160,179.8125,0,0
running,2025,7,25,2025-07-25T23:17:55Z,415.01,5.7781990521327,89.406,167,177.984375,0,0
running,2025,7,25,2025-07-25T23:19:25Z,409.38,5.8937376400791,89.95,171,175.90625,0,0
running,2025,7,25,2025-07-25T23:20:40Z,413.39,4.86441784548422,74.972,179,189.375,0,0
running,2025,7,25,2025-07-25T23:22:10Z,406.15,5.975139229227,90.483,180,174.0625,0,0
running,2025,7,25,2025-07-25T23:23:39Z,409.33,5.82589052997394,88.909,177,173.8125,2,0
running,2025,7,25,2025-07-25T23:25:08Z,404.08,5.9302233031174,89.34,180,172.875,2,3
running,2025,7,25,2025-07-25T23:26:24Z,405.47,4.98464969336555,75.357,188,185.140625,0,2
running,2025,7,25,2025-07-25T23:28:36Z,194.04,18.2093686354379,131.698,143,102.109375,0,0
running,2025,7,25,2025-07-25T23:34:20Z,1081.27,8.47469194312796,341.687,149,158.75,8,9
running,2025,7,27,2025-07-27T00:12:04Z,1609.34,8.44268177525968,506.574,151,165.671875,11,16
running,2025,7,27,2025-07-27T00:19:32Z,1609.34,7.46102920723227,447.695,168,171.78125,19,19
running,2025,7,27,2025-07-27T00:26:50Z,1471.96,7.59841359773371,416.957,166,169.15625,17,9
cycling,2025,7,27,2025-07-27T23:19:26Z,500.68,8.68319844609906,162.065,114,513.984375,23,0
cycling,2025,7,27,2025-07-27T23:44:52Z,4088.71,10.0046251398732,1524.988,158,513.984375,300,3
cycling,2025,7,27,2025-07-27T23:49:44Z,835.94,9.36863429968564,291.979,166,513.984375,46,0
cycling,2025,7,27,2025-07-27T23:52:18Z,608.22,6.78876233864844,153.943,168,513.984375,26,5
cycling,2025,7,27,2025-07-27T23:59:11Z,918.61,12.0767221972085,413.635,171,513.984375,92,0
cycling,2025,7,28,2025-07-28T00:00:51Z,29.29,90.9233898305085,99.143,163,513.984375,3,0
cycling,2025,7,28,2025-07-28T00:18:55Z,4041.32,7.19871175523349,1084.655,149,513.984375,7,304
cycling,2025,7,28,2025-07-28T00:28:30Z,2178.8,7.07901821060966,575.005,157,513.984375,68,43
cycling,2025,7,28,2025-07-28T00:38:14Z,2321,6.3786920332937,551.966,151,513.984375,7,209
running,2025,7,28,2025-07-28T21:42:18Z,1609.34,9.37846153846154,562.754,134,165.546875,13,13
running,2025,7,28,2025-07-28T21:52:09Z,1609.34,9.8539309331374,591.178,130,165.1875,19,10
running,2025,7,28,2025-07-28T22:01:10Z,1609.34,9.02199798183653,541.4,130,166.59375,2,20
running,2025,7,28,2025-07-28T22:10:12Z,1609.36,9.00080536912752,540.117,138,167.53125,16,9
cycling,2025,7,29,2025-07-29T22:34:05Z,8046.72,7.78137510879025,2334.701,127,513.984375,228,225
cycling,2025,7,29,2025-07-29T23:07:03Z,7612.85,6.93981888745149,1969.593,133,513.984375,123,125
running,2025,7,30,2025-07-30T20:13:00Z,1609.34,9.73589836660617,584.187,135,164.96875,26,10
running,2025,7,30,2025-07-30T20:23:53Z,1609.34,10.8857142857143,653.239,125,169.453125,26,58
running,2025,7,30,2025-07-30T20:34:05Z,1609.34,10.1986311787072,611.839,134,166.890625,46,14
running,2025,7,30,2025-07-30T20:43:48Z,1609.34,9.72530819434373,583.529,128,165.140625,13,16
running,2025,7,30,2025-07-30T20:53:27Z,1609.34,9.64834532374101,578.909,129,167.953125,11,45
running,2025,7,30,2025-07-30T21:03:49Z,1609.34,10.3521420301042,621.146,137,165.609375,41,15
running,2025,7,30,2025-07-30T21:04:46Z,156.36,9.48123011664899,55.268,132,165.578125,0,0
running,2025,7,31,2025-07-31T23:05:39Z,1609.34,10.4611544461778,627.79,126,167.90625,11,11
running,2025,7,31,2025-07-31T23:15:57Z,1609.34,10.3044179792547,618.182,119,167.296875,19,24
running,2025,7,31,2025-07-31T23:25:36Z,1609.34,9.64140905823149,578.425,130,167.265625,15,7
running,2025,7,31,2025-07-31T23:26:42Z,198.97,8.53129770992366,63.287,135,168.3125,0,0
cycling,2025,8,1,2025-08-01T14:28:04Z,8046.72,15.8524822695035,4755.791,128,513.984375,460,408
cycling,2025,8,1,2025-08-01T14:47:49Z,758.93,8.99175326852162,254.397,124,513.984375,3,29
running,2025,8,3,2025-08-03T02:41:14Z,1609.34,10.356138996139,621.375,138,167.8125,119,7
running,2025,8,3,2025-08-03T02:49:30Z,1609.34,8.26067138897444,495.626,144,166.859375,28,0
running,2025,8,3,2025-08-03T02:58:41Z,1609.34,9.18575342465753,551.081,150,165.609375,83,0
running,2025,8,3,2025-08-03T02:59:23Z,127.29,8.76835567178816,41.614,153,165.34375,5,0
running,2025,8,3,2025-08-03T03:07:31Z,1609.34,8.14033383915023,488.36,129,166.359375,0,75
running,2025,8,3,2025-08-03T03:15:03Z,1609.34,7.52803817008139,451.668,137,168.046875,0,33
running,2025,8,3,2025-08-03T03:23:52Z,1609.34,8.82606120434353,529.534,124,170.203125,0,121
running,2025,8,3,2025-08-03T03:24:33Z,130.27,7.76335745296671,37.704,126,170.3125,0,4
cycling,2025,8,3,2025-08-03T23:10:34Z,8046.72,8.52316491897045,2556.729,146,513.984375,406,14
cycling,2025,8,3,2025-08-03T23:57:47Z,8046.72,9.44118268215417,2832.287,134,513.984375,173,383
cycling,2025,8,4,2025-08-04T00:05:40Z,1834.52,6.82677526088063,466.977,129,513.984375,2,167
cycling,2025,8,4,2025-08-04T18:39:25Z,8046.72,20.1672180451128,6051.286,97,513.984375,286,76
cycling,2025,8,4,2025-08-04T19:21:04Z,8046.72,8.32735175411363,2498.227,115,513.984375,142,333
cycling,2025,8,4,2025-08-04T19:21:48Z,135.19,8.40564086493262,42.37,140,513.984375,0,0
cycling,2025,8,6,2025-08-06T00:08:11Z,8046.72,10.3521420301042,3105.738,106,513.984375,143,134
cycling,2025,8,6,2025-08-06T00:51:21Z,3907.6,17.4625,2544.119,100,513.984375,86,92
cycling,2025,8,6,2025-08-06T01:46:51Z,8046.72,7.22975741239892,2169.182,145,513.984375,210,344
cycling,2025,8,6,2025-08-06T01:53:15Z,1715.88,5.43293498075754,347.577,140,513.984375,0,85
cycling,2025,8,6,2025-08-06T19:40:54Z,6381.35,11.0562242374279,2630.43,106,513.984375,41,41
cycling,2025,8,6,2025-08-06T20:40:01Z,8046.72,9.66224783861671,2898.516,124,513.984375,219,198
cycling,2025,8,6,2025-08-06T20:43:47Z,660.71,7.87042253521127,193.882,121,513.984375,0,20
cycling,2025,8,6,2025-08-06T21:53:22Z,8046.72,10.0083582089552,3002.474,141,513.984375,304,255
cycling,2025,8,6,2025-08-06T22:23:01Z,6573.88,7.06038431166096,1730.358,115,513.984375,28,296
cycling,2025,8,7,2025-08-07T14:36:09Z,8046.72,10.6438095238095,3193.486,135,513.984375,349,198
cycling,2025,8,7,2025-08-07T15:01:19Z,5225.16,7.30855585831063,1423.76,134,513.984375,101,247
cycling,2025,8,8,2025-08-08T18:22:33Z,8041.26,9.57259100642398,2869.639,103,513.984375,116,116
cycling,2025,8,8,2025-08-08T20:08:29Z,7298.78,9.43454097784031,2567.127,105,513.984375,126,113
cycling,2025,8,8,2025-08-08T21:00:14Z,6465.7,10.4124223602484,2510.144,118,513.984375,179,173
cycling,2025,8,8,2025-08-08T21:31:35Z,4797.57,7.32252252252252,1309.693,116,513.984375,20,242
running,2025,8,8,2025-08-08T23:33:21Z,1609.34,7.97336504161712,478.404,140,167.8125,17,7
running,2025,8,8,2025-08-08T23:40:53Z,1609.34,7.53226621735468,451.998,164,169.90625,61,0
running,2025,8,8,2025-08-08T23:46:58Z,714.15,7.8519906323185,365.176,157,160.09375,2,0
running,2025,8,8,2025-08-08T23:53:04Z,1609.34,6.096,365.751,172,173.484375,32,0
running,2025,8,8,2025-08-08T23:59:16Z,1609.34,6.19168975069252,371.528,178,172.84375,13,19
running,2025,8,9,2025-08-09T00:00:55Z,176.17,15.0687640449438,98.966,155,111.109375,6,0
running,2025,8,9,2025-08-09T00:07:47Z,1609.34,6.87753846153846,412.683,177,167.828125,29,13
running,2025,8,9,2025-08-09T00:14:41Z,1609.34,6.88990495761623,413.369,171,167.734375,11,49
running,2025,8,9,2025-08-09T00:18:14Z,811.24,7.05666929755328,213.445,167,166.046875,0,35
running,2025,8,9,2025-08-09T00:26:10Z,1609.34,7.93796981355431,476.219,172,165.59375,29,42
running,2025,8,9,2025-08-09T00:26:55Z,89.92,10.9345291479821,36.655,187,165.8125,3,0
cycling,2025,8,9,2025-08-09T18:21:50Z,8046.72,11.666985645933,3500.712,104,513.984375,143,148
cycling,2025,8,9,2025-08-09T18:26:35Z,362.25,11.6164573408402,156.916,103,513.984375,6,2
cycling,2025,8,9,2025-08-09T19:19:37Z,1229.89,8.07903614457831,370.469,114,513.984375,35,22
cycling,2025,8,9,2025-08-09T20:15:25Z,8046.72,9.30687022900763,3172.783,111,513.984375,158,143
cycling,2025,8,9,2025-08-09T20:33:59Z,5001.8,5.82589052997394,1086.496,137,513.984375,32,264
running,2025,8,10,2025-08-10T14:02:06Z,1609.34,10.8636695018226,651.943,124,167.765625,31,37
running,2025,8,10,2025-08-10T14:11:47Z,1609.34,9.68667388949079,581.113,144,168.109375,43,0
running,2025,8,10,2025-08-10T14:20:09Z,1609.34,8.36631316281971,501.989,145,169.875,0,41
running,2025,8,10,2025-08-10T14:28:19Z,1550.31,8.43737024221453,487.67,151,171.078125,38,25
running,2025,8,11,2025-08-11T23:02:05Z,1572.42,10.0008948545861,586.269,123,162.171875,6,13
running,2025,8,11,2025-08-11T23:03:28Z,413.67,5.35056852184321,82.526,125,189.609375,0,0
running,2025,8,11,2025-08-11T23:04:35Z,198.41,9.13880749574106,67.606,137,162.078125,0,0
running,2025,8,11,2025-08-11T23:05:53Z,418.2,4.9680311168735,77.457,153,192.234375,0,0
running,2025,8,11,2025-08-11T23:07:10Z,198.47,10.5062279670975,77.731,155,160.109375,0,0
running,2025,8,11,2025-08-11T23:08:29Z,414.64,5.1187786259542,79.136,150,189.53125,0,0
running,2025,8,11,2025-08-11T23:09:44Z,202.71,9.89391368498709,74.783,155,159.296875,0,0
running,2025,8,11,2025-08-11T23:11:04Z,404.38,5.30086956521739,79.91,155,188.84375,10,4
running,2025,8,11,2025-08-11T23:12:20Z,206.87,9.78562568405691,75.476,161,159.578125,0,4
running,2025,8,11,2025-08-11T23:13:40Z,402.82,5.37738572574178,80.761,161,187.15625,7,0
running,2025,8,11,2025-08-11T23:14:54Z,207.38,9.57942857142857,74.077,157,159.21875,0,2
running,2025,8,11,2025-08-11T23:16:12Z,413.66,5.04085698177034,77.739,161,187.890625,5,0
running,2025,8,11,2025-08-11T23:17:28Z,211.82,9.64487594390507,76.162,167,156.984375,0,5
running,2025,8,11,2025-08-11T23:18:49Z,400.45,5.4055622732769,80.697,170,181.09375,2,0
running,2025,8,11,2025-08-11T23:22:03Z,266.62,19.5498542274052,194.37,136,98.671875,0,5
running,2025,8,11,2025-08-11T23:27:17Z,908.09,9.03415291343887,305.815,159,159.078125,13,4
running,2025,8,13,2025-08-13T21:47:15Z,1609.34,9.87569955817378,592.639,126,167.625,11,13
running,2025,8,13,2025-08-13T21:57:32Z,1609.34,10.2925556408289,617.643,126,167.46875,20,13
running,2025,8,13,2025-08-13T22:07:24Z,1609.34,9.87206477732793,592.229,127,167.546875,7,7
running,2025,8,13,2025-08-13T22:17:08Z,1609.34,9.72530819434373,583.528,133,167.53125,20,25
running,2025,8,13,2025-08-13T22:26:15Z,1609.34,9.11086956521739,546.623,143,169.015625,13,11
running,2025,8,13,2025-08-13T22:31:59Z,1091.25,8.40827586206897,342.105,148,168.65625,0,7
cycling,2025,8,14,2025-08-14T22:12:09Z,8046.72,15.5944186046512,4677.059,125,513.984375,473,38
cycling,2025,8,14,2025-08-14T23:19:56Z,8046.72,13.5603640040445,4067.093,129,513.984375,282,555
cycling,2025,8,14,2025-08-14T23:59:47Z,6605.35,9.54873620505518,2351.684,136,513.984375,156,307
running,2025,8,15,2025-08-15T19:08:32Z,1609.34,7.45895439377086,447.554,149,174.9375,14,11
running,2025,8,15,2025-08-15T19:15:11Z,1609.34,6.64085169596435,398.463,160,173.328125,18,12
running,2025,8,15,2025-08-15T19:22:05Z,1609.34,6.91298969072165,414.738,163,168.59375,22,22
running,2025,8,15,2025-08-15T19:25:28Z,731.52,7.32852459016393,199.854,163,166.6875,5,9
cycling,2025,8,16,2025-08-16T17:51:40Z,8046.72,9.31333333333333,2793.926,115,513.984375,390,49
cycling,2025,8,16,2025-08-16T18:57:21Z,8046.72,13.1353574926543,3940.828,118,513.984375,334,330
cycling,2025,8,16,2025-08-16T19:32:00Z,8046.72,6.93085271317829,2079.221,125,513.984375,82,410
cycling,2025,8,16,2025-08-16T19:34:31Z,413.96,7.91922054915855,122.226,133,513.984375,0,18
cycling,2025,8,16,2025-08-16T20:55:37Z,8046.72,8.14280510018215,2442.473,137,513.984375,377,72
cycling,2025,8,16,2025-08-16T21:40:07Z,8046.72,8.8992700729927,2669.873,133,513.984375,178,275
cycling,2025,8,16,2025-08-16T22:27:31Z,6160.63,11.1388704318937,2558.857,134,513.984375,228,322
cycling,2025,8,16,2025-08-16T22:40:22Z,3821.65,5.13642282650326,731.842,111,513.984375,22,118
running,2025,8,17,2025-08-17T19:13:19Z,1609.34,9.67968242511729,580.704,121,163.359375,33,0
running,2025,8,17,2025-08-17T19:23:21Z,1609.34,9.04024266936299,601.461,118,162.90625,2,9
running,2025,8,17,2025-08-17T19:31:35Z,1609.34,8.23783783783784,494.281,126,166.890625,2,15
running,2025,8,17,2025-08-17T19:39:54Z,1609.34,8.31960297766749,499.22,129,166.71875,6,12
running,2025,8,17,2025-08-17T19:43:51Z,418.05,9.02199798183653,140.635,124,164.765625,0,2
running,2025,8,18,2025-08-18T21:38:49Z,1342.16,9.17005128205128,458.888,134,164.953125,4,8
running,2025,8,18,2025-08-18T21:40:15Z,411.88,5.60551724137931,86.069,148,188.890625,0,0
running,2025,8,18,2025-08-18T21:41:37Z,408.67,5.35912087912088,81.645,167,189.703125,0,0
running,2025,8,18,2025-08-18T21:42:59Z,407.65,5.44396184290643,82.736,175,186.703125,0,0
running,2025,8,18,2025-08-18T21:44:22Z,401.32,5.52355848434926,82.651,178,185.5625,0,2
running,2025,8,18,2025-08-18T21:46:44Z,201.1,18.9423728813559,142.014,123,100.8125,0,0
running,2025,8,18,2025-08-18T21:48:05Z,407.84,5.28520197044335,80.368,127,184.734375,2,0
running,2025,8,18,2025-08-18T21:49:26Z,409.62,5.32824791418355,81.37,152,185.875,0,5
running,2025,8,18,2025-08-18T21:51:43Z,202.2,18.1600541638456,136.931,126,108.6875,0,0
running,2025,8,18,2025-08-18T21:53:04Z,394.05,5.55214241357897,81.561,127,184.359375,0,2
running,2025,8,18,2025-08-18T21:54:25Z,407.84,5.31873884592504,80.873,146,186.140625,2,3
running,2025,8,18,2025-08-18T21:56:43Z,200.34,18.4346391752577,137.733,129,114.265625,2,0
running,2025,8,18,2025-08-18T21:57:58Z,406.4,4.932401618242,74.735,142,189.765625,3,2
running,2025,8,18,2025-08-18T22:00:16Z,206.53,17.9654387139987,138.331,138,113.8125,2,4
running,2025,8,18,2025-08-18T22:01:31Z,405.62,4.96987215119511,75.154,164,189.109375,2,0
running,2025,8,18,2025-08-18T22:03:53Z,212.15,17.9174348697395,141.715,139,110.171875,0,3
running,2025,8,18,2025-08-18T22:05:08Z,405.27,4.93603238866397,74.581,137,189.125,4,0
running,2025,8,18,2025-08-18T22:07:27Z,203.71,18.3213114754098,139.169,135,100.875,0,2
running,2025,8,18,2025-08-18T22:08:42Z,400.28,5.05701357466063,75.461,154,189.65625,0,2
running,2025,8,18,2025-08-18T22:11:16Z,214.77,19.2275268817204,153.964,139,102.453125,2,3
running,2025,8,18,2025-08-18T22:15:50Z,787.47,9.24910344827586,271.576,143,159.34375,7,11
running,2025,8,19,2025-08-19T22:47:23Z,1609.34,9.48458274398868,569.102,130,162.359375,16,13
running,2025,8,19,2025-08-19T22:47:40Z,48.24,9.38830941547077,16.885,132,165.875,0,2
running,2025,8,19,2025-08-19T22:53:37Z,1609.34,5.94468085106383,356.677,159,180.71875,13,8
running,2025,8,19,2025-08-19T22:59:38Z,1609.34,6.02886041807148,361.725,172,179.40625,10,12
running,2025,8,19,2025-08-19T23:05:14Z,1609.34,5.59849718221666,335.942,183,181.421875,5,4
running,2025,8,19,2025-08-19T23:05:59Z,188.81,6.31412429378531,44.449,188,180.3125,3,0
running,2025,8,19,2025-08-19T23:10:13Z,326.8,20.8410256410256,253.856,125,94.34375,2,6
running,2025,8,19,2025-08-19T23:20:24Z,1609.34,10.1986311787072,611.846,139,159.734375,20,18
running,2025,8,19,2025-08-19T23:23:42Z,559.82,9.37518350227193,195.663,137,160.203125,2,9
running,2025,8,20,2025-08-20T22:30:30Z,1609.34,8.90517928286853,534.318,129,161.0625,0,7
running,2025,8,20,2025-08-20T22:37:49Z,1285.4,9.11086956521739,436.672,135,162.515625,2,0
running,2025,8,20,2025-08-20T23:13:34Z,1609.34,9.76069868995633,585.576,127,163.375,14,16
running,2025,8,20,2025-08-20T23:22:48Z,1609.34,9.23636363636364,554.2,131,165.3125,16,14
running,2025,8,20,2025-08-20T23:23:45Z,129.65,9.47118644067797,45.783,128,165.546875,0,0
cycling,2025,8,21,2025-08-21T23:05:31Z,7615.9,11.9849865951743,3402.593,138,513.984375,129,138
running,2025,8,22,2025-08-22T21:03:53Z,1609.34,8.95273698264352,537.232,129,166,9,18
running,2025,8,22,2025-08-22T21:12:52Z,1609.34,8.99778597785978,539.868,137,166.234375,18,14
running,2025,8,22,2025-08-22T21:21:24Z,1609.34,8.52587412587413,511.483,141,166.1875,15,18
running,2025,8,22,2025-08-22T21:29:51Z,1609.34,8.44534005037783,506.768,147,164.828125,22,17
running,2025,8,22,2025-08-22T21:38:19Z,1609.34,8.48005058488777,508.788,150,165.546875,22,15
running,2025,8,22,2025-08-22T21:43:45Z,1032.96,7.75886606884582,298.79,156,165.09375,5,10
cycling,2025,8,23,2025-08-23T13:48:48Z,8046.72,12.7664921465969,3829.487,140,513.984375,474,119
cycling,2025,8,23,2025-08-23T14:22:45Z,6802.84,7.88662158188768,2000.341,140,513.984375,79,435
running,2025,8,25,2025-08-25T12:32:45Z,1609.34,9.43786066150598,566.305,121,164.34375,4,0
running,2025,8,25,2025-08-25T12:41:20Z,1609.34,8.57767828589703,514.604,131,167.609375,2,3
running,2025,8,25,2025-08-25T12:49:25Z,1609.34,8.08878166465621,485.309,133,168.171875,3,0
running,2025,8,25,2025-08-25T12:57:24Z,1609.34,7.97810826888757,478.648,138,167.984375,0,2
running,2025,8,25,2025-08-25T13:00:08Z,568.21,7.65261055634807,162.138,140,168.140625,0,0
running,2025,8,26,2025-08-26T12:31:40Z,535.19,10.6311533888228,212.095,117,162.28125,2,0
running,2025,8,26,2025-08-26T12:37:59Z,1609.34,6.30818438381938,378.451,147,180.15625,2,0
running,2025,8,26,2025-08-26T12:39:01Z,144.05,11.6114285714286,62.371,153,157.328125,0,0
running,2025,8,26,2025-08-26T12:45:12Z,1609.34,6.17885279889426,370.713,157,180.6875,5,7
running,2025,8,26,2025-08-26T12:46:15Z,150.64,11.3079258010118,63.508,161,159.171875,0,3
running,2025,8,26,2025-08-26T12:52:24Z,1609.34,6.13644474948524,368.207,162,181.015625,11,10
running,2025,8,26,2025-08-26T12:55:35Z,500.06,10.1407939508507,189.066,145,157.875,2,6
running,2025,8,27,2025-08-27T12:44:28Z,1609.34,9.6,576.041,123,162.625,4,0
running,2025,8,27,2025-08-27T12:53:44Z,1609.34,9.27789692148046,556.64,129,164.71875,2,2
running,2025,8,27,2025-08-27T13:02:54Z,1609.34,9.1481582537517,548.842,128,165.15625,0,2
running,2025,8,27,2025-08-27T13:03:24Z,81.61,9.03111111111111,27.481,124,165.46875,0,0
running,2025,8,28,2025-08-28T15:28:21Z,1035.65,8.22520699172033,709.094,114,162.875,0,3
running,2025,8,28,2025-08-28T15:34:29Z,1609.34,6.13223593964335,367.921,151,179.140625,2,0
running,2025,8,28,2025-08-28T15:40:41Z,1609.34,6.19884446498729,371.939,158,176.484375,0,0
running,2025,8,28,2025-08-28T15:46:46Z,1609.34,6.08355636198685,365,156,175.21875,2,7
running,2025,8,28,2025-08-28T15:47:31Z,201.79,5.99115479115479,45.073,153,175.34375,3,0
running,2025,8,28,2025-08-28T15:48:52Z,124.63,17.4058403634004,80.876,145,111.21875,3,2
running,2025,8,28,2025-08-28T15:51:19Z,426.86,9.01593277310924,143.487,136,156.65625,0,2
running,2025,8,29,2025-08-29T15:31:47Z,1609.34,7.93562130177515,851.651,128,167.734375,5,0
running,2025,8,29,2025-08-29T15:40:05Z,1609.34,8.29387755102041,497.575,136,166.09375,7,9
running,2025,8,29,2025-08-29T15:47:57Z,1609.34,7.87735682819383,472.648,142,168.296875,10,0
running,2025,8,29,2025-08-29T15:55:51Z,1609.34,7.8982332155477,473.962,145,167.203125,2,12
running,2025,8,29,2025-08-29T15:56:07Z,27.58,8.07174240144448,8.3,145,167.671875,0,0
running,2025,8,30,2025-08-30T13:18:14Z,1379,10.4693208430913,538.281,118,162.734375,4,0
running,2025,8,30,2025-08-30T13:20:19Z,617.81,5.4241456016178,124.935,144,191.515625,2,0
running,2025,8,30,2025-08-30T13:20:41Z,40.7,14.6250817884406,22.192,151,81.5,0,0
running,2025,8,30,2025-08-30T13:25:53Z,884.26,9.45449418399718,311.687,127,160.5,0,0
running,2025,8,30,2025-08-30T13:27:51Z,618.32,5.12954675846242,118.251,130,193.46875,0,0
running,2025,8,30,2025-08-30T13:28:19Z,46.78,15.703981264637,27.387,138,123.921875,0,0
running,2025,8,30,2025-08-30T13:32:14Z,635.88,9.95265306122449,235.91,129,159.78125,0,2
running,2025,8,30,2025-08-30T13:34:12Z,630.58,4.98279769645179,117.136,133,192.859375,0,0
running,2025,8,30,2025-08-30T13:34:48Z,61.77,15.76860670194,36.316,142,108.109375,0,0
running,2025,8,30,2025-08-30T13:36:48Z,317.08,9.90853343184337,117.145,136,153.078125,2,0
running,2025,8,31,2025-08-31T12:31:00Z,1609.34,9.99344262295082,599.502,120,161.25,6,0
running,2025,8,31,2025-08-31T12:31:38Z,37.82,9.81427003293084,13.838,117,163.140625,0,0
running,2025,9,2,2025-09-02T12:38:19Z,1609.34,12.1423268447261,728.609,116,162.515625,6,3
running,2025,9,2,2025-09-02T12:48:26Z,1609.34,10.1293051359517,607.846,132,164.671875,0,6
running,2025,9,2,2025-09-02T12:58:13Z,1609.34,9.77849070360919,586.635,144,164.03125,0,15
running,2025,9,2,2025-09-02T12:59:10Z,91.11,9.77492711370262,33.204,145,163.296875,0,0
running,2025,9,7,2025-09-07T14:57:37Z,1609.34,8.01865470852018,481.146,135,168.640625,4,0
running,2025,9,7,2025-09-07T15:05:16Z,1609.34,7.63953289661065,458.417,147,170.953125,0,0
running,2025,9,7,2025-09-07T15:12:35Z,1609.34,7.31653027823241,439.05,147,170.953125,0,2
running,2025,9,7,2025-09-07T15:17:29Z,1106.64,7.08837209302326,292.443,149,170.78125,0,2
running,2025,9,10,2025-09-10T00:17:50Z,1609.34,7.25517987557479,435.364,140,169.859375,2,0
running,2025,9,10,2025-09-10T00:23:36Z,1609.34,5.76577815993121,345.945,160,183.4375,2,0
running,2025,9,10,2025-09-10T00:25:11Z,317.49,8.06203787195672,95.435,162,163.5,0,0
running,2025,9,10,2025-09-10T00:32:45Z,1609.34,7.55986471251409,453.566,159,167.15625,2,4
running,2025,9,10,2025-09-10T00:33:38Z,114.09,10.225848265345,43.494,154,162.765625,0,0
running,2025,9,12,2025-09-12T00:25:11Z,1609.34,8.66356589147287,532.167,129,164.859375,0,0
running,2025,9,12,2025-09-12T00:33:51Z,1609.34,8.53944603629417,520.102,140,165.328125,2,0
running,2025,9,12,2025-09-12T00:42:47Z,1167.1,8.23278084714549,358.224,150,163.125,9,9
running,2025,9,12,2025-09-12T01:47:13Z,829.85,7.64388714733542,236.464,136,167.6875,0,0
running,2025,9,12,2025-09-12T01:48:22Z,356.3,5.22548217416715,69.418,151,193.46875,0,0
running,2025,9,12,2025-09-12T01:49:21Z,211.31,7.52381486676017,59.266,155,169.359375,0,0
running,2025,9,12,2025-09-12T01:50:34Z,401.33,4.85122083559414,72.58,164,165.84375,2,0
running,2025,9,12,2025-09-12T01:51:45Z,198.61,9.58970325348588,71.017,164,159.6875,0,0
running,2025,9,12,2025-09-12T01:53:02Z,432.56,4.78800428418422,77.219,163,194.953125,0,0
running,2025,9,12,2025-09-12T01:55:20Z,449.32,8.24290104486786,138.096,167,162.203125,0,0
running,2025,9,12,2025-09-12T01:56:36Z,405.34,5.00137982472497,75.578,177,192.953125,0,0
running,2025,9,12,2025-09-12T01:57:45Z,111.92,16.628890266584,69.388,170,113.5,0,0
running,2025,9,12,2025-09-12T02:02:56Z,963.21,8.6024374599102,308.873,154,159.703125,0,2
running,2025,9,13,2025-09-13T00:15:35Z,1609.34,10.0046251398732,600.335,115,164.03125,2,9
running,2025,9,13,2025-09-13T00:24:22Z,1609.34,8.77696335078534,526.651,130,167.625,2,2
running,2025,9,13,2025-09-13T00:32:37Z,1609.34,8.25558633425669,495.327,139,167.578125,0,2
running,2025,9,13,2025-09-13T00:34:22Z,371.82,7.35263157894737,101.916,145,168.78125,0,0
running,2025,9,14,2025-09-14T12:51:31Z,1609.34,10.3681484344801,622.204,120,163.65625,6,0
running,2025,9,14,2025-09-14T12:59:33Z,1609.34,8.02105263157895,481.264,133,168.78125,2,0
running,2025,9,14,2025-09-14T13:07:14Z,1609.34,7.68329991406474,460.997,134,170.46875,0,0
running,2025,9,14,2025-09-14T13:14:38Z,1609.34,7.40541137493098,444.289,141,171,2,2
running,2025,9,14,2025-09-14T13:15:00Z,69.2,7.39520264681555,19.081,142,170.265625,0,0
running,2025,9,16,2025-09-16T01:18:08Z,784.86,7.66135389888603,224.191,139,166.0625,4,18
running,2025,9,16,2025-09-16T01:24:08Z,1609.34,5.99383240223464,359.6,173,180.953125,0,0
running,2025,9,16,2025-09-16T01:30:06Z,1609.34,5.97380846325167,358.409,184,180.265625,2,0
running,2025,9,16,2025-09-16T01:32:43Z,239.52,17.5654223968566,156.836,139,107.84375,0,2
running,2025,9,16,2025-09-16T01:39:10Z,1609.34,6.44614275414564,386.807,176,175.84375,0,0
running,2025,9,16,2025-09-16T01:40:39Z,144.52,16.5877551020408,89.379,160,118.328125,0,0
running,2025,9,16,2025-09-16T01:42:24Z,319.48,8.80866995073892,104.928,144,158.84375,0,0
running,2025,9,16,2025-09-16T01:45:22Z,599.68,7.79947659203257,174.37,165,163.96875,2,4
running,2025,9,16,2025-09-16T12:48:43Z,1609.34,10.4693208430913,635.808,117,159.96875,8,0
running,2025,9,16,2025-09-16T12:57:59Z,1609.34,9.25548654244306,555.237,124,162.859375,0,2
running,2025,9,16,2025-09-16T13:06:41Z,1609.34,8.70009730781706,521.958,127,164.9375,2,2
running,2025,9,16,2025-09-16T13:07:10Z,19.1,9.27148288973384,6.603,128,164.328125,0,0
running,2025,9,17,2025-09-17T23:29:08Z,1003.88,8.16511415525114,305.64,125,164.015625,0,2
running,2025,9,17,2025-09-17T23:30:29Z,393.27,5.47731264039208,80.312,145,191.1875,0,0
running,2025,9,17,2025-09-17T23:31:26Z,160.77,9.57942857142857,57.414,152,161.15625,0,0
running,2025,9,17,2025-09-17T23:32:44Z,386.69,5.37415347625726,77.474,149,192.328125,0,0
running,2025,9,17,2025-09-17T23:33:46Z,162.48,10.3044179792547,62.418,155,158.1875,0,0
running,2025,9,17,2025-09-17T23:35:02Z,380.73,5.34310756972112,75.839,153,192.875,0,0
running,2025,9,17,2025-09-17T23:36:05Z,154.86,10.9523887300939,63.245,164,157.984375,0,0
running,2025,9,17,2025-09-17T23:37:21Z,392.26,5.19210220673635,75.933,157,189.4375,0,0
running,2025,9,17,2025-09-17T23:39:11Z,170.22,17.3271317829457,109.969,142,119.734375,0,0
running,2025,9,17,2025-09-17T23:40:27Z,390.16,5.25105716523101,76.382,133,187.9375,0,0
running,2025,9,17,2025-09-17T23:41:45Z,164.17,12.6223058823529,77.262,146,129.75,0,0
running,2025,9,17,2025-09-17T23:43:01Z,378.65,5.40883242589232,76.362,159,192,0,0
running,2025,9,17,2025-09-17T23:44:29Z,168.31,14.0064751958225,87.873,153,125.6875,0,0
running,2025,9,17,2025-09-17T23:45:45Z,381.44,5.36555311062212,76.305,148,185.734375,0,0
running,2025,9,17,2025-09-17T23:47:14Z,164.24,14.5378861788618,89.032,147,126.8125,0,0
running,2025,9,17,2025-09-17T23:48:31Z,392.57,5.22853801169591,76.525,159,189.3125,0,6
running,2025,9,17,2025-09-17T23:50:21Z,162.29,18.1600541638456,109.858,147,116.015625,2,0
running,2025,9,17,2025-09-17T23:54:18Z,698.26,9.04634064080944,235.473,154,158.015625,5,2
running,2025,9,20,2025-09-20T13:55:05Z,1609.34,9.34578397212544,560.687,125,164.203125,9,2
running,2025,9,20,2025-09-20T14:03:46Z,1609.34,8.68319844609906,521.01,141,163.828125,4,2
running,2025,9,20,2025-09-20T14:12:08Z,1609.34,8.3221843003413,499.261,144,166.046875,0,0
running,2025,9,20,2025-09-20T14:20:06Z,1609.34,7.96626076626077,477.985,148,167.96875,2,2
running,2025,9,20,2025-09-20T14:24:14Z,884.76,7.45273687135315,245.859,151,168.296875,0,2
running,2025,9,26,2025-09-26T13:15:35Z,1609.34,9.60687679083095,576.406,123,163.359375,18,0
running,2025,9,26,2025-09-26T13:24:55Z,1609.34,9.33277661795407,560.054,127,163.890625,2,11
running,2025,9,26,2025-09-26T13:33:29Z,1609.34,8.5639846743295,513.857,130,165.875,5,6
running,2025,9,26,2025-09-26T13:41:45Z,1609.34,8.27851851851852,496.678,141,166.078125,5,2
running,2025,9,26,2025-09-26T13:49:40Z,1609.34,7.91454706403069,474.83,148,167.953125,7,8
running,2025,9,26,2025-09-26T13:50:05Z,75.84,7.86350043975374,22.234,147,168,0,0
running,2025,9,28,2025-09-28T13:32:59Z,1609.34,9.05550303848751,543.259,137,161.140625,4,2
running,2025,9,28,2025-09-28T13:40:46Z,1609.34,7.77911832946636,466.784,136,168.234375,7,7
running,2025,9,28,2025-09-28T13:48:23Z,1609.34,7.6091914893617,456.552,139,169.234375,7,7
running,2025,9,28,2025-09-28T13:55:59Z,1609.34,7.6091914893617,456.505,148,169.578125,7,7
running,2025,9,28,2025-09-28T13:56:35Z,115.28,7.60703346568349,32.69,144,168.8125,0,0
running,2025,9,29,2025-09-29T12:38:04Z,1609.34,8.09366324683162,485.688,125,167.09375,6,0
running,2025,9,29,2025-09-29T12:45:11Z,1609.34,7.12036102999735,427.241,146,169.03125,3,0
running,2025,9,29,2025-09-29T12:45:16Z,14.06,8.17506857665346,4.285,145,161,0,0
running,2025,9,29,2025-09-29T12:54:47Z,1609.34,6.99046129788898,419.413,144,171.5,0,0
running,2025,9,29,2025-09-29T13:01:57Z,1609.34,7.16793158738642,430.028,150,170.59375,0,2
running,2025,9,29,2025-09-29T13:02:28Z,27.45,8.09122171945701,8.28,149,167,0,0
running,2025,10,2,2025-10-02T12:53:04Z,1609.34,9.27789692148046,556.592,126,164.515625,4,0
running,2025,10,2,2025-10-02T13:01:14Z,1609.34,8.16262933657943,489.788,142,167.0625,2,0
running,2025,10,2,2025-10-02T13:09:08Z,1609.34,7.90288744843842,474.233,144,167.59375,0,0
running,2025,10,2,2025-10-02T13:13:47Z,384.96,7.91454706403069,113.605,143,166.796875,0,0
running,2025,10,4,2025-10-04T13:17:10Z,1609.34,8.99778597785978,539.847,128,165.015625,18,0
running,2025,10,4,2025-10-04T13:25:18Z,1609.34,8.128,487.673,142,165.53125,5,12
running,2025,10,4,2025-10-04T13:29:41Z,868.16,8.14775212636695,263.72,144,165.078125,2,3
running,2025,10,4,2025-10-04T13:31:09Z,125.84,18.7438155136268,87.918,126,112.8125,0,0
running,2025,10,4,2025-10-04T13:39:01Z,1609.34,7.86119577960141,471.727,140,167.015625,2,2
running,2025,10,4,2025-10-04T13:46:43Z,1609.34,7.69432013769363,461.61,148,167.6875,9,9
running,2025,10,4,2025-10-04T13:49:46Z,676.86,7.16793158738642,180.887,151,169.6875,0,0
running,2025,10,7,2025-10-07T00:14:08Z,1609.34,8.53944603629417,512.342,133,165.953125,9,0
running,2025,10,7,2025-10-07T00:14:56Z,159.86,8.01386316103974,47.755,149,166.1875,0,2
running,2025,10,7,2025-10-07T00:20:58Z,1609.34,6.03292847503374,361.996,169,181.625,5,10
running,2025,10,7,2025-10-07T00:26:51Z,1609.34,5.8730895555069,352.405,188,180.109375,6,4
running,2025,10,7,2025-10-07T00:28:57Z,181.36,18.5750692520776,125.592,150,111.96875,0,0
running,2025,10,7,2025-10-07T00:37:11Z,1609.34,8.23530856616518,494.144,164,160.9375,9,9
running,2025,10,7,2025-10-07T00:43:49Z,1384.95,7.67231121281465,396.098,174,163.5625,0,7
running,2025,10,9,2025-10-09T00:15:21Z,1609.34,8.97670682730924,538.691,134,165.546875,2,0
running,2025,10,9,2025-10-09T00:23:24Z,1609.34,8.05235664965476,483.076,145,166.046875,0,0
running,2025,10,9,2025-10-09T00:30:53Z,1609.34,7.4818410041841,448.851,152,168.015625,2,2
running,2025,10,9,2025-10-09T00:33:08Z,466.93,7.29861224489796,127.069,154,167.5,0,0
cycling,2025,10,11,2025-10-11T21:42:16Z,8046.72,12.0118226600985,3608.024,137,513.984375,304,227
cycling,2025,10,11,2025-10-11T22:13:49Z,6787.51,7.39112703224029,1870.45,147,513.984375,118,216
cycling,2025,10,12,2025-10-12T20:25:36Z,8046.72,12.5514272344408,3766.305,140,513.984375,449,158
cycling,2025,10,12,2025-10-12T21:09:25Z,8046.72,8.76549019607843,2629.423,124,513.984375,87,352
cycling,2025,10,12,2025-10-12T21:20:19Z,2622.38,6.35903271692745,621.779,148,513.984375,35,63
running,2025,10,13,2025-10-13T18:02:16Z,1609.34,8.56125119693584,513.678,149,171.875,2,19
running,2025,10,13,2025-10-13T18:10:23Z,1609.34,8.1157034795764,486.923,150,170.453125,5,0
running,2025,10,13,2025-10-13T18:18:11Z,1609.34,7.79720930232558,467.81,149,170.078125,4,2
running,2025,10,13,2025-10-13T18:25:48Z,1609.34,7.62866894197952,457.751,161,171.609375,16,0
running,2025,10,13,2025-10-13T18:26:00Z,17.43,9.18260869565217,5.966,150,168.671875,0,0
running,2025,10,16,2025-10-16T00:01:41Z,1609.34,8.17506857665346,490.568,141,167.625,11,4
running,2025,10,16,2025-10-16T00:03:05Z,270.21,8.32735175411363,83.9,152,166.25,2,8
running,2025,10,16,2025-10-16T00:09:10Z,1609.34,6.08908059023837,365.327,157,176.171875,4,4
running,2025,10,16,2025-10-16T00:11:45Z,642.89,6.4384061449832,154.332,167,171.609375,3,2
running,2025,10,16,2025-10-16T00:13:15Z,124.18,19.4506163886875,90.019,147,111.671875,0,0
running,2025,10,16,2025-10-16T00:17:16Z,1109.68,5.82842242503259,241.109,141,174.828125,2,2
running,2025,10,16,2025-10-16T00:18:25Z,98.09,18.9423728813559,69.268,149,99.90625,0,0
running,2025,10,16,2025-10-16T00:20:02Z,418.17,6.19168975069252,96.536,146,169.625,0,2
running,2025,10,16,2025-10-16T00:21:08Z,102.17,17.4966731898239,66.63,153,105.8125,0,0
running,2025,10,16,2025-10-16T00:29:20Z,1609.34,8.20006114338123,492.064,165,159.546875,9,15
running,2025,10,16,2025-10-16T00:32:20Z,557.25,7.49647847959754,155.755,170,162.03125,4,2
running,2025,10,17,2025-10-17T22:10:42Z,1609.34,8.34029850746269,500.377,131,163.265625,0,0
running,2025,10,17,2025-10-17T22:18:47Z,1609.34,8.08634308109738,485.147,143,162.84375,0,3
running,2025,10,17,2025-10-17T22:26:47Z,1609.34,7.9995228153892,479.945,149,165.421875,9,12
running,2025,10,17,2025-10-17T22:30:14Z,281.54,7.84510090669786,82.336,154,165.765625,0,0
running,2025,10,18,2025-10-18T14:15:18Z,1609.34,9.17318741450068,550.352,130,164.46875,8,0
running,2025,10,18,2025-10-18T14:23:23Z,1609.34,8.08878166465621,485.337,144,166.953125,2,0
running,2025,10,18,2025-10-18T14:31:28Z,1609.34,8.08147032238626,484.953,145,167.984375,0,0
running,2025,10,18,2025-10-18T14:39:10Z,1609.34,7.69652797704448,461.795,149,168.046875,0,0
running,2025,10,18,2025-10-18T14:40:32Z,267.89,7.82907180385289,78.185,150,167.734375,0,2
cycling,2025,10,19,2025-10-19T00:44:42Z,8046.72,9.99344262295082,2997.641,117,513.984375,197,173
cycling,2025,10,19,2025-10-19T01:06:36Z,4720.2,7.37284222100055,1297.503,121,513.984375,54,72
running,2025,10,22,2025-10-22T21:15:12Z,1609.34,7.90055964653903,474.026,144,168.03125,0,0
running,2025,10,22,2025-10-22T21:22:51Z,1609.34,7.6373576309795,458.186,145,170.125,2,0
running,2025,10,22,2025-10-22T21:30:20Z,1609.34,7.47350236834773,448.395,150,169.75,0,9
running,2025,10,22,2025-10-22T21:37:38Z,1609.34,7.30855585831063,438.464,154,168.4375,4,2
running,2025,10,22,2025-10-22T21:45:14Z,1609.34,7.58981324278438,455.357,157,168.046875,11,2
running,2025,10,22,2025-10-22T21:52:46Z,1609.34,7.54073657576609,452.464,163,169.53125,10,18
running,2025,10,22,2025-10-22T21:59:57Z,1609.34,7.18136546184739,430.854,167,169.96875,0,2
running,2025,10,22,2025-10-22T22:07:08Z,1609.34,7.18328869844671,431.049,171,170.1875,2,0
running,2025,10,22,2025-10-22T22:08:42Z,316.67,7.71423641069888,91.082,167,167.984375,0,0
running,2025,10,23,2025-10-23T18:19:34Z,482.93,8.09610624811349,145.749,122,169.203125,0,0
running,2025,10,23,2025-10-23T18:24:58Z,1609.34,5.40992335619201,324.614,151,185.109375,4,0
running,2025,10,23,2025-10-23T18:26:50Z,160.3,18.6525730180807,111.465,136,111.109375,0,0
running,2025,10,23,2025-10-23T18:32:05Z,1609.34,5.25620223398001,315.366,139,184.421875,12,9
running,2025,10,23,2025-10-23T18:34:18Z,182.28,19.6213606437454,133.336,131,91.1875,0,3
running,2025,10,23,2025-10-23T18:41:43Z,1199.53,9.90121816168328,442.792,139,157.171875,2,0
running,2025,10,26,2025-10-26T00:19:21Z,1609.34,7.99475409836066,479.742,133,167.3125,7,2
running,2025,10,26,2025-10-26T00:19:59Z,132.64,7.58981324278438,37.537,149,166.140625,0,0
running,2025,10,26,2025-10-26T00:25:45Z,1609.34,5.77198192382182,346.334,172,182.203125,2,2
running,2025,10,26,2025-10-26T00:31:35Z,1609.34,5.83349282296651,349.977,184,180.15625,2,0
running,2025,10,26,2025-10-26T00:34:36Z,246.9,19.6070175438596,180.472,133,96.46875,0,2
running,2025,10,26,2025-10-26T00:40:35Z,1609.34,5.99517210549844,359.718,176,180.5625,18,22
running,2025,10,26,2025-10-26T00:44:55Z,1170.42,5.94073089700997,259.246,190,178.921875,23,16
running,2025,10,26,2025-10-26T00:48:56Z,251.4,20.9223088923557,241.829,132,106.96875,2,4
running,2025,10,26,2025-10-26T01:02:30Z,1609.34,8.58866474543708,813.856,151,149.609375,12,5
running,2025,10,26,2025-10-26T01:08:49Z,852,7.98999106344951,253.817,163,159.15625,3,0
running,2025,10,27,2025-10-27T23:32:25Z,1609.34,7.94737777777778,476.892,131,165.515625,2,0
running,2025,10,27,2025-10-27T23:40:07Z,1609.34,7.70315910396324,462.134,144,165.125,0,0
running,2025,10,27,2025-10-27T23:47:44Z,1609.34,7.6135112120352,456.847,141,165.953125,0,0
running,2025,10,27,2025-10-27T23:47:58Z,29.56,7.86119577960141,8.665,143,164,0,0
running,2025,10,31,2025-10-31T00:29:44Z,1609.34,8.9408,536.443,135,162.4375,2,0
running,2025,10,31,2025-10-31T00:38:15Z,1609.34,8.51775166719594,511.105,137,164.234375,2,0
running,2025,10,31,2025-10-31T00:46:45Z,1609.34,8.50424857324033,510.301,140,165.53125,2,11
running,2025,10,31,2025-10-31T00:49:59Z,501.39,7.60703346568349,142.19,142,166.0625,0,0
running,2025,11,2,2025-11-02T00:21:28Z,460.4,7.83135766423358,134.418,121,167.328125,0,0
running,2025,11,2,2025-11-02T00:27:27Z,1609.34,5.98714285714286,359.25,150,176.296875,2,0
running,2025,11,2,2025-11-02T00:33:21Z,1609.34,5.89892236639543,353.949,159,176.140625,2,12
running,2025,11,2,2025-11-02T00:38:58Z,1609.34,5.61372959397237,336.809,162,177.71875,2,2
running,2025,11,2,2025-11-02T00:39:35Z,175.39,5.74232498394348,37.551,168,177.78125,0,0
running,2025,11,2,2025-11-02T00:41:43Z,187.67,18.2465306122449,127.697,145,104.375,0,0
running,2025,11,2,2025-11-02T00:48:31Z,1302.28,8.30414860681115,403.198,144,156,2,2
running,2025,11,4,2025-11-04T01:09:23Z,1609.34,8.41619077502353,504.936,145,165.140625,2,0
running,2025,11,4,2025-11-04T01:18:02Z,1609.34,8.65517909002904,519.384,151,163.203125,0,0
running,2025,11,4,2025-11-04T01:26:16Z,1609.34,8.23783783783784,494.227,156,164.34375,3,4
running,2025,11,4,2025-11-04T01:34:09Z,1609.34,7.87504403992954,472.525,153,163.109375,0,0
running,2025,11,4,2025-11-04T01:35:47Z,155.56,6.9977563266371,40.581,144,164.34375,0,0
running,2025,11,5,2025-11-05T22:42:27Z,506.94,7.40541137493098,139.968,132,170.375,0,0
running,2025,11,5,2025-11-05T22:48:22Z,1609.34,5.9223669684257,355.325,160,181.90625,3,0
running,2025,11,5,2025-11-05T22:54:24Z,1609.34,6.0261514266457,361.604,168,181.875,2,2
running,2025,11,5,2025-11-05T23:00:23Z,1609.34,5.99115479115479,359.499,176,177.75,3,9
running,2025,11,5,2025-11-05T23:01:06Z,189.13,6.04380351509689,42.614,179,174.828125,0,0
running,2025,11,5,2025-11-05T23:03:11Z,165.7,20.32,125.56,145,100.890625,0,2
running,2025,11,5,2025-11-05T23:11:33Z,1609.34,8.36892355694228,502.204,148,158.9375,7,14
running,2025,11,5,2025-11-05T23:11:49Z,46.21,7.73425605536332,13.322,152,161,0,0
running,2025,11,8,2025-11-08T18:42:07Z,1609.34,8.61625441696113,516.992,137,164.3125,0,0
running,2025,11,8,2025-11-08T18:50:10Z,1609.34,8.04752475247525,482.905,147,165.8125,4,2
running,2025,11,8,2025-11-08T18:58:11Z,1609.34,8.02585278276481,481.549,145,165.71875,2,4
running,2025,11,8,2025-11-08T19:05:59Z,1609.34,7.80174520069808,468.1,150,167.328125,2,3
running,2025,11,8,2025-11-08T19:08:42Z,561.6,7.5111733408009,157.262,154,167.578125,2,0
running,2025,11,9,2025-11-09T18:13:12Z,1609.34,9.05244684441444,543.173,136,172.34375,98,0
running,2025,11,9,2025-11-09T18:24:20Z,1609.34,10.4003101977511,667.563,135,179.34375,29,119
running,2025,11,9,2025-11-09T18:33:00Z,1555.35,8.96770310932798,520.042,168,170.671875,117,0
running,2025,11,9,2025-11-09T18:33:56Z,63.77,23.4052356020942,55.633,167,85.453125,0,0
running,2025,11,9,2025-11-09T18:42:42Z,1609.34,8.77409224730128,526.424,137,173.953125,0,117
running,2025,11,9,2025-11-09T18:43:42Z,210.06,7.30258644160087,57.194,156,174.0625,0,2
running,2025,11,10,2025-11-10T22:58:01Z,1609.34,9.33277661795407,560.025,142,171.15625,14,16
running,2025,11,10,2025-11-10T23:07:01Z,1609.34,8.99778597785978,539.904,144,171.53125,20,17
running,2025,11,10,2025-11-10T23:15:20Z,1609.34,8.3221843003413,499.344,147,171.015625,19,4
running,2025,11,10,2025-11-10T23:23:58Z,202.45,8.43471698113208,63.658,147,170.375,0,2
running,2025,11,13,2025-11-13T00:32:27Z,1609.34,9.15440273037543,549.203,141,175.953125,15,5
running,2025,11,13,2025-11-13T00:41:44Z,1609.34,9.3004160887656,557.972,147,169.890625,9,4
running,2025,11,13,2025-11-13T00:42:49Z,156.9,8.9081368316174,52.103,146,168.109375,0,0
running,2025,11,15,2025-11-15T23:26:43Z,1609.34,7.80628637951106,468.353,140,172.9375,17,9
running,2025,11,15,2025-11-15T23:26:57Z,47.59,7.8519906323185,13.933,150,177.84375,0,2
running,2025,11,15,2025-11-15T23:32:36Z,1609.34,5.65158027812895,339.092,158,186.546875,17,7
running,2025,11,15,2025-11-15T23:34:36Z,173.53,18.562214532872,120.092,138,109.140625,0,0
running,2025,11,15,2025-11-15T23:39:58Z,1609.34,5.36555311062212,321.932,145,185.546875,2,11
running,2025,11,15,2025-11-15T23:41:34Z,160.06,15.9847437425507,95.363,144,118.375,0,2
running,2025,11,15,2025-11-15T23:49:33Z,1510.03,8.48005058488777,477.358,145,163.0625,12,9
running,2025,11,18,2025-11-18T00:33:45Z,1609.34,8.54760994263862,512.87,144,167.640625,7,5
running,2025,11,18,2025-11-18T00:42:06Z,1609.34,8.34548848786559,500.662,156,165.546875,13,11
running,2025,11,18,2025-11-18T00:44:07Z,374.26,8.66356589147287,120.886,156,163.9375,0,0
running,2025,11,18,2025-11-18T00:46:07Z,163.42,19.7513991163476,120.346,151,98.75,0,0
running,2025,11,18,2025-11-18T00:54:10Z,1609.34,8.04028776978417,482.42,165,162.359375,5,9
running,2025,11,18,2025-11-18T01:01:45Z,1609.34,7.58766619519095,455.231,171,165.640625,12,10
running,2025,11,18,2025-11-18T01:02:50Z,207.21,7.21614205004036,55.75,173,164.859375,2,2
running,2025,11,20,2025-11-20T01:10:16Z,1302.98,8.38462019381057,407.288,127,166.28125,2,0
running,2025,11,20,2025-11-20T01:11:35Z,427.43,4.96068059922323,79.053,141,190.546875,0,0
running,2025,11,20,2025-11-20T01:12:43Z,213.53,8.51234528721041,67.773,148,160.671875,0,0
running,2025,11,20,2025-11-20T01:14:01Z,425.93,4.88924535180459,77.642,160,190.578125,0,2
running,2025,11,20,2025-11-20T01:15:03Z,197.52,8.448,62.202,155,162.890625,0,0
running,2025,11,20,2025-11-20T01:16:19Z,414.78,4.88301474604042,75.517,156,192.9375,2,0
running,2025,11,20,2025-11-20T01:17:31Z,215.68,8.95273698264352,71.982,162,162,0,0
running,2025,11,20,2025-11-20T01:18:49Z,422.45,4.95243722304284,77.998,159,192.109375,0,0
running,2025,11,20,2025-11-20T01:27:05Z,1609.34,8.27851851851852,496.693,155,161.71875,2,2
running,2025,11,20,2025-11-20T01:27:30Z,72.7,8.33770593720858,22.599,151,162.046875,0,0
running,2025,11,24,2025-11-24T14:24:28Z,1609.34,8.79422950819672,527.68,132,166.4375,19,0
running,2025,11,24,2025-11-24T14:33:32Z,1609.34,9.06162162162162,543.691,143,168.4375,4,13
running,2025,11,24,2025-11-24T14:41:40Z,1609.34,8.13046377690209,487.895,151,169.96875,13,10
running,2025,11,24,2025-11-24T14:49:05Z,1609.34,7.41155015197568,444.702,152,171.796875,0,2
running,2025,11,24,2025-11-24T14:55:33Z,1381.88,7.4776693615835,385.274,155,170.3125,0,0
running,2025,11,26,2025-11-26T14:30:30Z,1609.34,9.49801699716714,569.971,138,167.5,18,0
running,2025,11,26,2025-11-26T14:39:55Z,1609.34,9.4279086115993,565.721,144,166.921875,2,9
running,2025,11,26,2025-11-26T14:48:09Z,1609.34,8.21764705882353,493.132,153,169.125,2,3
running,2025,11,26,2025-11-26T14:56:11Z,1609.34,8.03547034152187,482.197,161,169.71875,10,9
running,2025,11,26,2025-11-26T14:57:24Z,231.05,7.43620737454949,64.051,170,170.53125,0,0
running,2025,11,27,2025-11-27T21:02:16Z,1609.34,8.25558633425669,495.405,137,169.484375,9,0
running,2025,11,27,2025-11-27T21:09:52Z,1609.34,7.58981324278438,455.373,152,168.34375,4,2
running,2025,11,27,2025-11-27T21:17:19Z,1609.34,7.45480822679266,447.283,154,172.1875,2,0
running,2025,11,27,2025-11-27T21:24:32Z,1609.34,7.22391597091301,433.437,155,172.46875,10,4
running,2025,11,27,2025-11-27T21:31:45Z,1609.34,7.20644814615798,432.375,159,172.84375,5,19
running,2025,11,27,2025-11-27T21:32:18Z,34.46,8.22520699172033,10.568,151,171.203125,0,0
running,2025,11,30,2025-11-30T23:49:05Z,1609.34,8.22773006134969,493.592,142,172.671875,11,0
running,2025,11,30,2025-11-30T23:57:51Z,1609.34,8.77409224730128,526.463,147,173.796875,2,2
running,2025,12,1,2025-12-01T00:06:04Z,1609.34,8.2226854690374,493.328,152,174.421875,5,5
running,2025,12,1,2025-12-01T00:13:41Z,1609.34,7.61567291311755,456.943,155,174.578125,0,2
running,2025,12,1,2025-12-01T00:14:12Z,46.17,8.19755501222494,14.113,158,175.21875,0,0
running,2025,12,2,2025-12-02T00:26:57Z,1609.34,8.42676720075401,505.59,143,170.234375,14,31
running,2025,12,2,2025-12-02T00:34:40Z,1609.34,7.71423641069888,462.804,157,171.828125,2,0
running,2025,12,2,2025-12-02T00:42:51Z,1609.34,7.45688073394495,447.398,154,172.28125,0,0
running,2025,12,2,2025-12-02T00:50:03Z,1609.34,7.19099195710456,431.431,156,172.4375,0,4
running,2025,12,2,2025-12-02T00:50:38Z,90.09,10.0383233532934,33.716,164,133.875,0,0
running,2025,12,6,2025-12-06T00:42:43Z,1609.34,7.36676737160121,441.957,144,173.1875,6,16
running,2025,12,6,2025-12-06T00:48:53Z,1609.34,6.16606896551724,369.928,160,180.671875,2,0
running,2025,12,6,2025-12-06T00:55:12Z,1609.34,6.30818438381938,378.461,166,181.609375,2,2
running,2025,12,6,2025-12-06T00:56:11Z,161.83,7.80174520069808,47.072,176,169.828125,0,0
running,2025,12,7,2025-12-07T21:55:37Z,1609.34,8.51504761904762,566.586,129,168.640625,28,50
running,2025,12,7,2025-12-07T22:05:11Z,1609.34,9.56576319543509,573.951,136,171.6875,0,171
running,2025,12,7,2025-12-07T22:15:56Z,1609.34,10.7461538461538,644.669,142,165.34375,25,48
running,2025,12,7,2025-12-07T22:29:40Z,1609.34,12.5221288515406,823.71,138,165.40625,117,38
running,2025,12,7,2025-12-07T22:44:16Z,1609.34,12.7,762.022,141,156.546875,131,50
running,2025,12,7,2025-12-07T22:54:15Z,1609.34,10.0008948545861,599.96,150,167.296875,56,29
running,2025,12,7,2025-12-07T23:04:18Z,1609.34,10.0345679012346,602.112,156,166.625,76,26
running,2025,12,7,2025-12-07T23:13:14Z,1609.34,8.9408,536.523,151,164.921875,30,35
running,2025,12,7,2025-12-07T23:13:36Z,33.95,8.55578947368421,10.828,158,166.8125,0,0
